name of file,donor,islet,glucose,cell number,cell type,R64 file,npy file
0000_alpha,20210630,P3H1,2 mM,alpha2,alpha,G:\My Drive\PhD\CAPTUR3D_personal\00 Progetti\CellTypeRecognition_DeepLearning\input\R64 files\20210630\P3H1\alpha\alpha2_1.R64,G:\My Drive\PhD\CAPTUR3D_personal\00 Progetti\CellTypeRecognition_DeepLearning\input\numpy files\0000_alpha.npy
0001_alpha,20210630,P3H1,2 mM,alpha2,alpha,G:\My Drive\PhD\CAPTUR3D_personal\00 Progetti\CellTypeRecognition_DeepLearning\input\R64 files\20210630\P3H1\alpha\alpha2_2.R64,G:\My Drive\PhD\CAPTUR3D_personal\00 Progetti\CellTypeRecognition_DeepLearning\input\numpy files\0001_alpha.npy
0002_alpha,20210630,P3H1,2 mM,alpha2,alpha,G:\My Drive\PhD\CAPTUR3D_personal\00 Progetti\CellTypeRecognition_DeepLearning\input\R64 files\20210630\P3H1\alpha\alpha2_3.R64,G:\My Drive\PhD\CAPTUR3D_personal\00 Progetti\CellTypeRecognition_DeepLearning\input\numpy files\0002_alpha.npy
0003_alpha,20210630,P3H1,2 mM,alpha2,alpha,G:\My Drive\PhD\CAPTUR3D_personal\00 Progetti\CellTypeRecognition_DeepLearning\input\R64 files\20210630\P3H1\alpha\alpha2_4.R64,G:\My Drive\PhD\CAPTUR3D_personal\00 Progetti\CellTypeRecognition_DeepLearning\input\numpy files\0003_alpha.npy
0004_alpha,20210630,P3H1,1 mM,alpha16,alpha,G:\My Drive\PhD\CAPTUR3D_personal\00 Progetti\CellTypeRecognition_DeepLearning\input\R64 files\20210630\P3H1\alpha\alpha16_1.R64,G:\My Drive\PhD\CAPTUR3D_personal\00 Progetti\CellTypeRecognition_DeepLearning\input\numpy files\0004_alpha.npy
0005_alpha,20210630,P3H1,1 mM,alpha16,alpha,G:\My Drive\PhD\CAPTUR3D_personal\00 Progetti\CellTypeRecognition_DeepLearning\input\R64 files\20210630\P3H1\alpha\alpha16_2.R64,G:\My Drive\PhD\CAPTUR3D_personal\00 Progetti\CellTypeRecognition_DeepLearning\input\numpy files\0005_alpha.npy
0006_alpha,20210630,P3H1,1 mM,alpha16,alpha,G:\My Drive\PhD\CAPTUR3D_personal\00 Progetti\CellTypeRecognition_DeepLearning\input\R64 files\20210630\P3H1\alpha\alpha16_3.R64,G:\My Drive\PhD\CAPTUR3D_personal\00 Progetti\CellTypeRecognition_DeepLearning\input\numpy files\0006_alpha.npy
0007_alpha,20210630,P3H1,1 mM,alpha16,alpha,G:\My Drive\PhD\CAPTUR3D_personal\00 Progetti\CellTypeRecognition_DeepLearning\input\R64 files\20210630\P3H1\alpha\alpha16_4.R64,G:\My Drive\PhD\CAPTUR3D_personal\00 Progetti\CellTypeRecognition_DeepLearning\input\numpy files\0007_alpha.npy
0008_beta,20210630,P3H1,2 mM,beta2,beta,G:\My Drive\PhD\CAPTUR3D_personal\00 Progetti\CellTypeRecognition_DeepLearning\input\R64 files\20210630\P3H1\beta\beta2_1.R64,G:\My Drive\PhD\CAPTUR3D_personal\00 Progetti\CellTypeRecognition_DeepLearning\input\numpy files\0008_beta.npy
0009_beta,20210630,P3H1,2 mM,beta2,beta,G:\My Drive\PhD\CAPTUR3D_personal\00 Progetti\CellTypeRecognition_DeepLearning\input\R64 files\20210630\P3H1\beta\beta2_2.R64,G:\My Drive\PhD\CAPTUR3D_personal\00 Progetti\CellTypeRecognition_DeepLearning\input\numpy files\0009_beta.npy
0010_beta,20210630,P3H1,2 mM,beta2,beta,G:\My Drive\PhD\CAPTUR3D_personal\00 Progetti\CellTypeRecognition_DeepLearning\input\R64 files\20210630\P3H1\beta\beta2_3.R64,G:\My Drive\PhD\CAPTUR3D_personal\00 Progetti\CellTypeRecognition_DeepLearning\input\numpy files\0010_beta.npy
0011_beta,20210630,P3H1,2 mM,beta2,beta,G:\My Drive\PhD\CAPTUR3D_personal\00 Progetti\CellTypeRecognition_DeepLearning\input\R64 files\20210630\P3H1\beta\beta2_4.R64,G:\My Drive\PhD\CAPTUR3D_personal\00 Progetti\CellTypeRecognition_DeepLearning\input\numpy files\0011_beta.npy
0012_beta,20210630,P3H1,2 mM,beta2,beta,G:\My Drive\PhD\CAPTUR3D_personal\00 Progetti\CellTypeRecognition_DeepLearning\input\R64 files\20210630\P3H1\beta\beta2_5.R64,G:\My Drive\PhD\CAPTUR3D_personal\00 Progetti\CellTypeRecognition_DeepLearning\input\numpy files\0012_beta.npy
0013_beta,20210630,P3H1,2 mM,beta2,beta,G:\My Drive\PhD\CAPTUR3D_personal\00 Progetti\CellTypeRecognition_DeepLearning\input\R64 files\20210630\P3H1\beta\beta2_6.R64,G:\My Drive\PhD\CAPTUR3D_personal\00 Progetti\CellTypeRecognition_DeepLearning\input\numpy files\0013_beta.npy
0014_beta,20210630,P3H1,2 mM,beta2,beta,G:\My Drive\PhD\CAPTUR3D_personal\00 Progetti\CellTypeRecognition_DeepLearning\input\R64 files\20210630\P3H1\beta\beta2_7.R64,G:\My Drive\PhD\CAPTUR3D_personal\00 Progetti\CellTypeRecognition_DeepLearning\input\numpy files\0014_beta.npy
0015_beta,20210630,P3H1,2 mM,beta2,beta,G:\My Drive\PhD\CAPTUR3D_personal\00 Progetti\CellTypeRecognition_DeepLearning\input\R64 files\20210630\P3H1\beta\beta2_8.R64,G:\My Drive\PhD\CAPTUR3D_personal\00 Progetti\CellTypeRecognition_DeepLearning\input\numpy files\0015_beta.npy
0016_beta,20210630,P3H1,2 mM,beta2,beta,G:\My Drive\PhD\CAPTUR3D_personal\00 Progetti\CellTypeRecognition_DeepLearning\input\R64 files\20210630\P3H1\beta\beta2_9.R64,G:\My Drive\PhD\CAPTUR3D_personal\00 Progetti\CellTypeRecognition_DeepLearning\input\numpy files\0016_beta.npy
0017_beta,20210630,P3H1,2 mM,beta2,beta,G:\My Drive\PhD\CAPTUR3D_personal\00 Progetti\CellTypeRecognition_DeepLearning\input\R64 files\20210630\P3H1\beta\beta2_10.R64,G:\My Drive\PhD\CAPTUR3D_personal\00 Progetti\CellTypeRecognition_DeepLearning\input\numpy files\0017_beta.npy
0018_beta,20210630,P3H1,2 mM,beta2,beta,G:\My Drive\PhD\CAPTUR3D_personal\00 Progetti\CellTypeRecognition_DeepLearning\input\R64 files\20210630\P3H1\beta\beta2_11.R64,G:\My Drive\PhD\CAPTUR3D_personal\00 Progetti\CellTypeRecognition_DeepLearning\input\numpy files\0018_beta.npy
0019_beta,20210630,P3H1,2 mM,beta2,beta,G:\My Drive\PhD\CAPTUR3D_personal\00 Progetti\CellTypeRecognition_DeepLearning\input\R64 files\20210630\P3H1\beta\beta2_12.R64,G:\My Drive\PhD\CAPTUR3D_personal\00 Progetti\CellTypeRecognition_DeepLearning\input\numpy files\0019_beta.npy
0020_beta,20210630,P3H1,2 mM,beta2,beta,G:\My Drive\PhD\CAPTUR3D_personal\00 Progetti\CellTypeRecognition_DeepLearning\input\R64 files\20210630\P3H1\beta\beta2_13.R64,G:\My Drive\PhD\CAPTUR3D_personal\00 Progetti\CellTypeRecognition_DeepLearning\input\numpy files\0020_beta.npy
0021_beta,20210630,P3H1,2 mM,beta2,beta,G:\My Drive\PhD\CAPTUR3D_personal\00 Progetti\CellTypeRecognition_DeepLearning\input\R64 files\20210630\P3H1\beta\beta2_14.R64,G:\My Drive\PhD\CAPTUR3D_personal\00 Progetti\CellTypeRecognition_DeepLearning\input\numpy files\0021_beta.npy
0022_beta,20210630,P3H1,2 mM,beta2,beta,G:\My Drive\PhD\CAPTUR3D_personal\00 Progetti\CellTypeRecognition_DeepLearning\input\R64 files\20210630\P3H1\beta\beta2_15.R64,G:\My Drive\PhD\CAPTUR3D_personal\00 Progetti\CellTypeRecognition_DeepLearning\input\numpy files\0022_beta.npy
0023_beta,20210630,P3H1,2 mM,beta2,beta,G:\My Drive\PhD\CAPTUR3D_personal\00 Progetti\CellTypeRecognition_DeepLearning\input\R64 files\20210630\P3H1\beta\beta2_16.R64,G:\My Drive\PhD\CAPTUR3D_personal\00 Progetti\CellTypeRecognition_DeepLearning\input\numpy files\0023_beta.npy
0024_beta,20210630,P3H1,2 mM,beta2,beta,G:\My Drive\PhD\CAPTUR3D_personal\00 Progetti\CellTypeRecognition_DeepLearning\input\R64 files\20210630\P3H1\beta\beta2_17.R64,G:\My Drive\PhD\CAPTUR3D_personal\00 Progetti\CellTypeRecognition_DeepLearning\input\numpy files\0024_beta.npy
0025_beta,20210630,P3H1,2 mM,beta2,beta,G:\My Drive\PhD\CAPTUR3D_personal\00 Progetti\CellTypeRecognition_DeepLearning\input\R64 files\20210630\P3H1\beta\beta2_18.R64,G:\My Drive\PhD\CAPTUR3D_personal\00 Progetti\CellTypeRecognition_DeepLearning\input\numpy files\0025_beta.npy
0026_beta,20210630,P3H1,2 mM,beta2,beta,G:\My Drive\PhD\CAPTUR3D_personal\00 Progetti\CellTypeRecognition_DeepLearning\input\R64 files\20210630\P3H1\beta\beta2_19.R64,G:\My Drive\PhD\CAPTUR3D_personal\00 Progetti\CellTypeRecognition_DeepLearning\input\numpy files\0026_beta.npy
0027_beta,20210630,P3H1,2 mM,beta2,beta,G:\My Drive\PhD\CAPTUR3D_personal\00 Progetti\CellTypeRecognition_DeepLearning\input\R64 files\20210630\P3H1\beta\beta2_20.R64,G:\My Drive\PhD\CAPTUR3D_personal\00 Progetti\CellTypeRecognition_DeepLearning\input\numpy files\0027_beta.npy
0028_beta,20210630,P3H1,2 mM,beta2,beta,G:\My Drive\PhD\CAPTUR3D_personal\00 Progetti\CellTypeRecognition_DeepLearning\input\R64 files\20210630\P3H1\beta\beta2_21.R64,G:\My Drive\PhD\CAPTUR3D_personal\00 Progetti\CellTypeRecognition_DeepLearning\input\numpy files\0028_beta.npy
0029_beta,20210630,P3H1,2 mM,beta2,beta,G:\My Drive\PhD\CAPTUR3D_personal\00 Progetti\CellTypeRecognition_DeepLearning\input\R64 files\20210630\P3H1\beta\beta2_22.R64,G:\My Drive\PhD\CAPTUR3D_personal\00 Progetti\CellTypeRecognition_DeepLearning\input\numpy files\0029_beta.npy
0030_beta,20210630,P3H1,2 mM,beta2,beta,G:\My Drive\PhD\CAPTUR3D_personal\00 Progetti\CellTypeRecognition_DeepLearning\input\R64 files\20210630\P3H1\beta\beta2_23.R64,G:\My Drive\PhD\CAPTUR3D_personal\00 Progetti\CellTypeRecognition_DeepLearning\input\numpy files\0030_beta.npy
0031_beta,20210630,P3H1,2 mM,beta2,beta,G:\My Drive\PhD\CAPTUR3D_personal\00 Progetti\CellTypeRecognition_DeepLearning\input\R64 files\20210630\P3H1\beta\beta2_24.R64,G:\My Drive\PhD\CAPTUR3D_personal\00 Progetti\CellTypeRecognition_DeepLearning\input\numpy files\0031_beta.npy
0032_beta,20210630,P3H1,2 mM,beta2,beta,G:\My Drive\PhD\CAPTUR3D_personal\00 Progetti\CellTypeRecognition_DeepLearning\input\R64 files\20210630\P3H1\beta\beta2_25.R64,G:\My Drive\PhD\CAPTUR3D_personal\00 Progetti\CellTypeRecognition_DeepLearning\input\numpy files\0032_beta.npy
0033_beta,20210630,P3H1,2 mM,beta2,beta,G:\My Drive\PhD\CAPTUR3D_personal\00 Progetti\CellTypeRecognition_DeepLearning\input\R64 files\20210630\P3H1\beta\beta2_26.R64,G:\My Drive\PhD\CAPTUR3D_personal\00 Progetti\CellTypeRecognition_DeepLearning\input\numpy files\0033_beta.npy
0034_beta,20210630,P3H1,2 mM,beta2,beta,G:\My Drive\PhD\CAPTUR3D_personal\00 Progetti\CellTypeRecognition_DeepLearning\input\R64 files\20210630\P3H1\beta\beta2_27.R64,G:\My Drive\PhD\CAPTUR3D_personal\00 Progetti\CellTypeRecognition_DeepLearning\input\numpy files\0034_beta.npy
0035_beta,20210630,P3H1,2 mM,beta2,beta,G:\My Drive\PhD\CAPTUR3D_personal\00 Progetti\CellTypeRecognition_DeepLearning\input\R64 files\20210630\P3H1\beta\beta2_28.R64,G:\My Drive\PhD\CAPTUR3D_personal\00 Progetti\CellTypeRecognition_DeepLearning\input\numpy files\0035_beta.npy
0036_beta,20210630,P3H1,2 mM,beta2,beta,G:\My Drive\PhD\CAPTUR3D_personal\00 Progetti\CellTypeRecognition_DeepLearning\input\R64 files\20210630\P3H1\beta\beta2_29.R64,G:\My Drive\PhD\CAPTUR3D_personal\00 Progetti\CellTypeRecognition_DeepLearning\input\numpy files\0036_beta.npy
0037_beta,20210630,P3H1,2 mM,beta2,beta,G:\My Drive\PhD\CAPTUR3D_personal\00 Progetti\CellTypeRecognition_DeepLearning\input\R64 files\20210630\P3H1\beta\beta2_30.R64,G:\My Drive\PhD\CAPTUR3D_personal\00 Progetti\CellTypeRecognition_DeepLearning\input\numpy files\0037_beta.npy
0038_beta,20210630,P3H1,2 mM,beta2,beta,G:\My Drive\PhD\CAPTUR3D_personal\00 Progetti\CellTypeRecognition_DeepLearning\input\R64 files\20210630\P3H1\beta\beta2_31.R64,G:\My Drive\PhD\CAPTUR3D_personal\00 Progetti\CellTypeRecognition_DeepLearning\input\numpy files\0038_beta.npy
0039_beta,20210630,P3H1,2 mM,beta2,beta,G:\My Drive\PhD\CAPTUR3D_personal\00 Progetti\CellTypeRecognition_DeepLearning\input\R64 files\20210630\P3H1\beta\beta2_32.R64,G:\My Drive\PhD\CAPTUR3D_personal\00 Progetti\CellTypeRecognition_DeepLearning\input\numpy files\0039_beta.npy
0040_beta,20210630,P3H1,2 mM,beta2,beta,G:\My Drive\PhD\CAPTUR3D_personal\00 Progetti\CellTypeRecognition_DeepLearning\input\R64 files\20210630\P3H1\beta\beta2_33.R64,G:\My Drive\PhD\CAPTUR3D_personal\00 Progetti\CellTypeRecognition_DeepLearning\input\numpy files\0040_beta.npy
0041_beta,20210630,P3H1,2 mM,beta2,beta,G:\My Drive\PhD\CAPTUR3D_personal\00 Progetti\CellTypeRecognition_DeepLearning\input\R64 files\20210630\P3H1\beta\beta2_34.R64,G:\My Drive\PhD\CAPTUR3D_personal\00 Progetti\CellTypeRecognition_DeepLearning\input\numpy files\0041_beta.npy
0042_beta,20210630,P3H1,2 mM,beta2,beta,G:\My Drive\PhD\CAPTUR3D_personal\00 Progetti\CellTypeRecognition_DeepLearning\input\R64 files\20210630\P3H1\beta\beta2_35.R64,G:\My Drive\PhD\CAPTUR3D_personal\00 Progetti\CellTypeRecognition_DeepLearning\input\numpy files\0042_beta.npy
0043_beta,20210630,P3H1,2 mM,beta2,beta,G:\My Drive\PhD\CAPTUR3D_personal\00 Progetti\CellTypeRecognition_DeepLearning\input\R64 files\20210630\P3H1\beta\beta2_36.R64,G:\My Drive\PhD\CAPTUR3D_personal\00 Progetti\CellTypeRecognition_DeepLearning\input\numpy files\0043_beta.npy
0044_beta,20210630,P3H1,2 mM,beta2,beta,G:\My Drive\PhD\CAPTUR3D_personal\00 Progetti\CellTypeRecognition_DeepLearning\input\R64 files\20210630\P3H1\beta\beta2_37.R64,G:\My Drive\PhD\CAPTUR3D_personal\00 Progetti\CellTypeRecognition_DeepLearning\input\numpy files\0044_beta.npy
0045_beta,20210630,P3H1,2 mM,beta2,beta,G:\My Drive\PhD\CAPTUR3D_personal\00 Progetti\CellTypeRecognition_DeepLearning\input\R64 files\20210630\P3H1\beta\beta2_38.R64,G:\My Drive\PhD\CAPTUR3D_personal\00 Progetti\CellTypeRecognition_DeepLearning\input\numpy files\0045_beta.npy
0046_beta,20210630,P3H1,2 mM,beta2,beta,G:\My Drive\PhD\CAPTUR3D_personal\00 Progetti\CellTypeRecognition_DeepLearning\input\R64 files\20210630\P3H1\beta\beta2_39.R64,G:\My Drive\PhD\CAPTUR3D_personal\00 Progetti\CellTypeRecognition_DeepLearning\input\numpy files\0046_beta.npy
0047_beta,20210630,P3H1,2 mM,beta2,beta,G:\My Drive\PhD\CAPTUR3D_personal\00 Progetti\CellTypeRecognition_DeepLearning\input\R64 files\20210630\P3H1\beta\beta2_40.R64,G:\My Drive\PhD\CAPTUR3D_personal\00 Progetti\CellTypeRecognition_DeepLearning\input\numpy files\0047_beta.npy
0048_beta,20210630,P3H1,2 mM,beta2,beta,G:\My Drive\PhD\CAPTUR3D_personal\00 Progetti\CellTypeRecognition_DeepLearning\input\R64 files\20210630\P3H1\beta\beta2_41.R64,G:\My Drive\PhD\CAPTUR3D_personal\00 Progetti\CellTypeRecognition_DeepLearning\input\numpy files\0048_beta.npy
0049_beta,20210630,P3H1,2 mM,beta2,beta,G:\My Drive\PhD\CAPTUR3D_personal\00 Progetti\CellTypeRecognition_DeepLearning\input\R64 files\20210630\P3H1\beta\beta2_42.R64,G:\My Drive\PhD\CAPTUR3D_personal\00 Progetti\CellTypeRecognition_DeepLearning\input\numpy files\0049_beta.npy
0050_beta,20210630,P3H1,2 mM,beta2,beta,G:\My Drive\PhD\CAPTUR3D_personal\00 Progetti\CellTypeRecognition_DeepLearning\input\R64 files\20210630\P3H1\beta\beta2_43.R64,G:\My Drive\PhD\CAPTUR3D_personal\00 Progetti\CellTypeRecognition_DeepLearning\input\numpy files\0050_beta.npy
0051_beta,20210630,P3H1,2 mM,beta2,beta,G:\My Drive\PhD\CAPTUR3D_personal\00 Progetti\CellTypeRecognition_DeepLearning\input\R64 files\20210630\P3H1\beta\beta2_44.R64,G:\My Drive\PhD\CAPTUR3D_personal\00 Progetti\CellTypeRecognition_DeepLearning\input\numpy files\0051_beta.npy
0052_beta,20210630,P3H1,2 mM,beta2,beta,G:\My Drive\PhD\CAPTUR3D_personal\00 Progetti\CellTypeRecognition_DeepLearning\input\R64 files\20210630\P3H1\beta\beta2_45.R64,G:\My Drive\PhD\CAPTUR3D_personal\00 Progetti\CellTypeRecognition_DeepLearning\input\numpy files\0052_beta.npy
0053_beta,20210630,P3H1,2 mM,beta2,beta,G:\My Drive\PhD\CAPTUR3D_personal\00 Progetti\CellTypeRecognition_DeepLearning\input\R64 files\20210630\P3H1\beta\beta2_46.R64,G:\My Drive\PhD\CAPTUR3D_personal\00 Progetti\CellTypeRecognition_DeepLearning\input\numpy files\0053_beta.npy
0054_beta,20210630,P3H1,2 mM,beta2,beta,G:\My Drive\PhD\CAPTUR3D_personal\00 Progetti\CellTypeRecognition_DeepLearning\input\R64 files\20210630\P3H1\beta\beta2_47.R64,G:\My Drive\PhD\CAPTUR3D_personal\00 Progetti\CellTypeRecognition_DeepLearning\input\numpy files\0054_beta.npy
0055_beta,20210630,P3H1,1 mM,beta16,beta,G:\My Drive\PhD\CAPTUR3D_personal\00 Progetti\CellTypeRecognition_DeepLearning\input\R64 files\20210630\P3H1\beta\beta16_1.R64,G:\My Drive\PhD\CAPTUR3D_personal\00 Progetti\CellTypeRecognition_DeepLearning\input\numpy files\0055_beta.npy
0056_beta,20210630,P3H1,1 mM,beta16,beta,G:\My Drive\PhD\CAPTUR3D_personal\00 Progetti\CellTypeRecognition_DeepLearning\input\R64 files\20210630\P3H1\beta\beta16_2.R64,G:\My Drive\PhD\CAPTUR3D_personal\00 Progetti\CellTypeRecognition_DeepLearning\input\numpy files\0056_beta.npy
0057_beta,20210630,P3H1,1 mM,beta16,beta,G:\My Drive\PhD\CAPTUR3D_personal\00 Progetti\CellTypeRecognition_DeepLearning\input\R64 files\20210630\P3H1\beta\beta16_3.R64,G:\My Drive\PhD\CAPTUR3D_personal\00 Progetti\CellTypeRecognition_DeepLearning\input\numpy files\0057_beta.npy
0058_beta,20210630,P3H1,1 mM,beta16,beta,G:\My Drive\PhD\CAPTUR3D_personal\00 Progetti\CellTypeRecognition_DeepLearning\input\R64 files\20210630\P3H1\beta\beta16_4.R64,G:\My Drive\PhD\CAPTUR3D_personal\00 Progetti\CellTypeRecognition_DeepLearning\input\numpy files\0058_beta.npy
0059_beta,20210630,P3H1,1 mM,beta16,beta,G:\My Drive\PhD\CAPTUR3D_personal\00 Progetti\CellTypeRecognition_DeepLearning\input\R64 files\20210630\P3H1\beta\beta16_5.R64,G:\My Drive\PhD\CAPTUR3D_personal\00 Progetti\CellTypeRecognition_DeepLearning\input\numpy files\0059_beta.npy
0060_beta,20210630,P3H1,1 mM,beta16,beta,G:\My Drive\PhD\CAPTUR3D_personal\00 Progetti\CellTypeRecognition_DeepLearning\input\R64 files\20210630\P3H1\beta\beta16_6.R64,G:\My Drive\PhD\CAPTUR3D_personal\00 Progetti\CellTypeRecognition_DeepLearning\input\numpy files\0060_beta.npy
0061_beta,20210630,P3H1,1 mM,beta16,beta,G:\My Drive\PhD\CAPTUR3D_personal\00 Progetti\CellTypeRecognition_DeepLearning\input\R64 files\20210630\P3H1\beta\beta16_7.R64,G:\My Drive\PhD\CAPTUR3D_personal\00 Progetti\CellTypeRecognition_DeepLearning\input\numpy files\0061_beta.npy
0062_beta,20210630,P3H1,1 mM,beta16,beta,G:\My Drive\PhD\CAPTUR3D_personal\00 Progetti\CellTypeRecognition_DeepLearning\input\R64 files\20210630\P3H1\beta\beta16_8.R64,G:\My Drive\PhD\CAPTUR3D_personal\00 Progetti\CellTypeRecognition_DeepLearning\input\numpy files\0062_beta.npy
0063_beta,20210630,P3H1,1 mM,beta16,beta,G:\My Drive\PhD\CAPTUR3D_personal\00 Progetti\CellTypeRecognition_DeepLearning\input\R64 files\20210630\P3H1\beta\beta16_9.R64,G:\My Drive\PhD\CAPTUR3D_personal\00 Progetti\CellTypeRecognition_DeepLearning\input\numpy files\0063_beta.npy
0064_beta,20210630,P3H1,1 mM,beta16,beta,G:\My Drive\PhD\CAPTUR3D_personal\00 Progetti\CellTypeRecognition_DeepLearning\input\R64 files\20210630\P3H1\beta\beta16_10.R64,G:\My Drive\PhD\CAPTUR3D_personal\00 Progetti\CellTypeRecognition_DeepLearning\input\numpy files\0064_beta.npy
0065_beta,20210630,P3H1,1 mM,beta16,beta,G:\My Drive\PhD\CAPTUR3D_personal\00 Progetti\CellTypeRecognition_DeepLearning\input\R64 files\20210630\P3H1\beta\beta16_11.R64,G:\My Drive\PhD\CAPTUR3D_personal\00 Progetti\CellTypeRecognition_DeepLearning\input\numpy files\0065_beta.npy
0066_beta,20210630,P3H1,1 mM,beta16,beta,G:\My Drive\PhD\CAPTUR3D_personal\00 Progetti\CellTypeRecognition_DeepLearning\input\R64 files\20210630\P3H1\beta\beta16_12.R64,G:\My Drive\PhD\CAPTUR3D_personal\00 Progetti\CellTypeRecognition_DeepLearning\input\numpy files\0066_beta.npy
0067_beta,20210630,P3H1,1 mM,beta16,beta,G:\My Drive\PhD\CAPTUR3D_personal\00 Progetti\CellTypeRecognition_DeepLearning\input\R64 files\20210630\P3H1\beta\beta16_13.R64,G:\My Drive\PhD\CAPTUR3D_personal\00 Progetti\CellTypeRecognition_DeepLearning\input\numpy files\0067_beta.npy
0068_beta,20210630,P3H1,1 mM,beta16,beta,G:\My Drive\PhD\CAPTUR3D_personal\00 Progetti\CellTypeRecognition_DeepLearning\input\R64 files\20210630\P3H1\beta\beta16_14.R64,G:\My Drive\PhD\CAPTUR3D_personal\00 Progetti\CellTypeRecognition_DeepLearning\input\numpy files\0068_beta.npy
0069_beta,20210630,P3H1,1 mM,beta16,beta,G:\My Drive\PhD\CAPTUR3D_personal\00 Progetti\CellTypeRecognition_DeepLearning\input\R64 files\20210630\P3H1\beta\beta16_15.R64,G:\My Drive\PhD\CAPTUR3D_personal\00 Progetti\CellTypeRecognition_DeepLearning\input\numpy files\0069_beta.npy
0070_beta,20210630,P3H1,1 mM,beta16,beta,G:\My Drive\PhD\CAPTUR3D_personal\00 Progetti\CellTypeRecognition_DeepLearning\input\R64 files\20210630\P3H1\beta\beta16_16.R64,G:\My Drive\PhD\CAPTUR3D_personal\00 Progetti\CellTypeRecognition_DeepLearning\input\numpy files\0070_beta.npy
0071_beta,20210630,P3H1,1 mM,beta16,beta,G:\My Drive\PhD\CAPTUR3D_personal\00 Progetti\CellTypeRecognition_DeepLearning\input\R64 files\20210630\P3H1\beta\beta16_17.R64,G:\My Drive\PhD\CAPTUR3D_personal\00 Progetti\CellTypeRecognition_DeepLearning\input\numpy files\0071_beta.npy
0072_beta,20210630,P3H1,1 mM,beta16,beta,G:\My Drive\PhD\CAPTUR3D_personal\00 Progetti\CellTypeRecognition_DeepLearning\input\R64 files\20210630\P3H1\beta\beta16_18.R64,G:\My Drive\PhD\CAPTUR3D_personal\00 Progetti\CellTypeRecognition_DeepLearning\input\numpy files\0072_beta.npy
0073_beta,20210630,P3H1,1 mM,beta16,beta,G:\My Drive\PhD\CAPTUR3D_personal\00 Progetti\CellTypeRecognition_DeepLearning\input\R64 files\20210630\P3H1\beta\beta16_19.R64,G:\My Drive\PhD\CAPTUR3D_personal\00 Progetti\CellTypeRecognition_DeepLearning\input\numpy files\0073_beta.npy
0074_beta,20210630,P3H1,1 mM,beta16,beta,G:\My Drive\PhD\CAPTUR3D_personal\00 Progetti\CellTypeRecognition_DeepLearning\input\R64 files\20210630\P3H1\beta\beta16_20.R64,G:\My Drive\PhD\CAPTUR3D_personal\00 Progetti\CellTypeRecognition_DeepLearning\input\numpy files\0074_beta.npy
0075_beta,20210630,P3H1,1 mM,beta16,beta,G:\My Drive\PhD\CAPTUR3D_personal\00 Progetti\CellTypeRecognition_DeepLearning\input\R64 files\20210630\P3H1\beta\beta16_21.R64,G:\My Drive\PhD\CAPTUR3D_personal\00 Progetti\CellTypeRecognition_DeepLearning\input\numpy files\0075_beta.npy
0076_beta,20210630,P3H1,1 mM,beta16,beta,G:\My Drive\PhD\CAPTUR3D_personal\00 Progetti\CellTypeRecognition_DeepLearning\input\R64 files\20210630\P3H1\beta\beta16_22.R64,G:\My Drive\PhD\CAPTUR3D_personal\00 Progetti\CellTypeRecognition_DeepLearning\input\numpy files\0076_beta.npy
0077_beta,20210630,P3H1,1 mM,beta16,beta,G:\My Drive\PhD\CAPTUR3D_personal\00 Progetti\CellTypeRecognition_DeepLearning\input\R64 files\20210630\P3H1\beta\beta16_23.R64,G:\My Drive\PhD\CAPTUR3D_personal\00 Progetti\CellTypeRecognition_DeepLearning\input\numpy files\0077_beta.npy
0078_beta,20210630,P3H1,1 mM,beta16,beta,G:\My Drive\PhD\CAPTUR3D_personal\00 Progetti\CellTypeRecognition_DeepLearning\input\R64 files\20210630\P3H1\beta\beta16_24.R64,G:\My Drive\PhD\CAPTUR3D_personal\00 Progetti\CellTypeRecognition_DeepLearning\input\numpy files\0078_beta.npy
0079_beta,20210630,P3H1,1 mM,beta16,beta,G:\My Drive\PhD\CAPTUR3D_personal\00 Progetti\CellTypeRecognition_DeepLearning\input\R64 files\20210630\P3H1\beta\beta16_25.R64,G:\My Drive\PhD\CAPTUR3D_personal\00 Progetti\CellTypeRecognition_DeepLearning\input\numpy files\0079_beta.npy
0080_beta,20210630,P3H1,1 mM,beta16,beta,G:\My Drive\PhD\CAPTUR3D_personal\00 Progetti\CellTypeRecognition_DeepLearning\input\R64 files\20210630\P3H1\beta\beta16_26.R64,G:\My Drive\PhD\CAPTUR3D_personal\00 Progetti\CellTypeRecognition_DeepLearning\input\numpy files\0080_beta.npy
0081_beta,20210630,P3H1,1 mM,beta16,beta,G:\My Drive\PhD\CAPTUR3D_personal\00 Progetti\CellTypeRecognition_DeepLearning\input\R64 files\20210630\P3H1\beta\beta16_27.R64,G:\My Drive\PhD\CAPTUR3D_personal\00 Progetti\CellTypeRecognition_DeepLearning\input\numpy files\0081_beta.npy
0082_beta,20210630,P3H1,1 mM,beta16,beta,G:\My Drive\PhD\CAPTUR3D_personal\00 Progetti\CellTypeRecognition_DeepLearning\input\R64 files\20210630\P3H1\beta\beta16_28.R64,G:\My Drive\PhD\CAPTUR3D_personal\00 Progetti\CellTypeRecognition_DeepLearning\input\numpy files\0082_beta.npy
0083_beta,20210630,P3H1,1 mM,beta16,beta,G:\My Drive\PhD\CAPTUR3D_personal\00 Progetti\CellTypeRecognition_DeepLearning\input\R64 files\20210630\P3H1\beta\beta16_29.R64,G:\My Drive\PhD\CAPTUR3D_personal\00 Progetti\CellTypeRecognition_DeepLearning\input\numpy files\0083_beta.npy
0084_beta,20210630,P3H1,1 mM,beta16,beta,G:\My Drive\PhD\CAPTUR3D_personal\00 Progetti\CellTypeRecognition_DeepLearning\input\R64 files\20210630\P3H1\beta\beta16_30.R64,G:\My Drive\PhD\CAPTUR3D_personal\00 Progetti\CellTypeRecognition_DeepLearning\input\numpy files\0084_beta.npy
0085_beta,20210630,P3H1,1 mM,beta16,beta,G:\My Drive\PhD\CAPTUR3D_personal\00 Progetti\CellTypeRecognition_DeepLearning\input\R64 files\20210630\P3H1\beta\beta16_31.R64,G:\My Drive\PhD\CAPTUR3D_personal\00 Progetti\CellTypeRecognition_DeepLearning\input\numpy files\0085_beta.npy
0086_beta,20210630,P3H1,1 mM,beta16,beta,G:\My Drive\PhD\CAPTUR3D_personal\00 Progetti\CellTypeRecognition_DeepLearning\input\R64 files\20210630\P3H1\beta\beta16_32.R64,G:\My Drive\PhD\CAPTUR3D_personal\00 Progetti\CellTypeRecognition_DeepLearning\input\numpy files\0086_beta.npy
0087_beta,20210630,P3H1,1 mM,beta16,beta,G:\My Drive\PhD\CAPTUR3D_personal\00 Progetti\CellTypeRecognition_DeepLearning\input\R64 files\20210630\P3H1\beta\beta16_33.R64,G:\My Drive\PhD\CAPTUR3D_personal\00 Progetti\CellTypeRecognition_DeepLearning\input\numpy files\0087_beta.npy
0088_beta,20210630,P3H1,1 mM,beta16,beta,G:\My Drive\PhD\CAPTUR3D_personal\00 Progetti\CellTypeRecognition_DeepLearning\input\R64 files\20210630\P3H1\beta\beta16_34.R64,G:\My Drive\PhD\CAPTUR3D_personal\00 Progetti\CellTypeRecognition_DeepLearning\input\numpy files\0088_beta.npy
0089_beta,20210630,P3H1,1 mM,beta16,beta,G:\My Drive\PhD\CAPTUR3D_personal\00 Progetti\CellTypeRecognition_DeepLearning\input\R64 files\20210630\P3H1\beta\beta16_35.R64,G:\My Drive\PhD\CAPTUR3D_personal\00 Progetti\CellTypeRecognition_DeepLearning\input\numpy files\0089_beta.npy
0090_beta,20210630,P3H1,1 mM,beta16,beta,G:\My Drive\PhD\CAPTUR3D_personal\00 Progetti\CellTypeRecognition_DeepLearning\input\R64 files\20210630\P3H1\beta\beta16_36.R64,G:\My Drive\PhD\CAPTUR3D_personal\00 Progetti\CellTypeRecognition_DeepLearning\input\numpy files\0090_beta.npy
0091_beta,20210630,P3H1,1 mM,beta16,beta,G:\My Drive\PhD\CAPTUR3D_personal\00 Progetti\CellTypeRecognition_DeepLearning\input\R64 files\20210630\P3H1\beta\beta16_37.R64,G:\My Drive\PhD\CAPTUR3D_personal\00 Progetti\CellTypeRecognition_DeepLearning\input\numpy files\0091_beta.npy
0092_beta,20210630,P3H1,1 mM,beta16,beta,G:\My Drive\PhD\CAPTUR3D_personal\00 Progetti\CellTypeRecognition_DeepLearning\input\R64 files\20210630\P3H1\beta\beta16_38.R64,G:\My Drive\PhD\CAPTUR3D_personal\00 Progetti\CellTypeRecognition_DeepLearning\input\numpy files\0092_beta.npy
0093_beta,20210630,P3H1,1 mM,beta16,beta,G:\My Drive\PhD\CAPTUR3D_personal\00 Progetti\CellTypeRecognition_DeepLearning\input\R64 files\20210630\P3H1\beta\beta16_39.R64,G:\My Drive\PhD\CAPTUR3D_personal\00 Progetti\CellTypeRecognition_DeepLearning\input\numpy files\0093_beta.npy
0094_beta,20210630,P3H1,1 mM,beta16,beta,G:\My Drive\PhD\CAPTUR3D_personal\00 Progetti\CellTypeRecognition_DeepLearning\input\R64 files\20210630\P3H1\beta\beta16_40.R64,G:\My Drive\PhD\CAPTUR3D_personal\00 Progetti\CellTypeRecognition_DeepLearning\input\numpy files\0094_beta.npy
0095_beta,20210630,P3H1,1 mM,beta16,beta,G:\My Drive\PhD\CAPTUR3D_personal\00 Progetti\CellTypeRecognition_DeepLearning\input\R64 files\20210630\P3H1\beta\beta16_41.R64,G:\My Drive\PhD\CAPTUR3D_personal\00 Progetti\CellTypeRecognition_DeepLearning\input\numpy files\0095_beta.npy
0096_beta,20210630,P3H1,1 mM,beta16,beta,G:\My Drive\PhD\CAPTUR3D_personal\00 Progetti\CellTypeRecognition_DeepLearning\input\R64 files\20210630\P3H1\beta\beta16_42.R64,G:\My Drive\PhD\CAPTUR3D_personal\00 Progetti\CellTypeRecognition_DeepLearning\input\numpy files\0096_beta.npy
0097_beta,20210630,P3H1,1 mM,beta16,beta,G:\My Drive\PhD\CAPTUR3D_personal\00 Progetti\CellTypeRecognition_DeepLearning\input\R64 files\20210630\P3H1\beta\beta16_43.R64,G:\My Drive\PhD\CAPTUR3D_personal\00 Progetti\CellTypeRecognition_DeepLearning\input\numpy files\0097_beta.npy
0098_beta,20210630,P3H1,1 mM,beta16,beta,G:\My Drive\PhD\CAPTUR3D_personal\00 Progetti\CellTypeRecognition_DeepLearning\input\R64 files\20210630\P3H1\beta\beta16_44.R64,G:\My Drive\PhD\CAPTUR3D_personal\00 Progetti\CellTypeRecognition_DeepLearning\input\numpy files\0098_beta.npy
0099_beta,20210630,P3H1,1 mM,beta16,beta,G:\My Drive\PhD\CAPTUR3D_personal\00 Progetti\CellTypeRecognition_DeepLearning\input\R64 files\20210630\P3H1\beta\beta16_45.R64,G:\My Drive\PhD\CAPTUR3D_personal\00 Progetti\CellTypeRecognition_DeepLearning\input\numpy files\0099_beta.npy
0100_beta,20210630,P3H1,1 mM,beta16,beta,G:\My Drive\PhD\CAPTUR3D_personal\00 Progetti\CellTypeRecognition_DeepLearning\input\R64 files\20210630\P3H1\beta\beta16_46.R64,G:\My Drive\PhD\CAPTUR3D_personal\00 Progetti\CellTypeRecognition_DeepLearning\input\numpy files\0100_beta.npy
0101_beta,20210630,P3H1,1 mM,beta16,beta,G:\My Drive\PhD\CAPTUR3D_personal\00 Progetti\CellTypeRecognition_DeepLearning\input\R64 files\20210630\P3H1\beta\beta16_47.R64,G:\My Drive\PhD\CAPTUR3D_personal\00 Progetti\CellTypeRecognition_DeepLearning\input\numpy files\0101_beta.npy
0102_beta,20210714,P1H2,2 mM,beta2,beta,G:\My Drive\PhD\CAPTUR3D_personal\00 Progetti\CellTypeRecognition_DeepLearning\input\R64 files\20210714\P1H2\beta\beta2_1.R64,G:\My Drive\PhD\CAPTUR3D_personal\00 Progetti\CellTypeRecognition_DeepLearning\input\numpy files\0102_beta.npy
0103_beta,20210714,P1H2,2 mM,beta2,beta,G:\My Drive\PhD\CAPTUR3D_personal\00 Progetti\CellTypeRecognition_DeepLearning\input\R64 files\20210714\P1H2\beta\beta2_2.R64,G:\My Drive\PhD\CAPTUR3D_personal\00 Progetti\CellTypeRecognition_DeepLearning\input\numpy files\0103_beta.npy
0104_beta,20210714,P1H2,2 mM,beta2,beta,G:\My Drive\PhD\CAPTUR3D_personal\00 Progetti\CellTypeRecognition_DeepLearning\input\R64 files\20210714\P1H2\beta\beta2_3.R64,G:\My Drive\PhD\CAPTUR3D_personal\00 Progetti\CellTypeRecognition_DeepLearning\input\numpy files\0104_beta.npy
0105_beta,20210714,P1H2,2 mM,beta2,beta,G:\My Drive\PhD\CAPTUR3D_personal\00 Progetti\CellTypeRecognition_DeepLearning\input\R64 files\20210714\P1H2\beta\beta2_4.R64,G:\My Drive\PhD\CAPTUR3D_personal\00 Progetti\CellTypeRecognition_DeepLearning\input\numpy files\0105_beta.npy
0106_beta,20210714,P1H2,2 mM,beta2,beta,G:\My Drive\PhD\CAPTUR3D_personal\00 Progetti\CellTypeRecognition_DeepLearning\input\R64 files\20210714\P1H2\beta\beta2_5.R64,G:\My Drive\PhD\CAPTUR3D_personal\00 Progetti\CellTypeRecognition_DeepLearning\input\numpy files\0106_beta.npy
0107_beta,20210714,P1H2,2 mM,beta2,beta,G:\My Drive\PhD\CAPTUR3D_personal\00 Progetti\CellTypeRecognition_DeepLearning\input\R64 files\20210714\P1H2\beta\beta2_6.R64,G:\My Drive\PhD\CAPTUR3D_personal\00 Progetti\CellTypeRecognition_DeepLearning\input\numpy files\0107_beta.npy
0108_beta,20210714,P1H2,2 mM,beta2,beta,G:\My Drive\PhD\CAPTUR3D_personal\00 Progetti\CellTypeRecognition_DeepLearning\input\R64 files\20210714\P1H2\beta\beta2_7.R64,G:\My Drive\PhD\CAPTUR3D_personal\00 Progetti\CellTypeRecognition_DeepLearning\input\numpy files\0108_beta.npy
0109_beta,20210714,P1H2,2 mM,beta2,beta,G:\My Drive\PhD\CAPTUR3D_personal\00 Progetti\CellTypeRecognition_DeepLearning\input\R64 files\20210714\P1H2\beta\beta2_8.R64,G:\My Drive\PhD\CAPTUR3D_personal\00 Progetti\CellTypeRecognition_DeepLearning\input\numpy files\0109_beta.npy
0110_beta,20210714,P1H2,2 mM,beta2,beta,G:\My Drive\PhD\CAPTUR3D_personal\00 Progetti\CellTypeRecognition_DeepLearning\input\R64 files\20210714\P1H2\beta\beta2_9.R64,G:\My Drive\PhD\CAPTUR3D_personal\00 Progetti\CellTypeRecognition_DeepLearning\input\numpy files\0110_beta.npy
0111_beta,20210714,P1H2,2 mM,beta2,beta,G:\My Drive\PhD\CAPTUR3D_personal\00 Progetti\CellTypeRecognition_DeepLearning\input\R64 files\20210714\P1H2\beta\beta2_10.R64,G:\My Drive\PhD\CAPTUR3D_personal\00 Progetti\CellTypeRecognition_DeepLearning\input\numpy files\0111_beta.npy
0112_beta,20210714,P1H2,2 mM,beta2,beta,G:\My Drive\PhD\CAPTUR3D_personal\00 Progetti\CellTypeRecognition_DeepLearning\input\R64 files\20210714\P1H2\beta\beta2_11.R64,G:\My Drive\PhD\CAPTUR3D_personal\00 Progetti\CellTypeRecognition_DeepLearning\input\numpy files\0112_beta.npy
0113_beta,20210714,P1H2,2 mM,beta2,beta,G:\My Drive\PhD\CAPTUR3D_personal\00 Progetti\CellTypeRecognition_DeepLearning\input\R64 files\20210714\P1H2\beta\beta2_12.R64,G:\My Drive\PhD\CAPTUR3D_personal\00 Progetti\CellTypeRecognition_DeepLearning\input\numpy files\0113_beta.npy
0114_beta,20210714,P1H2,2 mM,beta2,beta,G:\My Drive\PhD\CAPTUR3D_personal\00 Progetti\CellTypeRecognition_DeepLearning\input\R64 files\20210714\P1H2\beta\beta2_13.R64,G:\My Drive\PhD\CAPTUR3D_personal\00 Progetti\CellTypeRecognition_DeepLearning\input\numpy files\0114_beta.npy
0115_beta,20210714,P1H2,2 mM,beta2,beta,G:\My Drive\PhD\CAPTUR3D_personal\00 Progetti\CellTypeRecognition_DeepLearning\input\R64 files\20210714\P1H2\beta\beta2_14.R64,G:\My Drive\PhD\CAPTUR3D_personal\00 Progetti\CellTypeRecognition_DeepLearning\input\numpy files\0115_beta.npy
0116_beta,20210714,P1H2,2 mM,beta2,beta,G:\My Drive\PhD\CAPTUR3D_personal\00 Progetti\CellTypeRecognition_DeepLearning\input\R64 files\20210714\P1H2\beta\beta2_15.R64,G:\My Drive\PhD\CAPTUR3D_personal\00 Progetti\CellTypeRecognition_DeepLearning\input\numpy files\0116_beta.npy
0117_beta,20210714,P1H2,2 mM,beta2,beta,G:\My Drive\PhD\CAPTUR3D_personal\00 Progetti\CellTypeRecognition_DeepLearning\input\R64 files\20210714\P1H2\beta\beta2_16.R64,G:\My Drive\PhD\CAPTUR3D_personal\00 Progetti\CellTypeRecognition_DeepLearning\input\numpy files\0117_beta.npy
0118_beta,20210714,P1H2,2 mM,beta2,beta,G:\My Drive\PhD\CAPTUR3D_personal\00 Progetti\CellTypeRecognition_DeepLearning\input\R64 files\20210714\P1H2\beta\beta2_17.R64,G:\My Drive\PhD\CAPTUR3D_personal\00 Progetti\CellTypeRecognition_DeepLearning\input\numpy files\0118_beta.npy
0119_beta,20210714,P1H2,2 mM,beta2,beta,G:\My Drive\PhD\CAPTUR3D_personal\00 Progetti\CellTypeRecognition_DeepLearning\input\R64 files\20210714\P1H2\beta\beta2_18.R64,G:\My Drive\PhD\CAPTUR3D_personal\00 Progetti\CellTypeRecognition_DeepLearning\input\numpy files\0119_beta.npy
0120_beta,20210714,P1H2,2 mM,beta2,beta,G:\My Drive\PhD\CAPTUR3D_personal\00 Progetti\CellTypeRecognition_DeepLearning\input\R64 files\20210714\P1H2\beta\beta2_19.R64,G:\My Drive\PhD\CAPTUR3D_personal\00 Progetti\CellTypeRecognition_DeepLearning\input\numpy files\0120_beta.npy
0121_beta,20210714,P1H2,2 mM,beta2,beta,G:\My Drive\PhD\CAPTUR3D_personal\00 Progetti\CellTypeRecognition_DeepLearning\input\R64 files\20210714\P1H2\beta\beta2_20.R64,G:\My Drive\PhD\CAPTUR3D_personal\00 Progetti\CellTypeRecognition_DeepLearning\input\numpy files\0121_beta.npy
0122_beta,20210714,P1H2,2 mM,beta2,beta,G:\My Drive\PhD\CAPTUR3D_personal\00 Progetti\CellTypeRecognition_DeepLearning\input\R64 files\20210714\P1H2\beta\beta2_21.R64,G:\My Drive\PhD\CAPTUR3D_personal\00 Progetti\CellTypeRecognition_DeepLearning\input\numpy files\0122_beta.npy
0123_beta,20210714,P1H2,2 mM,beta2,beta,G:\My Drive\PhD\CAPTUR3D_personal\00 Progetti\CellTypeRecognition_DeepLearning\input\R64 files\20210714\P1H2\beta\beta2_22.R64,G:\My Drive\PhD\CAPTUR3D_personal\00 Progetti\CellTypeRecognition_DeepLearning\input\numpy files\0123_beta.npy
0124_beta,20210714,P1H2,2 mM,beta2,beta,G:\My Drive\PhD\CAPTUR3D_personal\00 Progetti\CellTypeRecognition_DeepLearning\input\R64 files\20210714\P1H2\beta\beta2_23.R64,G:\My Drive\PhD\CAPTUR3D_personal\00 Progetti\CellTypeRecognition_DeepLearning\input\numpy files\0124_beta.npy
0125_beta,20210714,P1H2,2 mM,beta2,beta,G:\My Drive\PhD\CAPTUR3D_personal\00 Progetti\CellTypeRecognition_DeepLearning\input\R64 files\20210714\P1H2\beta\beta2_24.R64,G:\My Drive\PhD\CAPTUR3D_personal\00 Progetti\CellTypeRecognition_DeepLearning\input\numpy files\0125_beta.npy
0126_beta,20210714,P1H2,2 mM,beta2,beta,G:\My Drive\PhD\CAPTUR3D_personal\00 Progetti\CellTypeRecognition_DeepLearning\input\R64 files\20210714\P1H2\beta\beta2_25.R64,G:\My Drive\PhD\CAPTUR3D_personal\00 Progetti\CellTypeRecognition_DeepLearning\input\numpy files\0126_beta.npy
0127_beta,20210714,P1H2,2 mM,beta2,beta,G:\My Drive\PhD\CAPTUR3D_personal\00 Progetti\CellTypeRecognition_DeepLearning\input\R64 files\20210714\P1H2\beta\beta2_26.R64,G:\My Drive\PhD\CAPTUR3D_personal\00 Progetti\CellTypeRecognition_DeepLearning\input\numpy files\0127_beta.npy
0128_beta,20210714,P1H2,2 mM,beta2,beta,G:\My Drive\PhD\CAPTUR3D_personal\00 Progetti\CellTypeRecognition_DeepLearning\input\R64 files\20210714\P1H2\beta\beta2_27.R64,G:\My Drive\PhD\CAPTUR3D_personal\00 Progetti\CellTypeRecognition_DeepLearning\input\numpy files\0128_beta.npy
0129_beta,20210714,P1H2,2 mM,beta2,beta,G:\My Drive\PhD\CAPTUR3D_personal\00 Progetti\CellTypeRecognition_DeepLearning\input\R64 files\20210714\P1H2\beta\beta2_28.R64,G:\My Drive\PhD\CAPTUR3D_personal\00 Progetti\CellTypeRecognition_DeepLearning\input\numpy files\0129_beta.npy
0130_beta,20210714,P1H2,2 mM,beta2,beta,G:\My Drive\PhD\CAPTUR3D_personal\00 Progetti\CellTypeRecognition_DeepLearning\input\R64 files\20210714\P1H2\beta\beta2_29.R64,G:\My Drive\PhD\CAPTUR3D_personal\00 Progetti\CellTypeRecognition_DeepLearning\input\numpy files\0130_beta.npy
0131_beta,20210714,P1H2,2 mM,beta2,beta,G:\My Drive\PhD\CAPTUR3D_personal\00 Progetti\CellTypeRecognition_DeepLearning\input\R64 files\20210714\P1H2\beta\beta2_30.R64,G:\My Drive\PhD\CAPTUR3D_personal\00 Progetti\CellTypeRecognition_DeepLearning\input\numpy files\0131_beta.npy
0132_beta,20210714,P1H2,2 mM,beta2,beta,G:\My Drive\PhD\CAPTUR3D_personal\00 Progetti\CellTypeRecognition_DeepLearning\input\R64 files\20210714\P1H2\beta\beta2_31.R64,G:\My Drive\PhD\CAPTUR3D_personal\00 Progetti\CellTypeRecognition_DeepLearning\input\numpy files\0132_beta.npy
0133_beta,20210714,P1H2,2 mM,beta2,beta,G:\My Drive\PhD\CAPTUR3D_personal\00 Progetti\CellTypeRecognition_DeepLearning\input\R64 files\20210714\P1H2\beta\beta2_32.R64,G:\My Drive\PhD\CAPTUR3D_personal\00 Progetti\CellTypeRecognition_DeepLearning\input\numpy files\0133_beta.npy
0134_beta,20210714,P1H2,2 mM,beta2,beta,G:\My Drive\PhD\CAPTUR3D_personal\00 Progetti\CellTypeRecognition_DeepLearning\input\R64 files\20210714\P1H2\beta\beta2_33.R64,G:\My Drive\PhD\CAPTUR3D_personal\00 Progetti\CellTypeRecognition_DeepLearning\input\numpy files\0134_beta.npy
0135_beta,20210714,P1H2,2 mM,beta2,beta,G:\My Drive\PhD\CAPTUR3D_personal\00 Progetti\CellTypeRecognition_DeepLearning\input\R64 files\20210714\P1H2\beta\beta2_34.R64,G:\My Drive\PhD\CAPTUR3D_personal\00 Progetti\CellTypeRecognition_DeepLearning\input\numpy files\0135_beta.npy
0136_beta,20210714,P1H2,2 mM,beta2,beta,G:\My Drive\PhD\CAPTUR3D_personal\00 Progetti\CellTypeRecognition_DeepLearning\input\R64 files\20210714\P1H2\beta\beta2_35.R64,G:\My Drive\PhD\CAPTUR3D_personal\00 Progetti\CellTypeRecognition_DeepLearning\input\numpy files\0136_beta.npy
0137_beta,20210714,P1H2,2 mM,beta2,beta,G:\My Drive\PhD\CAPTUR3D_personal\00 Progetti\CellTypeRecognition_DeepLearning\input\R64 files\20210714\P1H2\beta\beta2_36.R64,G:\My Drive\PhD\CAPTUR3D_personal\00 Progetti\CellTypeRecognition_DeepLearning\input\numpy files\0137_beta.npy
0138_beta,20210714,P1H2,2 mM,beta2,beta,G:\My Drive\PhD\CAPTUR3D_personal\00 Progetti\CellTypeRecognition_DeepLearning\input\R64 files\20210714\P1H2\beta\beta2_37.R64,G:\My Drive\PhD\CAPTUR3D_personal\00 Progetti\CellTypeRecognition_DeepLearning\input\numpy files\0138_beta.npy
0139_beta,20210714,P1H2,2 mM,beta2,beta,G:\My Drive\PhD\CAPTUR3D_personal\00 Progetti\CellTypeRecognition_DeepLearning\input\R64 files\20210714\P1H2\beta\beta2_38.R64,G:\My Drive\PhD\CAPTUR3D_personal\00 Progetti\CellTypeRecognition_DeepLearning\input\numpy files\0139_beta.npy
0140_beta,20210714,P1H2,2 mM,beta2,beta,G:\My Drive\PhD\CAPTUR3D_personal\00 Progetti\CellTypeRecognition_DeepLearning\input\R64 files\20210714\P1H2\beta\beta2_39.R64,G:\My Drive\PhD\CAPTUR3D_personal\00 Progetti\CellTypeRecognition_DeepLearning\input\numpy files\0140_beta.npy
0141_beta,20210714,P1H2,2 mM,beta2,beta,G:\My Drive\PhD\CAPTUR3D_personal\00 Progetti\CellTypeRecognition_DeepLearning\input\R64 files\20210714\P1H2\beta\beta2_40.R64,G:\My Drive\PhD\CAPTUR3D_personal\00 Progetti\CellTypeRecognition_DeepLearning\input\numpy files\0141_beta.npy
0142_beta,20210714,P1H2,2 mM,beta2,beta,G:\My Drive\PhD\CAPTUR3D_personal\00 Progetti\CellTypeRecognition_DeepLearning\input\R64 files\20210714\P1H2\beta\beta2_41.R64,G:\My Drive\PhD\CAPTUR3D_personal\00 Progetti\CellTypeRecognition_DeepLearning\input\numpy files\0142_beta.npy
0143_beta,20210714,P1H2,2 mM,beta2,beta,G:\My Drive\PhD\CAPTUR3D_personal\00 Progetti\CellTypeRecognition_DeepLearning\input\R64 files\20210714\P1H2\beta\beta2_42.R64,G:\My Drive\PhD\CAPTUR3D_personal\00 Progetti\CellTypeRecognition_DeepLearning\input\numpy files\0143_beta.npy
0144_beta,20210714,P1H2,2 mM,beta2,beta,G:\My Drive\PhD\CAPTUR3D_personal\00 Progetti\CellTypeRecognition_DeepLearning\input\R64 files\20210714\P1H2\beta\beta2_43.R64,G:\My Drive\PhD\CAPTUR3D_personal\00 Progetti\CellTypeRecognition_DeepLearning\input\numpy files\0144_beta.npy
0145_beta,20210714,P1H2,2 mM,beta2,beta,G:\My Drive\PhD\CAPTUR3D_personal\00 Progetti\CellTypeRecognition_DeepLearning\input\R64 files\20210714\P1H2\beta\beta2_44.R64,G:\My Drive\PhD\CAPTUR3D_personal\00 Progetti\CellTypeRecognition_DeepLearning\input\numpy files\0145_beta.npy
0146_beta,20210714,P1H2,2 mM,beta2,beta,G:\My Drive\PhD\CAPTUR3D_personal\00 Progetti\CellTypeRecognition_DeepLearning\input\R64 files\20210714\P1H2\beta\beta2_45.R64,G:\My Drive\PhD\CAPTUR3D_personal\00 Progetti\CellTypeRecognition_DeepLearning\input\numpy files\0146_beta.npy
0147_beta,20210714,P1H2,2 mM,beta2,beta,G:\My Drive\PhD\CAPTUR3D_personal\00 Progetti\CellTypeRecognition_DeepLearning\input\R64 files\20210714\P1H2\beta\beta2_46.R64,G:\My Drive\PhD\CAPTUR3D_personal\00 Progetti\CellTypeRecognition_DeepLearning\input\numpy files\0147_beta.npy
0148_beta,20210714,P1H2,2 mM,beta2,beta,G:\My Drive\PhD\CAPTUR3D_personal\00 Progetti\CellTypeRecognition_DeepLearning\input\R64 files\20210714\P1H2\beta\beta2_47.R64,G:\My Drive\PhD\CAPTUR3D_personal\00 Progetti\CellTypeRecognition_DeepLearning\input\numpy files\0148_beta.npy
0149_beta,20210714,P1H2,2 mM,beta2,beta,G:\My Drive\PhD\CAPTUR3D_personal\00 Progetti\CellTypeRecognition_DeepLearning\input\R64 files\20210714\P1H2\beta\beta2_48.R64,G:\My Drive\PhD\CAPTUR3D_personal\00 Progetti\CellTypeRecognition_DeepLearning\input\numpy files\0149_beta.npy
0150_beta,20210714,P1H2,2 mM,beta2,beta,G:\My Drive\PhD\CAPTUR3D_personal\00 Progetti\CellTypeRecognition_DeepLearning\input\R64 files\20210714\P1H2\beta\beta2_49.R64,G:\My Drive\PhD\CAPTUR3D_personal\00 Progetti\CellTypeRecognition_DeepLearning\input\numpy files\0150_beta.npy
0151_beta,20210714,P1H2,2 mM,beta2,beta,G:\My Drive\PhD\CAPTUR3D_personal\00 Progetti\CellTypeRecognition_DeepLearning\input\R64 files\20210714\P1H2\beta\beta2_50.R64,G:\My Drive\PhD\CAPTUR3D_personal\00 Progetti\CellTypeRecognition_DeepLearning\input\numpy files\0151_beta.npy
0152_beta,20210714,P1H2,2 mM,beta2,beta,G:\My Drive\PhD\CAPTUR3D_personal\00 Progetti\CellTypeRecognition_DeepLearning\input\R64 files\20210714\P1H2\beta\beta2_51.R64,G:\My Drive\PhD\CAPTUR3D_personal\00 Progetti\CellTypeRecognition_DeepLearning\input\numpy files\0152_beta.npy
0153_beta,20210714,P1H2,2 mM,beta2,beta,G:\My Drive\PhD\CAPTUR3D_personal\00 Progetti\CellTypeRecognition_DeepLearning\input\R64 files\20210714\P1H2\beta\beta2_52.R64,G:\My Drive\PhD\CAPTUR3D_personal\00 Progetti\CellTypeRecognition_DeepLearning\input\numpy files\0153_beta.npy
0154_beta,20210714,P1H2,2 mM,beta2,beta,G:\My Drive\PhD\CAPTUR3D_personal\00 Progetti\CellTypeRecognition_DeepLearning\input\R64 files\20210714\P1H2\beta\beta2_53.R64,G:\My Drive\PhD\CAPTUR3D_personal\00 Progetti\CellTypeRecognition_DeepLearning\input\numpy files\0154_beta.npy
0155_beta,20210714,P1H2,2 mM,beta2,beta,G:\My Drive\PhD\CAPTUR3D_personal\00 Progetti\CellTypeRecognition_DeepLearning\input\R64 files\20210714\P1H2\beta\beta2_54.R64,G:\My Drive\PhD\CAPTUR3D_personal\00 Progetti\CellTypeRecognition_DeepLearning\input\numpy files\0155_beta.npy
0156_beta,20210714,P1H2,2 mM,beta2,beta,G:\My Drive\PhD\CAPTUR3D_personal\00 Progetti\CellTypeRecognition_DeepLearning\input\R64 files\20210714\P1H2\beta\beta2_55.R64,G:\My Drive\PhD\CAPTUR3D_personal\00 Progetti\CellTypeRecognition_DeepLearning\input\numpy files\0156_beta.npy
0157_beta,20210714,P1H2,2 mM,beta2,beta,G:\My Drive\PhD\CAPTUR3D_personal\00 Progetti\CellTypeRecognition_DeepLearning\input\R64 files\20210714\P1H2\beta\beta2_56.R64,G:\My Drive\PhD\CAPTUR3D_personal\00 Progetti\CellTypeRecognition_DeepLearning\input\numpy files\0157_beta.npy
0158_beta,20210714,P1H2,2 mM,beta2,beta,G:\My Drive\PhD\CAPTUR3D_personal\00 Progetti\CellTypeRecognition_DeepLearning\input\R64 files\20210714\P1H2\beta\beta2_57.R64,G:\My Drive\PhD\CAPTUR3D_personal\00 Progetti\CellTypeRecognition_DeepLearning\input\numpy files\0158_beta.npy
0159_beta,20210714,P1H2,2 mM,beta2,beta,G:\My Drive\PhD\CAPTUR3D_personal\00 Progetti\CellTypeRecognition_DeepLearning\input\R64 files\20210714\P1H2\beta\beta2_58.R64,G:\My Drive\PhD\CAPTUR3D_personal\00 Progetti\CellTypeRecognition_DeepLearning\input\numpy files\0159_beta.npy
0160_beta,20210714,P1H2,2 mM,beta2,beta,G:\My Drive\PhD\CAPTUR3D_personal\00 Progetti\CellTypeRecognition_DeepLearning\input\R64 files\20210714\P1H2\beta\beta2_59.R64,G:\My Drive\PhD\CAPTUR3D_personal\00 Progetti\CellTypeRecognition_DeepLearning\input\numpy files\0160_beta.npy
0161_beta,20210714,P1H2,2 mM,beta2,beta,G:\My Drive\PhD\CAPTUR3D_personal\00 Progetti\CellTypeRecognition_DeepLearning\input\R64 files\20210714\P1H2\beta\beta2_60.R64,G:\My Drive\PhD\CAPTUR3D_personal\00 Progetti\CellTypeRecognition_DeepLearning\input\numpy files\0161_beta.npy
0162_beta,20210714,P1H2,2 mM,beta2,beta,G:\My Drive\PhD\CAPTUR3D_personal\00 Progetti\CellTypeRecognition_DeepLearning\input\R64 files\20210714\P1H2\beta\beta2_61.R64,G:\My Drive\PhD\CAPTUR3D_personal\00 Progetti\CellTypeRecognition_DeepLearning\input\numpy files\0162_beta.npy
0163_beta,20210714,P1H2,2 mM,beta2,beta,G:\My Drive\PhD\CAPTUR3D_personal\00 Progetti\CellTypeRecognition_DeepLearning\input\R64 files\20210714\P1H2\beta\beta2_62.R64,G:\My Drive\PhD\CAPTUR3D_personal\00 Progetti\CellTypeRecognition_DeepLearning\input\numpy files\0163_beta.npy
0164_beta,20210714,P1H2,2 mM,beta2,beta,G:\My Drive\PhD\CAPTUR3D_personal\00 Progetti\CellTypeRecognition_DeepLearning\input\R64 files\20210714\P1H2\beta\beta2_63.R64,G:\My Drive\PhD\CAPTUR3D_personal\00 Progetti\CellTypeRecognition_DeepLearning\input\numpy files\0164_beta.npy
0165_beta,20210714,P1H2,2 mM,beta2,beta,G:\My Drive\PhD\CAPTUR3D_personal\00 Progetti\CellTypeRecognition_DeepLearning\input\R64 files\20210714\P1H2\beta\beta2_64.R64,G:\My Drive\PhD\CAPTUR3D_personal\00 Progetti\CellTypeRecognition_DeepLearning\input\numpy files\0165_beta.npy
0166_beta,20210714,P1H2,2 mM,beta2,beta,G:\My Drive\PhD\CAPTUR3D_personal\00 Progetti\CellTypeRecognition_DeepLearning\input\R64 files\20210714\P1H2\beta\beta2_65.R64,G:\My Drive\PhD\CAPTUR3D_personal\00 Progetti\CellTypeRecognition_DeepLearning\input\numpy files\0166_beta.npy
0167_beta,20210714,P1H2,2 mM,beta2,beta,G:\My Drive\PhD\CAPTUR3D_personal\00 Progetti\CellTypeRecognition_DeepLearning\input\R64 files\20210714\P1H2\beta\beta2_66.R64,G:\My Drive\PhD\CAPTUR3D_personal\00 Progetti\CellTypeRecognition_DeepLearning\input\numpy files\0167_beta.npy
0168_beta,20210714,P1H2,2 mM,beta2,beta,G:\My Drive\PhD\CAPTUR3D_personal\00 Progetti\CellTypeRecognition_DeepLearning\input\R64 files\20210714\P1H2\beta\beta2_67.R64,G:\My Drive\PhD\CAPTUR3D_personal\00 Progetti\CellTypeRecognition_DeepLearning\input\numpy files\0168_beta.npy
0169_beta,20210714,P1H2,2 mM,beta2,beta,G:\My Drive\PhD\CAPTUR3D_personal\00 Progetti\CellTypeRecognition_DeepLearning\input\R64 files\20210714\P1H2\beta\beta2_68.R64,G:\My Drive\PhD\CAPTUR3D_personal\00 Progetti\CellTypeRecognition_DeepLearning\input\numpy files\0169_beta.npy
0170_beta,20210714,P1H2,2 mM,beta2,beta,G:\My Drive\PhD\CAPTUR3D_personal\00 Progetti\CellTypeRecognition_DeepLearning\input\R64 files\20210714\P1H2\beta\beta2_69.R64,G:\My Drive\PhD\CAPTUR3D_personal\00 Progetti\CellTypeRecognition_DeepLearning\input\numpy files\0170_beta.npy
0171_beta,20210714,P1H2,2 mM,beta2,beta,G:\My Drive\PhD\CAPTUR3D_personal\00 Progetti\CellTypeRecognition_DeepLearning\input\R64 files\20210714\P1H2\beta\beta2_70.R64,G:\My Drive\PhD\CAPTUR3D_personal\00 Progetti\CellTypeRecognition_DeepLearning\input\numpy files\0171_beta.npy
0172_beta,20210714,P1H2,2 mM,beta2,beta,G:\My Drive\PhD\CAPTUR3D_personal\00 Progetti\CellTypeRecognition_DeepLearning\input\R64 files\20210714\P1H2\beta\beta2_71.R64,G:\My Drive\PhD\CAPTUR3D_personal\00 Progetti\CellTypeRecognition_DeepLearning\input\numpy files\0172_beta.npy
0173_beta,20210714,P1H2,2 mM,beta2,beta,G:\My Drive\PhD\CAPTUR3D_personal\00 Progetti\CellTypeRecognition_DeepLearning\input\R64 files\20210714\P1H2\beta\beta2_72.R64,G:\My Drive\PhD\CAPTUR3D_personal\00 Progetti\CellTypeRecognition_DeepLearning\input\numpy files\0173_beta.npy
0174_beta,20210714,P1H2,2 mM,beta2,beta,G:\My Drive\PhD\CAPTUR3D_personal\00 Progetti\CellTypeRecognition_DeepLearning\input\R64 files\20210714\P1H2\beta\beta2_73.R64,G:\My Drive\PhD\CAPTUR3D_personal\00 Progetti\CellTypeRecognition_DeepLearning\input\numpy files\0174_beta.npy
0175_beta,20210714,P1H2,2 mM,beta2,beta,G:\My Drive\PhD\CAPTUR3D_personal\00 Progetti\CellTypeRecognition_DeepLearning\input\R64 files\20210714\P1H2\beta\beta2_74.R64,G:\My Drive\PhD\CAPTUR3D_personal\00 Progetti\CellTypeRecognition_DeepLearning\input\numpy files\0175_beta.npy
0176_beta,20210714,P1H2,2 mM,beta2,beta,G:\My Drive\PhD\CAPTUR3D_personal\00 Progetti\CellTypeRecognition_DeepLearning\input\R64 files\20210714\P1H2\beta\beta2_75.R64,G:\My Drive\PhD\CAPTUR3D_personal\00 Progetti\CellTypeRecognition_DeepLearning\input\numpy files\0176_beta.npy
0177_beta,20210714,P1H2,2 mM,beta2,beta,G:\My Drive\PhD\CAPTUR3D_personal\00 Progetti\CellTypeRecognition_DeepLearning\input\R64 files\20210714\P1H2\beta\beta2_76.R64,G:\My Drive\PhD\CAPTUR3D_personal\00 Progetti\CellTypeRecognition_DeepLearning\input\numpy files\0177_beta.npy
0178_beta,20210714,P1H2,2 mM,beta2,beta,G:\My Drive\PhD\CAPTUR3D_personal\00 Progetti\CellTypeRecognition_DeepLearning\input\R64 files\20210714\P1H2\beta\beta2_77.R64,G:\My Drive\PhD\CAPTUR3D_personal\00 Progetti\CellTypeRecognition_DeepLearning\input\numpy files\0178_beta.npy
0179_beta,20210714,P1H2,2 mM,beta2,beta,G:\My Drive\PhD\CAPTUR3D_personal\00 Progetti\CellTypeRecognition_DeepLearning\input\R64 files\20210714\P1H2\beta\beta2_78.R64,G:\My Drive\PhD\CAPTUR3D_personal\00 Progetti\CellTypeRecognition_DeepLearning\input\numpy files\0179_beta.npy
0180_beta,20210714,P1H2,2 mM,beta2,beta,G:\My Drive\PhD\CAPTUR3D_personal\00 Progetti\CellTypeRecognition_DeepLearning\input\R64 files\20210714\P1H2\beta\beta2_79.R64,G:\My Drive\PhD\CAPTUR3D_personal\00 Progetti\CellTypeRecognition_DeepLearning\input\numpy files\0180_beta.npy
0181_beta,20210714,P1H2,2 mM,beta2,beta,G:\My Drive\PhD\CAPTUR3D_personal\00 Progetti\CellTypeRecognition_DeepLearning\input\R64 files\20210714\P1H2\beta\beta2_80.R64,G:\My Drive\PhD\CAPTUR3D_personal\00 Progetti\CellTypeRecognition_DeepLearning\input\numpy files\0181_beta.npy
0182_beta,20210714,P1H2,2 mM,beta2,beta,G:\My Drive\PhD\CAPTUR3D_personal\00 Progetti\CellTypeRecognition_DeepLearning\input\R64 files\20210714\P1H2\beta\beta2_81.R64,G:\My Drive\PhD\CAPTUR3D_personal\00 Progetti\CellTypeRecognition_DeepLearning\input\numpy files\0182_beta.npy
0183_beta,20210714,P1H2,2 mM,beta2,beta,G:\My Drive\PhD\CAPTUR3D_personal\00 Progetti\CellTypeRecognition_DeepLearning\input\R64 files\20210714\P1H2\beta\beta2_82.R64,G:\My Drive\PhD\CAPTUR3D_personal\00 Progetti\CellTypeRecognition_DeepLearning\input\numpy files\0183_beta.npy
0184_beta,20210714,P1H2,2 mM,beta2,beta,G:\My Drive\PhD\CAPTUR3D_personal\00 Progetti\CellTypeRecognition_DeepLearning\input\R64 files\20210714\P1H2\beta\beta2_83.R64,G:\My Drive\PhD\CAPTUR3D_personal\00 Progetti\CellTypeRecognition_DeepLearning\input\numpy files\0184_beta.npy
0185_beta,20210714,P1H2,2 mM,beta2,beta,G:\My Drive\PhD\CAPTUR3D_personal\00 Progetti\CellTypeRecognition_DeepLearning\input\R64 files\20210714\P1H2\beta\beta2_84.R64,G:\My Drive\PhD\CAPTUR3D_personal\00 Progetti\CellTypeRecognition_DeepLearning\input\numpy files\0185_beta.npy
0186_beta,20210714,P1H2,2 mM,beta2,beta,G:\My Drive\PhD\CAPTUR3D_personal\00 Progetti\CellTypeRecognition_DeepLearning\input\R64 files\20210714\P1H2\beta\beta2_85.R64,G:\My Drive\PhD\CAPTUR3D_personal\00 Progetti\CellTypeRecognition_DeepLearning\input\numpy files\0186_beta.npy
0187_beta,20210714,P1H2,2 mM,beta2,beta,G:\My Drive\PhD\CAPTUR3D_personal\00 Progetti\CellTypeRecognition_DeepLearning\input\R64 files\20210714\P1H2\beta\beta2_86.R64,G:\My Drive\PhD\CAPTUR3D_personal\00 Progetti\CellTypeRecognition_DeepLearning\input\numpy files\0187_beta.npy
0188_beta,20210714,P1H2,2 mM,beta2,beta,G:\My Drive\PhD\CAPTUR3D_personal\00 Progetti\CellTypeRecognition_DeepLearning\input\R64 files\20210714\P1H2\beta\beta2_87.R64,G:\My Drive\PhD\CAPTUR3D_personal\00 Progetti\CellTypeRecognition_DeepLearning\input\numpy files\0188_beta.npy
0189_beta,20210714,P1H2,2 mM,beta2,beta,G:\My Drive\PhD\CAPTUR3D_personal\00 Progetti\CellTypeRecognition_DeepLearning\input\R64 files\20210714\P1H2\beta\beta2_88.R64,G:\My Drive\PhD\CAPTUR3D_personal\00 Progetti\CellTypeRecognition_DeepLearning\input\numpy files\0189_beta.npy
0190_beta,20210714,P1H2,2 mM,beta2,beta,G:\My Drive\PhD\CAPTUR3D_personal\00 Progetti\CellTypeRecognition_DeepLearning\input\R64 files\20210714\P1H2\beta\beta2_89.R64,G:\My Drive\PhD\CAPTUR3D_personal\00 Progetti\CellTypeRecognition_DeepLearning\input\numpy files\0190_beta.npy
0191_beta,20210714,P1H2,2 mM,beta2,beta,G:\My Drive\PhD\CAPTUR3D_personal\00 Progetti\CellTypeRecognition_DeepLearning\input\R64 files\20210714\P1H2\beta\beta2_90.R64,G:\My Drive\PhD\CAPTUR3D_personal\00 Progetti\CellTypeRecognition_DeepLearning\input\numpy files\0191_beta.npy
0192_beta,20210714,P1H2,2 mM,beta2,beta,G:\My Drive\PhD\CAPTUR3D_personal\00 Progetti\CellTypeRecognition_DeepLearning\input\R64 files\20210714\P1H2\beta\beta2_91.R64,G:\My Drive\PhD\CAPTUR3D_personal\00 Progetti\CellTypeRecognition_DeepLearning\input\numpy files\0192_beta.npy
0193_beta,20210714,P1H2,2 mM,beta2,beta,G:\My Drive\PhD\CAPTUR3D_personal\00 Progetti\CellTypeRecognition_DeepLearning\input\R64 files\20210714\P1H2\beta\beta2_92.R64,G:\My Drive\PhD\CAPTUR3D_personal\00 Progetti\CellTypeRecognition_DeepLearning\input\numpy files\0193_beta.npy
0194_beta,20210714,P1H2,2 mM,beta2,beta,G:\My Drive\PhD\CAPTUR3D_personal\00 Progetti\CellTypeRecognition_DeepLearning\input\R64 files\20210714\P1H2\beta\beta2_93.R64,G:\My Drive\PhD\CAPTUR3D_personal\00 Progetti\CellTypeRecognition_DeepLearning\input\numpy files\0194_beta.npy
0195_beta,20210714,P1H2,2 mM,beta2,beta,G:\My Drive\PhD\CAPTUR3D_personal\00 Progetti\CellTypeRecognition_DeepLearning\input\R64 files\20210714\P1H2\beta\beta2_94.R64,G:\My Drive\PhD\CAPTUR3D_personal\00 Progetti\CellTypeRecognition_DeepLearning\input\numpy files\0195_beta.npy
0196_beta,20210714,P1H2,2 mM,beta2,beta,G:\My Drive\PhD\CAPTUR3D_personal\00 Progetti\CellTypeRecognition_DeepLearning\input\R64 files\20210714\P1H2\beta\beta2_95.R64,G:\My Drive\PhD\CAPTUR3D_personal\00 Progetti\CellTypeRecognition_DeepLearning\input\numpy files\0196_beta.npy
0197_beta,20210714,P1H2,2 mM,beta2,beta,G:\My Drive\PhD\CAPTUR3D_personal\00 Progetti\CellTypeRecognition_DeepLearning\input\R64 files\20210714\P1H2\beta\beta2_96.R64,G:\My Drive\PhD\CAPTUR3D_personal\00 Progetti\CellTypeRecognition_DeepLearning\input\numpy files\0197_beta.npy
0198_beta,20210714,P1H2,2 mM,beta2,beta,G:\My Drive\PhD\CAPTUR3D_personal\00 Progetti\CellTypeRecognition_DeepLearning\input\R64 files\20210714\P1H2\beta\beta2_97.R64,G:\My Drive\PhD\CAPTUR3D_personal\00 Progetti\CellTypeRecognition_DeepLearning\input\numpy files\0198_beta.npy
0199_beta,20210714,P1H2,2 mM,beta2,beta,G:\My Drive\PhD\CAPTUR3D_personal\00 Progetti\CellTypeRecognition_DeepLearning\input\R64 files\20210714\P1H2\beta\beta2_98.R64,G:\My Drive\PhD\CAPTUR3D_personal\00 Progetti\CellTypeRecognition_DeepLearning\input\numpy files\0199_beta.npy
0200_beta,20210714,P1H2,2 mM,beta2,beta,G:\My Drive\PhD\CAPTUR3D_personal\00 Progetti\CellTypeRecognition_DeepLearning\input\R64 files\20210714\P1H2\beta\beta2_99.R64,G:\My Drive\PhD\CAPTUR3D_personal\00 Progetti\CellTypeRecognition_DeepLearning\input\numpy files\0200_beta.npy
0201_beta,20210714,P1H2,2 mM,beta2,beta,G:\My Drive\PhD\CAPTUR3D_personal\00 Progetti\CellTypeRecognition_DeepLearning\input\R64 files\20210714\P1H2\beta\beta2_100.R64,G:\My Drive\PhD\CAPTUR3D_personal\00 Progetti\CellTypeRecognition_DeepLearning\input\numpy files\0201_beta.npy
0202_beta,20210714,P1H2,2 mM,beta2,beta,G:\My Drive\PhD\CAPTUR3D_personal\00 Progetti\CellTypeRecognition_DeepLearning\input\R64 files\20210714\P1H2\beta\beta2_101.R64,G:\My Drive\PhD\CAPTUR3D_personal\00 Progetti\CellTypeRecognition_DeepLearning\input\numpy files\0202_beta.npy
0203_beta,20210714,P1H2,2 mM,beta2,beta,G:\My Drive\PhD\CAPTUR3D_personal\00 Progetti\CellTypeRecognition_DeepLearning\input\R64 files\20210714\P1H2\beta\beta2_102.R64,G:\My Drive\PhD\CAPTUR3D_personal\00 Progetti\CellTypeRecognition_DeepLearning\input\numpy files\0203_beta.npy
0204_beta,20210714,P1H2,2 mM,beta2,beta,G:\My Drive\PhD\CAPTUR3D_personal\00 Progetti\CellTypeRecognition_DeepLearning\input\R64 files\20210714\P1H2\beta\beta2_103.R64,G:\My Drive\PhD\CAPTUR3D_personal\00 Progetti\CellTypeRecognition_DeepLearning\input\numpy files\0204_beta.npy
0205_beta,20210714,P1H2,2 mM,beta2,beta,G:\My Drive\PhD\CAPTUR3D_personal\00 Progetti\CellTypeRecognition_DeepLearning\input\R64 files\20210714\P1H2\beta\beta2_104.R64,G:\My Drive\PhD\CAPTUR3D_personal\00 Progetti\CellTypeRecognition_DeepLearning\input\numpy files\0205_beta.npy
0206_beta,20210714,P1H2,2 mM,beta2,beta,G:\My Drive\PhD\CAPTUR3D_personal\00 Progetti\CellTypeRecognition_DeepLearning\input\R64 files\20210714\P1H2\beta\beta2_105.R64,G:\My Drive\PhD\CAPTUR3D_personal\00 Progetti\CellTypeRecognition_DeepLearning\input\numpy files\0206_beta.npy
0207_beta,20210714,P1H2,2 mM,beta2,beta,G:\My Drive\PhD\CAPTUR3D_personal\00 Progetti\CellTypeRecognition_DeepLearning\input\R64 files\20210714\P1H2\beta\beta2_106.R64,G:\My Drive\PhD\CAPTUR3D_personal\00 Progetti\CellTypeRecognition_DeepLearning\input\numpy files\0207_beta.npy
0208_beta,20210714,P1H2,2 mM,beta2,beta,G:\My Drive\PhD\CAPTUR3D_personal\00 Progetti\CellTypeRecognition_DeepLearning\input\R64 files\20210714\P1H2\beta\beta2_107.R64,G:\My Drive\PhD\CAPTUR3D_personal\00 Progetti\CellTypeRecognition_DeepLearning\input\numpy files\0208_beta.npy
0209_beta,20210714,P1H2,2 mM,beta2,beta,G:\My Drive\PhD\CAPTUR3D_personal\00 Progetti\CellTypeRecognition_DeepLearning\input\R64 files\20210714\P1H2\beta\beta2_108.R64,G:\My Drive\PhD\CAPTUR3D_personal\00 Progetti\CellTypeRecognition_DeepLearning\input\numpy files\0209_beta.npy
0210_beta,20210714,P1H2,2 mM,beta2,beta,G:\My Drive\PhD\CAPTUR3D_personal\00 Progetti\CellTypeRecognition_DeepLearning\input\R64 files\20210714\P1H2\beta\beta2_109.R64,G:\My Drive\PhD\CAPTUR3D_personal\00 Progetti\CellTypeRecognition_DeepLearning\input\numpy files\0210_beta.npy
0211_beta,20210714,P1H2,2 mM,beta2,beta,G:\My Drive\PhD\CAPTUR3D_personal\00 Progetti\CellTypeRecognition_DeepLearning\input\R64 files\20210714\P1H2\beta\beta2_110.R64,G:\My Drive\PhD\CAPTUR3D_personal\00 Progetti\CellTypeRecognition_DeepLearning\input\numpy files\0211_beta.npy
0212_beta,20210714,P1H2,2 mM,beta2,beta,G:\My Drive\PhD\CAPTUR3D_personal\00 Progetti\CellTypeRecognition_DeepLearning\input\R64 files\20210714\P1H2\beta\beta2_111.R64,G:\My Drive\PhD\CAPTUR3D_personal\00 Progetti\CellTypeRecognition_DeepLearning\input\numpy files\0212_beta.npy
0213_beta,20210714,P1H2,2 mM,beta2,beta,G:\My Drive\PhD\CAPTUR3D_personal\00 Progetti\CellTypeRecognition_DeepLearning\input\R64 files\20210714\P1H2\beta\beta2_112.R64,G:\My Drive\PhD\CAPTUR3D_personal\00 Progetti\CellTypeRecognition_DeepLearning\input\numpy files\0213_beta.npy
0214_beta,20210714,P1H2,2 mM,beta2,beta,G:\My Drive\PhD\CAPTUR3D_personal\00 Progetti\CellTypeRecognition_DeepLearning\input\R64 files\20210714\P1H2\beta\beta2_113.R64,G:\My Drive\PhD\CAPTUR3D_personal\00 Progetti\CellTypeRecognition_DeepLearning\input\numpy files\0214_beta.npy
0215_beta,20210714,P1H2,2 mM,beta2,beta,G:\My Drive\PhD\CAPTUR3D_personal\00 Progetti\CellTypeRecognition_DeepLearning\input\R64 files\20210714\P1H2\beta\beta2_114.R64,G:\My Drive\PhD\CAPTUR3D_personal\00 Progetti\CellTypeRecognition_DeepLearning\input\numpy files\0215_beta.npy
0216_beta,20210714,P1H2,2 mM,beta2,beta,G:\My Drive\PhD\CAPTUR3D_personal\00 Progetti\CellTypeRecognition_DeepLearning\input\R64 files\20210714\P1H2\beta\beta2_115.R64,G:\My Drive\PhD\CAPTUR3D_personal\00 Progetti\CellTypeRecognition_DeepLearning\input\numpy files\0216_beta.npy
0217_beta,20210714,P1H2,2 mM,beta2,beta,G:\My Drive\PhD\CAPTUR3D_personal\00 Progetti\CellTypeRecognition_DeepLearning\input\R64 files\20210714\P1H2\beta\beta2_116.R64,G:\My Drive\PhD\CAPTUR3D_personal\00 Progetti\CellTypeRecognition_DeepLearning\input\numpy files\0217_beta.npy
0218_beta,20210714,P1H2,2 mM,beta2,beta,G:\My Drive\PhD\CAPTUR3D_personal\00 Progetti\CellTypeRecognition_DeepLearning\input\R64 files\20210714\P1H2\beta\beta2_117.R64,G:\My Drive\PhD\CAPTUR3D_personal\00 Progetti\CellTypeRecognition_DeepLearning\input\numpy files\0218_beta.npy
0219_beta,20210714,P1H2,2 mM,beta2,beta,G:\My Drive\PhD\CAPTUR3D_personal\00 Progetti\CellTypeRecognition_DeepLearning\input\R64 files\20210714\P1H2\beta\beta2_118.R64,G:\My Drive\PhD\CAPTUR3D_personal\00 Progetti\CellTypeRecognition_DeepLearning\input\numpy files\0219_beta.npy
0220_beta,20210714,P1H2,2 mM,beta2,beta,G:\My Drive\PhD\CAPTUR3D_personal\00 Progetti\CellTypeRecognition_DeepLearning\input\R64 files\20210714\P1H2\beta\beta2_119.R64,G:\My Drive\PhD\CAPTUR3D_personal\00 Progetti\CellTypeRecognition_DeepLearning\input\numpy files\0220_beta.npy
0221_beta,20210714,P1H2,2 mM,beta2,beta,G:\My Drive\PhD\CAPTUR3D_personal\00 Progetti\CellTypeRecognition_DeepLearning\input\R64 files\20210714\P1H2\beta\beta2_120.R64,G:\My Drive\PhD\CAPTUR3D_personal\00 Progetti\CellTypeRecognition_DeepLearning\input\numpy files\0221_beta.npy
0222_beta,20210714,P1H2,2 mM,beta2,beta,G:\My Drive\PhD\CAPTUR3D_personal\00 Progetti\CellTypeRecognition_DeepLearning\input\R64 files\20210714\P1H2\beta\beta2_121.R64,G:\My Drive\PhD\CAPTUR3D_personal\00 Progetti\CellTypeRecognition_DeepLearning\input\numpy files\0222_beta.npy
0223_beta,20210714,P1H2,2 mM,beta2,beta,G:\My Drive\PhD\CAPTUR3D_personal\00 Progetti\CellTypeRecognition_DeepLearning\input\R64 files\20210714\P1H2\beta\beta2_122.R64,G:\My Drive\PhD\CAPTUR3D_personal\00 Progetti\CellTypeRecognition_DeepLearning\input\numpy files\0223_beta.npy
0224_beta,20210714,P1H2,2 mM,beta2,beta,G:\My Drive\PhD\CAPTUR3D_personal\00 Progetti\CellTypeRecognition_DeepLearning\input\R64 files\20210714\P1H2\beta\beta2_123.R64,G:\My Drive\PhD\CAPTUR3D_personal\00 Progetti\CellTypeRecognition_DeepLearning\input\numpy files\0224_beta.npy
0225_beta,20210714,P1H2,2 mM,beta2,beta,G:\My Drive\PhD\CAPTUR3D_personal\00 Progetti\CellTypeRecognition_DeepLearning\input\R64 files\20210714\P1H2\beta\beta2_124.R64,G:\My Drive\PhD\CAPTUR3D_personal\00 Progetti\CellTypeRecognition_DeepLearning\input\numpy files\0225_beta.npy
0226_beta,20210714,P1H2,1 mM,beta16,beta,G:\My Drive\PhD\CAPTUR3D_personal\00 Progetti\CellTypeRecognition_DeepLearning\input\R64 files\20210714\P1H2\beta\beta16_1.R64,G:\My Drive\PhD\CAPTUR3D_personal\00 Progetti\CellTypeRecognition_DeepLearning\input\numpy files\0226_beta.npy
0227_beta,20210714,P1H2,1 mM,beta16,beta,G:\My Drive\PhD\CAPTUR3D_personal\00 Progetti\CellTypeRecognition_DeepLearning\input\R64 files\20210714\P1H2\beta\beta16_2.R64,G:\My Drive\PhD\CAPTUR3D_personal\00 Progetti\CellTypeRecognition_DeepLearning\input\numpy files\0227_beta.npy
0228_beta,20210714,P1H2,1 mM,beta16,beta,G:\My Drive\PhD\CAPTUR3D_personal\00 Progetti\CellTypeRecognition_DeepLearning\input\R64 files\20210714\P1H2\beta\beta16_3.R64,G:\My Drive\PhD\CAPTUR3D_personal\00 Progetti\CellTypeRecognition_DeepLearning\input\numpy files\0228_beta.npy
0229_beta,20210714,P1H2,1 mM,beta16,beta,G:\My Drive\PhD\CAPTUR3D_personal\00 Progetti\CellTypeRecognition_DeepLearning\input\R64 files\20210714\P1H2\beta\beta16_4.R64,G:\My Drive\PhD\CAPTUR3D_personal\00 Progetti\CellTypeRecognition_DeepLearning\input\numpy files\0229_beta.npy
0230_beta,20210714,P1H2,1 mM,beta16,beta,G:\My Drive\PhD\CAPTUR3D_personal\00 Progetti\CellTypeRecognition_DeepLearning\input\R64 files\20210714\P1H2\beta\beta16_5.R64,G:\My Drive\PhD\CAPTUR3D_personal\00 Progetti\CellTypeRecognition_DeepLearning\input\numpy files\0230_beta.npy
0231_beta,20210714,P1H2,1 mM,beta16,beta,G:\My Drive\PhD\CAPTUR3D_personal\00 Progetti\CellTypeRecognition_DeepLearning\input\R64 files\20210714\P1H2\beta\beta16_6.R64,G:\My Drive\PhD\CAPTUR3D_personal\00 Progetti\CellTypeRecognition_DeepLearning\input\numpy files\0231_beta.npy
0232_beta,20210714,P1H2,1 mM,beta16,beta,G:\My Drive\PhD\CAPTUR3D_personal\00 Progetti\CellTypeRecognition_DeepLearning\input\R64 files\20210714\P1H2\beta\beta16_7.R64,G:\My Drive\PhD\CAPTUR3D_personal\00 Progetti\CellTypeRecognition_DeepLearning\input\numpy files\0232_beta.npy
0233_beta,20210714,P1H2,1 mM,beta16,beta,G:\My Drive\PhD\CAPTUR3D_personal\00 Progetti\CellTypeRecognition_DeepLearning\input\R64 files\20210714\P1H2\beta\beta16_8.R64,G:\My Drive\PhD\CAPTUR3D_personal\00 Progetti\CellTypeRecognition_DeepLearning\input\numpy files\0233_beta.npy
0234_beta,20210714,P1H2,1 mM,beta16,beta,G:\My Drive\PhD\CAPTUR3D_personal\00 Progetti\CellTypeRecognition_DeepLearning\input\R64 files\20210714\P1H2\beta\beta16_9.R64,G:\My Drive\PhD\CAPTUR3D_personal\00 Progetti\CellTypeRecognition_DeepLearning\input\numpy files\0234_beta.npy
0235_beta,20210714,P1H2,1 mM,beta16,beta,G:\My Drive\PhD\CAPTUR3D_personal\00 Progetti\CellTypeRecognition_DeepLearning\input\R64 files\20210714\P1H2\beta\beta16_10.R64,G:\My Drive\PhD\CAPTUR3D_personal\00 Progetti\CellTypeRecognition_DeepLearning\input\numpy files\0235_beta.npy
0236_beta,20210714,P1H2,1 mM,beta16,beta,G:\My Drive\PhD\CAPTUR3D_personal\00 Progetti\CellTypeRecognition_DeepLearning\input\R64 files\20210714\P1H2\beta\beta16_11.R64,G:\My Drive\PhD\CAPTUR3D_personal\00 Progetti\CellTypeRecognition_DeepLearning\input\numpy files\0236_beta.npy
0237_beta,20210714,P1H2,1 mM,beta16,beta,G:\My Drive\PhD\CAPTUR3D_personal\00 Progetti\CellTypeRecognition_DeepLearning\input\R64 files\20210714\P1H2\beta\beta16_12.R64,G:\My Drive\PhD\CAPTUR3D_personal\00 Progetti\CellTypeRecognition_DeepLearning\input\numpy files\0237_beta.npy
0238_beta,20210714,P1H2,1 mM,beta16,beta,G:\My Drive\PhD\CAPTUR3D_personal\00 Progetti\CellTypeRecognition_DeepLearning\input\R64 files\20210714\P1H2\beta\beta16_13.R64,G:\My Drive\PhD\CAPTUR3D_personal\00 Progetti\CellTypeRecognition_DeepLearning\input\numpy files\0238_beta.npy
0239_beta,20210714,P1H2,1 mM,beta16,beta,G:\My Drive\PhD\CAPTUR3D_personal\00 Progetti\CellTypeRecognition_DeepLearning\input\R64 files\20210714\P1H2\beta\beta16_14.R64,G:\My Drive\PhD\CAPTUR3D_personal\00 Progetti\CellTypeRecognition_DeepLearning\input\numpy files\0239_beta.npy
0240_beta,20210714,P1H2,1 mM,beta16,beta,G:\My Drive\PhD\CAPTUR3D_personal\00 Progetti\CellTypeRecognition_DeepLearning\input\R64 files\20210714\P1H2\beta\beta16_15.R64,G:\My Drive\PhD\CAPTUR3D_personal\00 Progetti\CellTypeRecognition_DeepLearning\input\numpy files\0240_beta.npy
0241_beta,20210714,P1H2,1 mM,beta16,beta,G:\My Drive\PhD\CAPTUR3D_personal\00 Progetti\CellTypeRecognition_DeepLearning\input\R64 files\20210714\P1H2\beta\beta16_16.R64,G:\My Drive\PhD\CAPTUR3D_personal\00 Progetti\CellTypeRecognition_DeepLearning\input\numpy files\0241_beta.npy
0242_beta,20210714,P1H2,1 mM,beta16,beta,G:\My Drive\PhD\CAPTUR3D_personal\00 Progetti\CellTypeRecognition_DeepLearning\input\R64 files\20210714\P1H2\beta\beta16_17.R64,G:\My Drive\PhD\CAPTUR3D_personal\00 Progetti\CellTypeRecognition_DeepLearning\input\numpy files\0242_beta.npy
0243_beta,20210714,P1H2,1 mM,beta16,beta,G:\My Drive\PhD\CAPTUR3D_personal\00 Progetti\CellTypeRecognition_DeepLearning\input\R64 files\20210714\P1H2\beta\beta16_18.R64,G:\My Drive\PhD\CAPTUR3D_personal\00 Progetti\CellTypeRecognition_DeepLearning\input\numpy files\0243_beta.npy
0244_beta,20210714,P1H2,1 mM,beta16,beta,G:\My Drive\PhD\CAPTUR3D_personal\00 Progetti\CellTypeRecognition_DeepLearning\input\R64 files\20210714\P1H2\beta\beta16_19.R64,G:\My Drive\PhD\CAPTUR3D_personal\00 Progetti\CellTypeRecognition_DeepLearning\input\numpy files\0244_beta.npy
0245_beta,20210714,P1H2,1 mM,beta16,beta,G:\My Drive\PhD\CAPTUR3D_personal\00 Progetti\CellTypeRecognition_DeepLearning\input\R64 files\20210714\P1H2\beta\beta16_20.R64,G:\My Drive\PhD\CAPTUR3D_personal\00 Progetti\CellTypeRecognition_DeepLearning\input\numpy files\0245_beta.npy
0246_beta,20210714,P1H2,1 mM,beta16,beta,G:\My Drive\PhD\CAPTUR3D_personal\00 Progetti\CellTypeRecognition_DeepLearning\input\R64 files\20210714\P1H2\beta\beta16_21.R64,G:\My Drive\PhD\CAPTUR3D_personal\00 Progetti\CellTypeRecognition_DeepLearning\input\numpy files\0246_beta.npy
0247_beta,20210714,P1H2,1 mM,beta16,beta,G:\My Drive\PhD\CAPTUR3D_personal\00 Progetti\CellTypeRecognition_DeepLearning\input\R64 files\20210714\P1H2\beta\beta16_22.R64,G:\My Drive\PhD\CAPTUR3D_personal\00 Progetti\CellTypeRecognition_DeepLearning\input\numpy files\0247_beta.npy
0248_beta,20210714,P1H2,1 mM,beta16,beta,G:\My Drive\PhD\CAPTUR3D_personal\00 Progetti\CellTypeRecognition_DeepLearning\input\R64 files\20210714\P1H2\beta\beta16_23.R64,G:\My Drive\PhD\CAPTUR3D_personal\00 Progetti\CellTypeRecognition_DeepLearning\input\numpy files\0248_beta.npy
0249_beta,20210714,P1H2,1 mM,beta16,beta,G:\My Drive\PhD\CAPTUR3D_personal\00 Progetti\CellTypeRecognition_DeepLearning\input\R64 files\20210714\P1H2\beta\beta16_24.R64,G:\My Drive\PhD\CAPTUR3D_personal\00 Progetti\CellTypeRecognition_DeepLearning\input\numpy files\0249_beta.npy
0250_beta,20210714,P1H2,1 mM,beta16,beta,G:\My Drive\PhD\CAPTUR3D_personal\00 Progetti\CellTypeRecognition_DeepLearning\input\R64 files\20210714\P1H2\beta\beta16_25.R64,G:\My Drive\PhD\CAPTUR3D_personal\00 Progetti\CellTypeRecognition_DeepLearning\input\numpy files\0250_beta.npy
0251_beta,20210714,P1H2,1 mM,beta16,beta,G:\My Drive\PhD\CAPTUR3D_personal\00 Progetti\CellTypeRecognition_DeepLearning\input\R64 files\20210714\P1H2\beta\beta16_26.R64,G:\My Drive\PhD\CAPTUR3D_personal\00 Progetti\CellTypeRecognition_DeepLearning\input\numpy files\0251_beta.npy
0252_beta,20210714,P1H2,1 mM,beta16,beta,G:\My Drive\PhD\CAPTUR3D_personal\00 Progetti\CellTypeRecognition_DeepLearning\input\R64 files\20210714\P1H2\beta\beta16_27.R64,G:\My Drive\PhD\CAPTUR3D_personal\00 Progetti\CellTypeRecognition_DeepLearning\input\numpy files\0252_beta.npy
0253_beta,20210714,P1H2,1 mM,beta16,beta,G:\My Drive\PhD\CAPTUR3D_personal\00 Progetti\CellTypeRecognition_DeepLearning\input\R64 files\20210714\P1H2\beta\beta16_28.R64,G:\My Drive\PhD\CAPTUR3D_personal\00 Progetti\CellTypeRecognition_DeepLearning\input\numpy files\0253_beta.npy
0254_beta,20210714,P1H2,1 mM,beta16,beta,G:\My Drive\PhD\CAPTUR3D_personal\00 Progetti\CellTypeRecognition_DeepLearning\input\R64 files\20210714\P1H2\beta\beta16_29.R64,G:\My Drive\PhD\CAPTUR3D_personal\00 Progetti\CellTypeRecognition_DeepLearning\input\numpy files\0254_beta.npy
0255_beta,20210714,P1H2,1 mM,beta16,beta,G:\My Drive\PhD\CAPTUR3D_personal\00 Progetti\CellTypeRecognition_DeepLearning\input\R64 files\20210714\P1H2\beta\beta16_30.R64,G:\My Drive\PhD\CAPTUR3D_personal\00 Progetti\CellTypeRecognition_DeepLearning\input\numpy files\0255_beta.npy
0256_beta,20210714,P1H2,1 mM,beta16,beta,G:\My Drive\PhD\CAPTUR3D_personal\00 Progetti\CellTypeRecognition_DeepLearning\input\R64 files\20210714\P1H2\beta\beta16_31.R64,G:\My Drive\PhD\CAPTUR3D_personal\00 Progetti\CellTypeRecognition_DeepLearning\input\numpy files\0256_beta.npy
0257_beta,20210714,P1H2,1 mM,beta16,beta,G:\My Drive\PhD\CAPTUR3D_personal\00 Progetti\CellTypeRecognition_DeepLearning\input\R64 files\20210714\P1H2\beta\beta16_32.R64,G:\My Drive\PhD\CAPTUR3D_personal\00 Progetti\CellTypeRecognition_DeepLearning\input\numpy files\0257_beta.npy
0258_beta,20210714,P1H2,1 mM,beta16,beta,G:\My Drive\PhD\CAPTUR3D_personal\00 Progetti\CellTypeRecognition_DeepLearning\input\R64 files\20210714\P1H2\beta\beta16_33.R64,G:\My Drive\PhD\CAPTUR3D_personal\00 Progetti\CellTypeRecognition_DeepLearning\input\numpy files\0258_beta.npy
0259_beta,20210714,P1H2,1 mM,beta16,beta,G:\My Drive\PhD\CAPTUR3D_personal\00 Progetti\CellTypeRecognition_DeepLearning\input\R64 files\20210714\P1H2\beta\beta16_34.R64,G:\My Drive\PhD\CAPTUR3D_personal\00 Progetti\CellTypeRecognition_DeepLearning\input\numpy files\0259_beta.npy
0260_beta,20210714,P1H2,1 mM,beta16,beta,G:\My Drive\PhD\CAPTUR3D_personal\00 Progetti\CellTypeRecognition_DeepLearning\input\R64 files\20210714\P1H2\beta\beta16_35.R64,G:\My Drive\PhD\CAPTUR3D_personal\00 Progetti\CellTypeRecognition_DeepLearning\input\numpy files\0260_beta.npy
0261_beta,20210714,P1H2,1 mM,beta16,beta,G:\My Drive\PhD\CAPTUR3D_personal\00 Progetti\CellTypeRecognition_DeepLearning\input\R64 files\20210714\P1H2\beta\beta16_36.R64,G:\My Drive\PhD\CAPTUR3D_personal\00 Progetti\CellTypeRecognition_DeepLearning\input\numpy files\0261_beta.npy
0262_beta,20210714,P1H2,1 mM,beta16,beta,G:\My Drive\PhD\CAPTUR3D_personal\00 Progetti\CellTypeRecognition_DeepLearning\input\R64 files\20210714\P1H2\beta\beta16_37.R64,G:\My Drive\PhD\CAPTUR3D_personal\00 Progetti\CellTypeRecognition_DeepLearning\input\numpy files\0262_beta.npy
0263_beta,20210714,P1H2,1 mM,beta16,beta,G:\My Drive\PhD\CAPTUR3D_personal\00 Progetti\CellTypeRecognition_DeepLearning\input\R64 files\20210714\P1H2\beta\beta16_38.R64,G:\My Drive\PhD\CAPTUR3D_personal\00 Progetti\CellTypeRecognition_DeepLearning\input\numpy files\0263_beta.npy
0264_beta,20210714,P1H2,1 mM,beta16,beta,G:\My Drive\PhD\CAPTUR3D_personal\00 Progetti\CellTypeRecognition_DeepLearning\input\R64 files\20210714\P1H2\beta\beta16_39.R64,G:\My Drive\PhD\CAPTUR3D_personal\00 Progetti\CellTypeRecognition_DeepLearning\input\numpy files\0264_beta.npy
0265_beta,20210714,P1H2,1 mM,beta16,beta,G:\My Drive\PhD\CAPTUR3D_personal\00 Progetti\CellTypeRecognition_DeepLearning\input\R64 files\20210714\P1H2\beta\beta16_40.R64,G:\My Drive\PhD\CAPTUR3D_personal\00 Progetti\CellTypeRecognition_DeepLearning\input\numpy files\0265_beta.npy
0266_beta,20210714,P1H2,1 mM,beta16,beta,G:\My Drive\PhD\CAPTUR3D_personal\00 Progetti\CellTypeRecognition_DeepLearning\input\R64 files\20210714\P1H2\beta\beta16_41.R64,G:\My Drive\PhD\CAPTUR3D_personal\00 Progetti\CellTypeRecognition_DeepLearning\input\numpy files\0266_beta.npy
0267_beta,20210714,P1H2,1 mM,beta16,beta,G:\My Drive\PhD\CAPTUR3D_personal\00 Progetti\CellTypeRecognition_DeepLearning\input\R64 files\20210714\P1H2\beta\beta16_42.R64,G:\My Drive\PhD\CAPTUR3D_personal\00 Progetti\CellTypeRecognition_DeepLearning\input\numpy files\0267_beta.npy
0268_beta,20210714,P1H2,1 mM,beta16,beta,G:\My Drive\PhD\CAPTUR3D_personal\00 Progetti\CellTypeRecognition_DeepLearning\input\R64 files\20210714\P1H2\beta\beta16_43.R64,G:\My Drive\PhD\CAPTUR3D_personal\00 Progetti\CellTypeRecognition_DeepLearning\input\numpy files\0268_beta.npy
0269_beta,20210714,P1H2,1 mM,beta16,beta,G:\My Drive\PhD\CAPTUR3D_personal\00 Progetti\CellTypeRecognition_DeepLearning\input\R64 files\20210714\P1H2\beta\beta16_44.R64,G:\My Drive\PhD\CAPTUR3D_personal\00 Progetti\CellTypeRecognition_DeepLearning\input\numpy files\0269_beta.npy
0270_beta,20210714,P1H2,1 mM,beta16,beta,G:\My Drive\PhD\CAPTUR3D_personal\00 Progetti\CellTypeRecognition_DeepLearning\input\R64 files\20210714\P1H2\beta\beta16_45.R64,G:\My Drive\PhD\CAPTUR3D_personal\00 Progetti\CellTypeRecognition_DeepLearning\input\numpy files\0270_beta.npy
0271_beta,20210714,P1H2,1 mM,beta16,beta,G:\My Drive\PhD\CAPTUR3D_personal\00 Progetti\CellTypeRecognition_DeepLearning\input\R64 files\20210714\P1H2\beta\beta16_46.R64,G:\My Drive\PhD\CAPTUR3D_personal\00 Progetti\CellTypeRecognition_DeepLearning\input\numpy files\0271_beta.npy
0272_beta,20210714,P1H2,1 mM,beta16,beta,G:\My Drive\PhD\CAPTUR3D_personal\00 Progetti\CellTypeRecognition_DeepLearning\input\R64 files\20210714\P1H2\beta\beta16_47.R64,G:\My Drive\PhD\CAPTUR3D_personal\00 Progetti\CellTypeRecognition_DeepLearning\input\numpy files\0272_beta.npy
0273_beta,20210714,P1H2,1 mM,beta16,beta,G:\My Drive\PhD\CAPTUR3D_personal\00 Progetti\CellTypeRecognition_DeepLearning\input\R64 files\20210714\P1H2\beta\beta16_48.R64,G:\My Drive\PhD\CAPTUR3D_personal\00 Progetti\CellTypeRecognition_DeepLearning\input\numpy files\0273_beta.npy
0274_beta,20210714,P1H2,1 mM,beta16,beta,G:\My Drive\PhD\CAPTUR3D_personal\00 Progetti\CellTypeRecognition_DeepLearning\input\R64 files\20210714\P1H2\beta\beta16_49.R64,G:\My Drive\PhD\CAPTUR3D_personal\00 Progetti\CellTypeRecognition_DeepLearning\input\numpy files\0274_beta.npy
0275_beta,20210714,P1H2,1 mM,beta16,beta,G:\My Drive\PhD\CAPTUR3D_personal\00 Progetti\CellTypeRecognition_DeepLearning\input\R64 files\20210714\P1H2\beta\beta16_50.R64,G:\My Drive\PhD\CAPTUR3D_personal\00 Progetti\CellTypeRecognition_DeepLearning\input\numpy files\0275_beta.npy
0276_beta,20210714,P1H2,1 mM,beta16,beta,G:\My Drive\PhD\CAPTUR3D_personal\00 Progetti\CellTypeRecognition_DeepLearning\input\R64 files\20210714\P1H2\beta\beta16_51.R64,G:\My Drive\PhD\CAPTUR3D_personal\00 Progetti\CellTypeRecognition_DeepLearning\input\numpy files\0276_beta.npy
0277_beta,20210714,P1H2,1 mM,beta16,beta,G:\My Drive\PhD\CAPTUR3D_personal\00 Progetti\CellTypeRecognition_DeepLearning\input\R64 files\20210714\P1H2\beta\beta16_52.R64,G:\My Drive\PhD\CAPTUR3D_personal\00 Progetti\CellTypeRecognition_DeepLearning\input\numpy files\0277_beta.npy
0278_beta,20210714,P1H2,1 mM,beta16,beta,G:\My Drive\PhD\CAPTUR3D_personal\00 Progetti\CellTypeRecognition_DeepLearning\input\R64 files\20210714\P1H2\beta\beta16_53.R64,G:\My Drive\PhD\CAPTUR3D_personal\00 Progetti\CellTypeRecognition_DeepLearning\input\numpy files\0278_beta.npy
0279_beta,20210714,P1H2,1 mM,beta16,beta,G:\My Drive\PhD\CAPTUR3D_personal\00 Progetti\CellTypeRecognition_DeepLearning\input\R64 files\20210714\P1H2\beta\beta16_54.R64,G:\My Drive\PhD\CAPTUR3D_personal\00 Progetti\CellTypeRecognition_DeepLearning\input\numpy files\0279_beta.npy
0280_beta,20210714,P1H2,1 mM,beta16,beta,G:\My Drive\PhD\CAPTUR3D_personal\00 Progetti\CellTypeRecognition_DeepLearning\input\R64 files\20210714\P1H2\beta\beta16_55.R64,G:\My Drive\PhD\CAPTUR3D_personal\00 Progetti\CellTypeRecognition_DeepLearning\input\numpy files\0280_beta.npy
0281_beta,20210714,P1H2,1 mM,beta16,beta,G:\My Drive\PhD\CAPTUR3D_personal\00 Progetti\CellTypeRecognition_DeepLearning\input\R64 files\20210714\P1H2\beta\beta16_56.R64,G:\My Drive\PhD\CAPTUR3D_personal\00 Progetti\CellTypeRecognition_DeepLearning\input\numpy files\0281_beta.npy
0282_beta,20210714,P1H2,1 mM,beta16,beta,G:\My Drive\PhD\CAPTUR3D_personal\00 Progetti\CellTypeRecognition_DeepLearning\input\R64 files\20210714\P1H2\beta\beta16_57.R64,G:\My Drive\PhD\CAPTUR3D_personal\00 Progetti\CellTypeRecognition_DeepLearning\input\numpy files\0282_beta.npy
0283_beta,20210714,P1H2,1 mM,beta16,beta,G:\My Drive\PhD\CAPTUR3D_personal\00 Progetti\CellTypeRecognition_DeepLearning\input\R64 files\20210714\P1H2\beta\beta16_58.R64,G:\My Drive\PhD\CAPTUR3D_personal\00 Progetti\CellTypeRecognition_DeepLearning\input\numpy files\0283_beta.npy
0284_beta,20210714,P1H2,1 mM,beta16,beta,G:\My Drive\PhD\CAPTUR3D_personal\00 Progetti\CellTypeRecognition_DeepLearning\input\R64 files\20210714\P1H2\beta\beta16_59.R64,G:\My Drive\PhD\CAPTUR3D_personal\00 Progetti\CellTypeRecognition_DeepLearning\input\numpy files\0284_beta.npy
0285_beta,20210714,P1H2,1 mM,beta16,beta,G:\My Drive\PhD\CAPTUR3D_personal\00 Progetti\CellTypeRecognition_DeepLearning\input\R64 files\20210714\P1H2\beta\beta16_60.R64,G:\My Drive\PhD\CAPTUR3D_personal\00 Progetti\CellTypeRecognition_DeepLearning\input\numpy files\0285_beta.npy
0286_beta,20210714,P1H2,1 mM,beta16,beta,G:\My Drive\PhD\CAPTUR3D_personal\00 Progetti\CellTypeRecognition_DeepLearning\input\R64 files\20210714\P1H2\beta\beta16_61.R64,G:\My Drive\PhD\CAPTUR3D_personal\00 Progetti\CellTypeRecognition_DeepLearning\input\numpy files\0286_beta.npy
0287_beta,20210714,P1H2,1 mM,beta16,beta,G:\My Drive\PhD\CAPTUR3D_personal\00 Progetti\CellTypeRecognition_DeepLearning\input\R64 files\20210714\P1H2\beta\beta16_62.R64,G:\My Drive\PhD\CAPTUR3D_personal\00 Progetti\CellTypeRecognition_DeepLearning\input\numpy files\0287_beta.npy
0288_beta,20210714,P1H2,1 mM,beta16,beta,G:\My Drive\PhD\CAPTUR3D_personal\00 Progetti\CellTypeRecognition_DeepLearning\input\R64 files\20210714\P1H2\beta\beta16_63.R64,G:\My Drive\PhD\CAPTUR3D_personal\00 Progetti\CellTypeRecognition_DeepLearning\input\numpy files\0288_beta.npy
0289_beta,20210714,P1H2,1 mM,beta16,beta,G:\My Drive\PhD\CAPTUR3D_personal\00 Progetti\CellTypeRecognition_DeepLearning\input\R64 files\20210714\P1H2\beta\beta16_64.R64,G:\My Drive\PhD\CAPTUR3D_personal\00 Progetti\CellTypeRecognition_DeepLearning\input\numpy files\0289_beta.npy
0290_beta,20210714,P1H2,1 mM,beta16,beta,G:\My Drive\PhD\CAPTUR3D_personal\00 Progetti\CellTypeRecognition_DeepLearning\input\R64 files\20210714\P1H2\beta\beta16_65.R64,G:\My Drive\PhD\CAPTUR3D_personal\00 Progetti\CellTypeRecognition_DeepLearning\input\numpy files\0290_beta.npy
0291_beta,20210714,P1H2,1 mM,beta16,beta,G:\My Drive\PhD\CAPTUR3D_personal\00 Progetti\CellTypeRecognition_DeepLearning\input\R64 files\20210714\P1H2\beta\beta16_66.R64,G:\My Drive\PhD\CAPTUR3D_personal\00 Progetti\CellTypeRecognition_DeepLearning\input\numpy files\0291_beta.npy
0292_beta,20210714,P1H2,1 mM,beta16,beta,G:\My Drive\PhD\CAPTUR3D_personal\00 Progetti\CellTypeRecognition_DeepLearning\input\R64 files\20210714\P1H2\beta\beta16_67.R64,G:\My Drive\PhD\CAPTUR3D_personal\00 Progetti\CellTypeRecognition_DeepLearning\input\numpy files\0292_beta.npy
0293_beta,20210714,P1H2,1 mM,beta16,beta,G:\My Drive\PhD\CAPTUR3D_personal\00 Progetti\CellTypeRecognition_DeepLearning\input\R64 files\20210714\P1H2\beta\beta16_68.R64,G:\My Drive\PhD\CAPTUR3D_personal\00 Progetti\CellTypeRecognition_DeepLearning\input\numpy files\0293_beta.npy
0294_beta,20210714,P1H2,1 mM,beta16,beta,G:\My Drive\PhD\CAPTUR3D_personal\00 Progetti\CellTypeRecognition_DeepLearning\input\R64 files\20210714\P1H2\beta\beta16_69.R64,G:\My Drive\PhD\CAPTUR3D_personal\00 Progetti\CellTypeRecognition_DeepLearning\input\numpy files\0294_beta.npy
0295_beta,20210714,P1H2,1 mM,beta16,beta,G:\My Drive\PhD\CAPTUR3D_personal\00 Progetti\CellTypeRecognition_DeepLearning\input\R64 files\20210714\P1H2\beta\beta16_70.R64,G:\My Drive\PhD\CAPTUR3D_personal\00 Progetti\CellTypeRecognition_DeepLearning\input\numpy files\0295_beta.npy
0296_beta,20210714,P1H2,1 mM,beta16,beta,G:\My Drive\PhD\CAPTUR3D_personal\00 Progetti\CellTypeRecognition_DeepLearning\input\R64 files\20210714\P1H2\beta\beta16_71.R64,G:\My Drive\PhD\CAPTUR3D_personal\00 Progetti\CellTypeRecognition_DeepLearning\input\numpy files\0296_beta.npy
0297_beta,20210714,P1H2,1 mM,beta16,beta,G:\My Drive\PhD\CAPTUR3D_personal\00 Progetti\CellTypeRecognition_DeepLearning\input\R64 files\20210714\P1H2\beta\beta16_72.R64,G:\My Drive\PhD\CAPTUR3D_personal\00 Progetti\CellTypeRecognition_DeepLearning\input\numpy files\0297_beta.npy
0298_beta,20210714,P1H2,1 mM,beta16,beta,G:\My Drive\PhD\CAPTUR3D_personal\00 Progetti\CellTypeRecognition_DeepLearning\input\R64 files\20210714\P1H2\beta\beta16_73.R64,G:\My Drive\PhD\CAPTUR3D_personal\00 Progetti\CellTypeRecognition_DeepLearning\input\numpy files\0298_beta.npy
0299_beta,20210714,P1H2,1 mM,beta16,beta,G:\My Drive\PhD\CAPTUR3D_personal\00 Progetti\CellTypeRecognition_DeepLearning\input\R64 files\20210714\P1H2\beta\beta16_74.R64,G:\My Drive\PhD\CAPTUR3D_personal\00 Progetti\CellTypeRecognition_DeepLearning\input\numpy files\0299_beta.npy
0300_beta,20210714,P1H2,1 mM,beta16,beta,G:\My Drive\PhD\CAPTUR3D_personal\00 Progetti\CellTypeRecognition_DeepLearning\input\R64 files\20210714\P1H2\beta\beta16_75.R64,G:\My Drive\PhD\CAPTUR3D_personal\00 Progetti\CellTypeRecognition_DeepLearning\input\numpy files\0300_beta.npy
0301_beta,20210714,P1H2,1 mM,beta16,beta,G:\My Drive\PhD\CAPTUR3D_personal\00 Progetti\CellTypeRecognition_DeepLearning\input\R64 files\20210714\P1H2\beta\beta16_76.R64,G:\My Drive\PhD\CAPTUR3D_personal\00 Progetti\CellTypeRecognition_DeepLearning\input\numpy files\0301_beta.npy
0302_beta,20210714,P1H2,1 mM,beta16,beta,G:\My Drive\PhD\CAPTUR3D_personal\00 Progetti\CellTypeRecognition_DeepLearning\input\R64 files\20210714\P1H2\beta\beta16_77.R64,G:\My Drive\PhD\CAPTUR3D_personal\00 Progetti\CellTypeRecognition_DeepLearning\input\numpy files\0302_beta.npy
0303_beta,20210714,P1H2,1 mM,beta16,beta,G:\My Drive\PhD\CAPTUR3D_personal\00 Progetti\CellTypeRecognition_DeepLearning\input\R64 files\20210714\P1H2\beta\beta16_78.R64,G:\My Drive\PhD\CAPTUR3D_personal\00 Progetti\CellTypeRecognition_DeepLearning\input\numpy files\0303_beta.npy
0304_beta,20210714,P1H2,1 mM,beta16,beta,G:\My Drive\PhD\CAPTUR3D_personal\00 Progetti\CellTypeRecognition_DeepLearning\input\R64 files\20210714\P1H2\beta\beta16_79.R64,G:\My Drive\PhD\CAPTUR3D_personal\00 Progetti\CellTypeRecognition_DeepLearning\input\numpy files\0304_beta.npy
0305_beta,20210714,P1H2,1 mM,beta16,beta,G:\My Drive\PhD\CAPTUR3D_personal\00 Progetti\CellTypeRecognition_DeepLearning\input\R64 files\20210714\P1H2\beta\beta16_80.R64,G:\My Drive\PhD\CAPTUR3D_personal\00 Progetti\CellTypeRecognition_DeepLearning\input\numpy files\0305_beta.npy
0306_beta,20210714,P1H2,1 mM,beta16,beta,G:\My Drive\PhD\CAPTUR3D_personal\00 Progetti\CellTypeRecognition_DeepLearning\input\R64 files\20210714\P1H2\beta\beta16_81.R64,G:\My Drive\PhD\CAPTUR3D_personal\00 Progetti\CellTypeRecognition_DeepLearning\input\numpy files\0306_beta.npy
0307_beta,20210714,P1H2,1 mM,beta16,beta,G:\My Drive\PhD\CAPTUR3D_personal\00 Progetti\CellTypeRecognition_DeepLearning\input\R64 files\20210714\P1H2\beta\beta16_82.R64,G:\My Drive\PhD\CAPTUR3D_personal\00 Progetti\CellTypeRecognition_DeepLearning\input\numpy files\0307_beta.npy
0308_beta,20210714,P1H2,1 mM,beta16,beta,G:\My Drive\PhD\CAPTUR3D_personal\00 Progetti\CellTypeRecognition_DeepLearning\input\R64 files\20210714\P1H2\beta\beta16_83.R64,G:\My Drive\PhD\CAPTUR3D_personal\00 Progetti\CellTypeRecognition_DeepLearning\input\numpy files\0308_beta.npy
0309_beta,20210714,P1H2,1 mM,beta16,beta,G:\My Drive\PhD\CAPTUR3D_personal\00 Progetti\CellTypeRecognition_DeepLearning\input\R64 files\20210714\P1H2\beta\beta16_84.R64,G:\My Drive\PhD\CAPTUR3D_personal\00 Progetti\CellTypeRecognition_DeepLearning\input\numpy files\0309_beta.npy
0310_beta,20210714,P1H2,1 mM,beta16,beta,G:\My Drive\PhD\CAPTUR3D_personal\00 Progetti\CellTypeRecognition_DeepLearning\input\R64 files\20210714\P1H2\beta\beta16_85.R64,G:\My Drive\PhD\CAPTUR3D_personal\00 Progetti\CellTypeRecognition_DeepLearning\input\numpy files\0310_beta.npy
0311_beta,20210714,P1H2,1 mM,beta16,beta,G:\My Drive\PhD\CAPTUR3D_personal\00 Progetti\CellTypeRecognition_DeepLearning\input\R64 files\20210714\P1H2\beta\beta16_86.R64,G:\My Drive\PhD\CAPTUR3D_personal\00 Progetti\CellTypeRecognition_DeepLearning\input\numpy files\0311_beta.npy
0312_beta,20210714,P1H2,1 mM,beta16,beta,G:\My Drive\PhD\CAPTUR3D_personal\00 Progetti\CellTypeRecognition_DeepLearning\input\R64 files\20210714\P1H2\beta\beta16_87.R64,G:\My Drive\PhD\CAPTUR3D_personal\00 Progetti\CellTypeRecognition_DeepLearning\input\numpy files\0312_beta.npy
0313_beta,20210714,P1H2,1 mM,beta16,beta,G:\My Drive\PhD\CAPTUR3D_personal\00 Progetti\CellTypeRecognition_DeepLearning\input\R64 files\20210714\P1H2\beta\beta16_88.R64,G:\My Drive\PhD\CAPTUR3D_personal\00 Progetti\CellTypeRecognition_DeepLearning\input\numpy files\0313_beta.npy
0314_beta,20210714,P1H2,1 mM,beta16,beta,G:\My Drive\PhD\CAPTUR3D_personal\00 Progetti\CellTypeRecognition_DeepLearning\input\R64 files\20210714\P1H2\beta\beta16_89.R64,G:\My Drive\PhD\CAPTUR3D_personal\00 Progetti\CellTypeRecognition_DeepLearning\input\numpy files\0314_beta.npy
0315_beta,20210714,P1H2,1 mM,beta16,beta,G:\My Drive\PhD\CAPTUR3D_personal\00 Progetti\CellTypeRecognition_DeepLearning\input\R64 files\20210714\P1H2\beta\beta16_90.R64,G:\My Drive\PhD\CAPTUR3D_personal\00 Progetti\CellTypeRecognition_DeepLearning\input\numpy files\0315_beta.npy
0316_beta,20210714,P1H2,1 mM,beta16,beta,G:\My Drive\PhD\CAPTUR3D_personal\00 Progetti\CellTypeRecognition_DeepLearning\input\R64 files\20210714\P1H2\beta\beta16_91.R64,G:\My Drive\PhD\CAPTUR3D_personal\00 Progetti\CellTypeRecognition_DeepLearning\input\numpy files\0316_beta.npy
0317_beta,20210714,P1H2,1 mM,beta16,beta,G:\My Drive\PhD\CAPTUR3D_personal\00 Progetti\CellTypeRecognition_DeepLearning\input\R64 files\20210714\P1H2\beta\beta16_92.R64,G:\My Drive\PhD\CAPTUR3D_personal\00 Progetti\CellTypeRecognition_DeepLearning\input\numpy files\0317_beta.npy
0318_beta,20210714,P1H2,1 mM,beta16,beta,G:\My Drive\PhD\CAPTUR3D_personal\00 Progetti\CellTypeRecognition_DeepLearning\input\R64 files\20210714\P1H2\beta\beta16_93.R64,G:\My Drive\PhD\CAPTUR3D_personal\00 Progetti\CellTypeRecognition_DeepLearning\input\numpy files\0318_beta.npy
0319_beta,20210714,P1H2,1 mM,beta16,beta,G:\My Drive\PhD\CAPTUR3D_personal\00 Progetti\CellTypeRecognition_DeepLearning\input\R64 files\20210714\P1H2\beta\beta16_94.R64,G:\My Drive\PhD\CAPTUR3D_personal\00 Progetti\CellTypeRecognition_DeepLearning\input\numpy files\0319_beta.npy
0320_beta,20210714,P1H2,1 mM,beta16,beta,G:\My Drive\PhD\CAPTUR3D_personal\00 Progetti\CellTypeRecognition_DeepLearning\input\R64 files\20210714\P1H2\beta\beta16_95.R64,G:\My Drive\PhD\CAPTUR3D_personal\00 Progetti\CellTypeRecognition_DeepLearning\input\numpy files\0320_beta.npy
0321_beta,20210714,P1H2,1 mM,beta16,beta,G:\My Drive\PhD\CAPTUR3D_personal\00 Progetti\CellTypeRecognition_DeepLearning\input\R64 files\20210714\P1H2\beta\beta16_96.R64,G:\My Drive\PhD\CAPTUR3D_personal\00 Progetti\CellTypeRecognition_DeepLearning\input\numpy files\0321_beta.npy
0322_beta,20210714,P1H2,1 mM,beta16,beta,G:\My Drive\PhD\CAPTUR3D_personal\00 Progetti\CellTypeRecognition_DeepLearning\input\R64 files\20210714\P1H2\beta\beta16_97.R64,G:\My Drive\PhD\CAPTUR3D_personal\00 Progetti\CellTypeRecognition_DeepLearning\input\numpy files\0322_beta.npy
0323_beta,20210714,P1H2,1 mM,beta16,beta,G:\My Drive\PhD\CAPTUR3D_personal\00 Progetti\CellTypeRecognition_DeepLearning\input\R64 files\20210714\P1H2\beta\beta16_98.R64,G:\My Drive\PhD\CAPTUR3D_personal\00 Progetti\CellTypeRecognition_DeepLearning\input\numpy files\0323_beta.npy
0324_beta,20210714,P1H2,1 mM,beta16,beta,G:\My Drive\PhD\CAPTUR3D_personal\00 Progetti\CellTypeRecognition_DeepLearning\input\R64 files\20210714\P1H2\beta\beta16_99.R64,G:\My Drive\PhD\CAPTUR3D_personal\00 Progetti\CellTypeRecognition_DeepLearning\input\numpy files\0324_beta.npy
0325_beta,20210714,P1H2,1 mM,beta16,beta,G:\My Drive\PhD\CAPTUR3D_personal\00 Progetti\CellTypeRecognition_DeepLearning\input\R64 files\20210714\P1H2\beta\beta16_100.R64,G:\My Drive\PhD\CAPTUR3D_personal\00 Progetti\CellTypeRecognition_DeepLearning\input\numpy files\0325_beta.npy
0326_beta,20210714,P1H2,1 mM,beta16,beta,G:\My Drive\PhD\CAPTUR3D_personal\00 Progetti\CellTypeRecognition_DeepLearning\input\R64 files\20210714\P1H2\beta\beta16_101.R64,G:\My Drive\PhD\CAPTUR3D_personal\00 Progetti\CellTypeRecognition_DeepLearning\input\numpy files\0326_beta.npy
0327_beta,20210714,P1H2,1 mM,beta16,beta,G:\My Drive\PhD\CAPTUR3D_personal\00 Progetti\CellTypeRecognition_DeepLearning\input\R64 files\20210714\P1H2\beta\beta16_102.R64,G:\My Drive\PhD\CAPTUR3D_personal\00 Progetti\CellTypeRecognition_DeepLearning\input\numpy files\0327_beta.npy
0328_beta,20210714,P1H2,1 mM,beta16,beta,G:\My Drive\PhD\CAPTUR3D_personal\00 Progetti\CellTypeRecognition_DeepLearning\input\R64 files\20210714\P1H2\beta\beta16_103.R64,G:\My Drive\PhD\CAPTUR3D_personal\00 Progetti\CellTypeRecognition_DeepLearning\input\numpy files\0328_beta.npy
0329_beta,20210714,P1H2,1 mM,beta16,beta,G:\My Drive\PhD\CAPTUR3D_personal\00 Progetti\CellTypeRecognition_DeepLearning\input\R64 files\20210714\P1H2\beta\beta16_104.R64,G:\My Drive\PhD\CAPTUR3D_personal\00 Progetti\CellTypeRecognition_DeepLearning\input\numpy files\0329_beta.npy
0330_beta,20210714,P1H2,1 mM,beta16,beta,G:\My Drive\PhD\CAPTUR3D_personal\00 Progetti\CellTypeRecognition_DeepLearning\input\R64 files\20210714\P1H2\beta\beta16_105.R64,G:\My Drive\PhD\CAPTUR3D_personal\00 Progetti\CellTypeRecognition_DeepLearning\input\numpy files\0330_beta.npy
0331_beta,20210714,P1H2,1 mM,beta16,beta,G:\My Drive\PhD\CAPTUR3D_personal\00 Progetti\CellTypeRecognition_DeepLearning\input\R64 files\20210714\P1H2\beta\beta16_106.R64,G:\My Drive\PhD\CAPTUR3D_personal\00 Progetti\CellTypeRecognition_DeepLearning\input\numpy files\0331_beta.npy
0332_beta,20210714,P1H2,1 mM,beta16,beta,G:\My Drive\PhD\CAPTUR3D_personal\00 Progetti\CellTypeRecognition_DeepLearning\input\R64 files\20210714\P1H2\beta\beta16_107.R64,G:\My Drive\PhD\CAPTUR3D_personal\00 Progetti\CellTypeRecognition_DeepLearning\input\numpy files\0332_beta.npy
0333_beta,20210714,P1H2,1 mM,beta16,beta,G:\My Drive\PhD\CAPTUR3D_personal\00 Progetti\CellTypeRecognition_DeepLearning\input\R64 files\20210714\P1H2\beta\beta16_108.R64,G:\My Drive\PhD\CAPTUR3D_personal\00 Progetti\CellTypeRecognition_DeepLearning\input\numpy files\0333_beta.npy
0334_beta,20210714,P1H2,1 mM,beta16,beta,G:\My Drive\PhD\CAPTUR3D_personal\00 Progetti\CellTypeRecognition_DeepLearning\input\R64 files\20210714\P1H2\beta\beta16_109.R64,G:\My Drive\PhD\CAPTUR3D_personal\00 Progetti\CellTypeRecognition_DeepLearning\input\numpy files\0334_beta.npy
0335_beta,20210714,P1H2,1 mM,beta16,beta,G:\My Drive\PhD\CAPTUR3D_personal\00 Progetti\CellTypeRecognition_DeepLearning\input\R64 files\20210714\P1H2\beta\beta16_110.R64,G:\My Drive\PhD\CAPTUR3D_personal\00 Progetti\CellTypeRecognition_DeepLearning\input\numpy files\0335_beta.npy
0336_beta,20210714,P1H2,1 mM,beta16,beta,G:\My Drive\PhD\CAPTUR3D_personal\00 Progetti\CellTypeRecognition_DeepLearning\input\R64 files\20210714\P1H2\beta\beta16_111.R64,G:\My Drive\PhD\CAPTUR3D_personal\00 Progetti\CellTypeRecognition_DeepLearning\input\numpy files\0336_beta.npy
0337_beta,20210714,P1H2,1 mM,beta16,beta,G:\My Drive\PhD\CAPTUR3D_personal\00 Progetti\CellTypeRecognition_DeepLearning\input\R64 files\20210714\P1H2\beta\beta16_112.R64,G:\My Drive\PhD\CAPTUR3D_personal\00 Progetti\CellTypeRecognition_DeepLearning\input\numpy files\0337_beta.npy
0338_beta,20210714,P1H2,1 mM,beta16,beta,G:\My Drive\PhD\CAPTUR3D_personal\00 Progetti\CellTypeRecognition_DeepLearning\input\R64 files\20210714\P1H2\beta\beta16_113.R64,G:\My Drive\PhD\CAPTUR3D_personal\00 Progetti\CellTypeRecognition_DeepLearning\input\numpy files\0338_beta.npy
0339_beta,20210714,P1H2,1 mM,beta16,beta,G:\My Drive\PhD\CAPTUR3D_personal\00 Progetti\CellTypeRecognition_DeepLearning\input\R64 files\20210714\P1H2\beta\beta16_114.R64,G:\My Drive\PhD\CAPTUR3D_personal\00 Progetti\CellTypeRecognition_DeepLearning\input\numpy files\0339_beta.npy
0340_beta,20210714,P1H2,1 mM,beta16,beta,G:\My Drive\PhD\CAPTUR3D_personal\00 Progetti\CellTypeRecognition_DeepLearning\input\R64 files\20210714\P1H2\beta\beta16_115.R64,G:\My Drive\PhD\CAPTUR3D_personal\00 Progetti\CellTypeRecognition_DeepLearning\input\numpy files\0340_beta.npy
0341_beta,20210714,P1H2,1 mM,beta16,beta,G:\My Drive\PhD\CAPTUR3D_personal\00 Progetti\CellTypeRecognition_DeepLearning\input\R64 files\20210714\P1H2\beta\beta16_116.R64,G:\My Drive\PhD\CAPTUR3D_personal\00 Progetti\CellTypeRecognition_DeepLearning\input\numpy files\0341_beta.npy
0342_beta,20210714,P1H2,1 mM,beta16,beta,G:\My Drive\PhD\CAPTUR3D_personal\00 Progetti\CellTypeRecognition_DeepLearning\input\R64 files\20210714\P1H2\beta\beta16_117.R64,G:\My Drive\PhD\CAPTUR3D_personal\00 Progetti\CellTypeRecognition_DeepLearning\input\numpy files\0342_beta.npy
0343_beta,20210714,P1H2,1 mM,beta16,beta,G:\My Drive\PhD\CAPTUR3D_personal\00 Progetti\CellTypeRecognition_DeepLearning\input\R64 files\20210714\P1H2\beta\beta16_118.R64,G:\My Drive\PhD\CAPTUR3D_personal\00 Progetti\CellTypeRecognition_DeepLearning\input\numpy files\0343_beta.npy
0344_beta,20210714,P1H2,1 mM,beta16,beta,G:\My Drive\PhD\CAPTUR3D_personal\00 Progetti\CellTypeRecognition_DeepLearning\input\R64 files\20210714\P1H2\beta\beta16_119.R64,G:\My Drive\PhD\CAPTUR3D_personal\00 Progetti\CellTypeRecognition_DeepLearning\input\numpy files\0344_beta.npy
0345_beta,20210714,P1H2,1 mM,beta16,beta,G:\My Drive\PhD\CAPTUR3D_personal\00 Progetti\CellTypeRecognition_DeepLearning\input\R64 files\20210714\P1H2\beta\beta16_120.R64,G:\My Drive\PhD\CAPTUR3D_personal\00 Progetti\CellTypeRecognition_DeepLearning\input\numpy files\0345_beta.npy
0346_beta,20210714,P1H2,1 mM,beta16,beta,G:\My Drive\PhD\CAPTUR3D_personal\00 Progetti\CellTypeRecognition_DeepLearning\input\R64 files\20210714\P1H2\beta\beta16_121.R64,G:\My Drive\PhD\CAPTUR3D_personal\00 Progetti\CellTypeRecognition_DeepLearning\input\numpy files\0346_beta.npy
0347_beta,20210714,P1H2,1 mM,beta16,beta,G:\My Drive\PhD\CAPTUR3D_personal\00 Progetti\CellTypeRecognition_DeepLearning\input\R64 files\20210714\P1H2\beta\beta16_122.R64,G:\My Drive\PhD\CAPTUR3D_personal\00 Progetti\CellTypeRecognition_DeepLearning\input\numpy files\0347_beta.npy
0348_beta,20210714,P1H2,1 mM,beta16,beta,G:\My Drive\PhD\CAPTUR3D_personal\00 Progetti\CellTypeRecognition_DeepLearning\input\R64 files\20210714\P1H2\beta\beta16_123.R64,G:\My Drive\PhD\CAPTUR3D_personal\00 Progetti\CellTypeRecognition_DeepLearning\input\numpy files\0348_beta.npy
0349_beta,20210714,P1H2,1 mM,beta16,beta,G:\My Drive\PhD\CAPTUR3D_personal\00 Progetti\CellTypeRecognition_DeepLearning\input\R64 files\20210714\P1H2\beta\beta16_124.R64,G:\My Drive\PhD\CAPTUR3D_personal\00 Progetti\CellTypeRecognition_DeepLearning\input\numpy files\0349_beta.npy
0350_alpha,20210714,P1H2,2 mM,alpha2,alpha,G:\My Drive\PhD\CAPTUR3D_personal\00 Progetti\CellTypeRecognition_DeepLearning\input\R64 files\20210714\P1H2\alpha\alpha2_1.R64,G:\My Drive\PhD\CAPTUR3D_personal\00 Progetti\CellTypeRecognition_DeepLearning\input\numpy files\0350_alpha.npy
0351_alpha,20210714,P1H2,2 mM,alpha2,alpha,G:\My Drive\PhD\CAPTUR3D_personal\00 Progetti\CellTypeRecognition_DeepLearning\input\R64 files\20210714\P1H2\alpha\alpha2_2.R64,G:\My Drive\PhD\CAPTUR3D_personal\00 Progetti\CellTypeRecognition_DeepLearning\input\numpy files\0351_alpha.npy
0352_alpha,20210714,P1H2,2 mM,alpha2,alpha,G:\My Drive\PhD\CAPTUR3D_personal\00 Progetti\CellTypeRecognition_DeepLearning\input\R64 files\20210714\P1H2\alpha\alpha2_3.R64,G:\My Drive\PhD\CAPTUR3D_personal\00 Progetti\CellTypeRecognition_DeepLearning\input\numpy files\0352_alpha.npy
0353_alpha,20210714,P1H2,2 mM,alpha2,alpha,G:\My Drive\PhD\CAPTUR3D_personal\00 Progetti\CellTypeRecognition_DeepLearning\input\R64 files\20210714\P1H2\alpha\alpha2_4.R64,G:\My Drive\PhD\CAPTUR3D_personal\00 Progetti\CellTypeRecognition_DeepLearning\input\numpy files\0353_alpha.npy
0354_alpha,20210714,P1H2,2 mM,alpha2,alpha,G:\My Drive\PhD\CAPTUR3D_personal\00 Progetti\CellTypeRecognition_DeepLearning\input\R64 files\20210714\P1H2\alpha\alpha2_5.R64,G:\My Drive\PhD\CAPTUR3D_personal\00 Progetti\CellTypeRecognition_DeepLearning\input\numpy files\0354_alpha.npy
0355_alpha,20210714,P1H2,2 mM,alpha2,alpha,G:\My Drive\PhD\CAPTUR3D_personal\00 Progetti\CellTypeRecognition_DeepLearning\input\R64 files\20210714\P1H2\alpha\alpha2_6.R64,G:\My Drive\PhD\CAPTUR3D_personal\00 Progetti\CellTypeRecognition_DeepLearning\input\numpy files\0355_alpha.npy
0356_alpha,20210714,P1H2,2 mM,alpha2,alpha,G:\My Drive\PhD\CAPTUR3D_personal\00 Progetti\CellTypeRecognition_DeepLearning\input\R64 files\20210714\P1H2\alpha\alpha2_7.R64,G:\My Drive\PhD\CAPTUR3D_personal\00 Progetti\CellTypeRecognition_DeepLearning\input\numpy files\0356_alpha.npy
0357_alpha,20210714,P1H2,2 mM,alpha2,alpha,G:\My Drive\PhD\CAPTUR3D_personal\00 Progetti\CellTypeRecognition_DeepLearning\input\R64 files\20210714\P1H2\alpha\alpha2_8.R64,G:\My Drive\PhD\CAPTUR3D_personal\00 Progetti\CellTypeRecognition_DeepLearning\input\numpy files\0357_alpha.npy
0358_alpha,20210714,P1H2,2 mM,alpha2,alpha,G:\My Drive\PhD\CAPTUR3D_personal\00 Progetti\CellTypeRecognition_DeepLearning\input\R64 files\20210714\P1H2\alpha\alpha2_9.R64,G:\My Drive\PhD\CAPTUR3D_personal\00 Progetti\CellTypeRecognition_DeepLearning\input\numpy files\0358_alpha.npy
0359_alpha,20210714,P1H2,2 mM,alpha2,alpha,G:\My Drive\PhD\CAPTUR3D_personal\00 Progetti\CellTypeRecognition_DeepLearning\input\R64 files\20210714\P1H2\alpha\alpha2_10.R64,G:\My Drive\PhD\CAPTUR3D_personal\00 Progetti\CellTypeRecognition_DeepLearning\input\numpy files\0359_alpha.npy
0360_alpha,20210714,P1H2,2 mM,alpha2,alpha,G:\My Drive\PhD\CAPTUR3D_personal\00 Progetti\CellTypeRecognition_DeepLearning\input\R64 files\20210714\P1H2\alpha\alpha2_11.R64,G:\My Drive\PhD\CAPTUR3D_personal\00 Progetti\CellTypeRecognition_DeepLearning\input\numpy files\0360_alpha.npy
0361_alpha,20210714,P1H2,2 mM,alpha2,alpha,G:\My Drive\PhD\CAPTUR3D_personal\00 Progetti\CellTypeRecognition_DeepLearning\input\R64 files\20210714\P1H2\alpha\alpha2_12.R64,G:\My Drive\PhD\CAPTUR3D_personal\00 Progetti\CellTypeRecognition_DeepLearning\input\numpy files\0361_alpha.npy
0362_alpha,20210714,P1H2,2 mM,alpha2,alpha,G:\My Drive\PhD\CAPTUR3D_personal\00 Progetti\CellTypeRecognition_DeepLearning\input\R64 files\20210714\P1H2\alpha\alpha2_13.R64,G:\My Drive\PhD\CAPTUR3D_personal\00 Progetti\CellTypeRecognition_DeepLearning\input\numpy files\0362_alpha.npy
0363_alpha,20210714,P1H2,2 mM,alpha2,alpha,G:\My Drive\PhD\CAPTUR3D_personal\00 Progetti\CellTypeRecognition_DeepLearning\input\R64 files\20210714\P1H2\alpha\alpha2_14.R64,G:\My Drive\PhD\CAPTUR3D_personal\00 Progetti\CellTypeRecognition_DeepLearning\input\numpy files\0363_alpha.npy
0364_alpha,20210714,P1H2,2 mM,alpha2,alpha,G:\My Drive\PhD\CAPTUR3D_personal\00 Progetti\CellTypeRecognition_DeepLearning\input\R64 files\20210714\P1H2\alpha\alpha2_15.R64,G:\My Drive\PhD\CAPTUR3D_personal\00 Progetti\CellTypeRecognition_DeepLearning\input\numpy files\0364_alpha.npy
0365_alpha,20210714,P1H2,2 mM,alpha2,alpha,G:\My Drive\PhD\CAPTUR3D_personal\00 Progetti\CellTypeRecognition_DeepLearning\input\R64 files\20210714\P1H2\alpha\alpha2_16.R64,G:\My Drive\PhD\CAPTUR3D_personal\00 Progetti\CellTypeRecognition_DeepLearning\input\numpy files\0365_alpha.npy
0366_alpha,20210714,P1H2,2 mM,alpha2,alpha,G:\My Drive\PhD\CAPTUR3D_personal\00 Progetti\CellTypeRecognition_DeepLearning\input\R64 files\20210714\P1H2\alpha\alpha2_17.R64,G:\My Drive\PhD\CAPTUR3D_personal\00 Progetti\CellTypeRecognition_DeepLearning\input\numpy files\0366_alpha.npy
0367_alpha,20210714,P1H2,2 mM,alpha2,alpha,G:\My Drive\PhD\CAPTUR3D_personal\00 Progetti\CellTypeRecognition_DeepLearning\input\R64 files\20210714\P1H2\alpha\alpha2_18.R64,G:\My Drive\PhD\CAPTUR3D_personal\00 Progetti\CellTypeRecognition_DeepLearning\input\numpy files\0367_alpha.npy
0368_alpha,20210714,P1H2,2 mM,alpha2,alpha,G:\My Drive\PhD\CAPTUR3D_personal\00 Progetti\CellTypeRecognition_DeepLearning\input\R64 files\20210714\P1H2\alpha\alpha2_19.R64,G:\My Drive\PhD\CAPTUR3D_personal\00 Progetti\CellTypeRecognition_DeepLearning\input\numpy files\0368_alpha.npy
0369_alpha,20210714,P1H2,2 mM,alpha2,alpha,G:\My Drive\PhD\CAPTUR3D_personal\00 Progetti\CellTypeRecognition_DeepLearning\input\R64 files\20210714\P1H2\alpha\alpha2_20.R64,G:\My Drive\PhD\CAPTUR3D_personal\00 Progetti\CellTypeRecognition_DeepLearning\input\numpy files\0369_alpha.npy
0370_alpha,20210714,P1H2,2 mM,alpha2,alpha,G:\My Drive\PhD\CAPTUR3D_personal\00 Progetti\CellTypeRecognition_DeepLearning\input\R64 files\20210714\P1H2\alpha\alpha2_21.R64,G:\My Drive\PhD\CAPTUR3D_personal\00 Progetti\CellTypeRecognition_DeepLearning\input\numpy files\0370_alpha.npy
0371_alpha,20210714,P1H2,2 mM,alpha2,alpha,G:\My Drive\PhD\CAPTUR3D_personal\00 Progetti\CellTypeRecognition_DeepLearning\input\R64 files\20210714\P1H2\alpha\alpha2_22.R64,G:\My Drive\PhD\CAPTUR3D_personal\00 Progetti\CellTypeRecognition_DeepLearning\input\numpy files\0371_alpha.npy
0372_alpha,20210714,P1H2,2 mM,alpha2,alpha,G:\My Drive\PhD\CAPTUR3D_personal\00 Progetti\CellTypeRecognition_DeepLearning\input\R64 files\20210714\P1H2\alpha\alpha2_23.R64,G:\My Drive\PhD\CAPTUR3D_personal\00 Progetti\CellTypeRecognition_DeepLearning\input\numpy files\0372_alpha.npy
0373_alpha,20210714,P1H2,2 mM,alpha2,alpha,G:\My Drive\PhD\CAPTUR3D_personal\00 Progetti\CellTypeRecognition_DeepLearning\input\R64 files\20210714\P1H2\alpha\alpha2_24.R64,G:\My Drive\PhD\CAPTUR3D_personal\00 Progetti\CellTypeRecognition_DeepLearning\input\numpy files\0373_alpha.npy
0374_alpha,20210714,P1H2,2 mM,alpha2,alpha,G:\My Drive\PhD\CAPTUR3D_personal\00 Progetti\CellTypeRecognition_DeepLearning\input\R64 files\20210714\P1H2\alpha\alpha2_25.R64,G:\My Drive\PhD\CAPTUR3D_personal\00 Progetti\CellTypeRecognition_DeepLearning\input\numpy files\0374_alpha.npy
0375_alpha,20210714,P1H2,2 mM,alpha2,alpha,G:\My Drive\PhD\CAPTUR3D_personal\00 Progetti\CellTypeRecognition_DeepLearning\input\R64 files\20210714\P1H2\alpha\alpha2_26.R64,G:\My Drive\PhD\CAPTUR3D_personal\00 Progetti\CellTypeRecognition_DeepLearning\input\numpy files\0375_alpha.npy
0376_alpha,20210714,P1H2,2 mM,alpha2,alpha,G:\My Drive\PhD\CAPTUR3D_personal\00 Progetti\CellTypeRecognition_DeepLearning\input\R64 files\20210714\P1H2\alpha\alpha2_27.R64,G:\My Drive\PhD\CAPTUR3D_personal\00 Progetti\CellTypeRecognition_DeepLearning\input\numpy files\0376_alpha.npy
0377_alpha,20210714,P1H2,2 mM,alpha2,alpha,G:\My Drive\PhD\CAPTUR3D_personal\00 Progetti\CellTypeRecognition_DeepLearning\input\R64 files\20210714\P1H2\alpha\alpha2_28.R64,G:\My Drive\PhD\CAPTUR3D_personal\00 Progetti\CellTypeRecognition_DeepLearning\input\numpy files\0377_alpha.npy
0378_alpha,20210714,P1H2,2 mM,alpha2,alpha,G:\My Drive\PhD\CAPTUR3D_personal\00 Progetti\CellTypeRecognition_DeepLearning\input\R64 files\20210714\P1H2\alpha\alpha2_29.R64,G:\My Drive\PhD\CAPTUR3D_personal\00 Progetti\CellTypeRecognition_DeepLearning\input\numpy files\0378_alpha.npy
0379_alpha,20210714,P1H2,2 mM,alpha2,alpha,G:\My Drive\PhD\CAPTUR3D_personal\00 Progetti\CellTypeRecognition_DeepLearning\input\R64 files\20210714\P1H2\alpha\alpha2_30.R64,G:\My Drive\PhD\CAPTUR3D_personal\00 Progetti\CellTypeRecognition_DeepLearning\input\numpy files\0379_alpha.npy
0380_alpha,20210714,P1H2,2 mM,alpha2,alpha,G:\My Drive\PhD\CAPTUR3D_personal\00 Progetti\CellTypeRecognition_DeepLearning\input\R64 files\20210714\P1H2\alpha\alpha2_31.R64,G:\My Drive\PhD\CAPTUR3D_personal\00 Progetti\CellTypeRecognition_DeepLearning\input\numpy files\0380_alpha.npy
0381_alpha,20210714,P1H2,2 mM,alpha2,alpha,G:\My Drive\PhD\CAPTUR3D_personal\00 Progetti\CellTypeRecognition_DeepLearning\input\R64 files\20210714\P1H2\alpha\alpha2_32.R64,G:\My Drive\PhD\CAPTUR3D_personal\00 Progetti\CellTypeRecognition_DeepLearning\input\numpy files\0381_alpha.npy
0382_alpha,20210714,P1H2,2 mM,alpha2,alpha,G:\My Drive\PhD\CAPTUR3D_personal\00 Progetti\CellTypeRecognition_DeepLearning\input\R64 files\20210714\P1H2\alpha\alpha2_33.R64,G:\My Drive\PhD\CAPTUR3D_personal\00 Progetti\CellTypeRecognition_DeepLearning\input\numpy files\0382_alpha.npy
0383_alpha,20210714,P1H2,2 mM,alpha2,alpha,G:\My Drive\PhD\CAPTUR3D_personal\00 Progetti\CellTypeRecognition_DeepLearning\input\R64 files\20210714\P1H2\alpha\alpha2_34.R64,G:\My Drive\PhD\CAPTUR3D_personal\00 Progetti\CellTypeRecognition_DeepLearning\input\numpy files\0383_alpha.npy
0384_alpha,20210714,P1H2,2 mM,alpha2,alpha,G:\My Drive\PhD\CAPTUR3D_personal\00 Progetti\CellTypeRecognition_DeepLearning\input\R64 files\20210714\P1H2\alpha\alpha2_35.R64,G:\My Drive\PhD\CAPTUR3D_personal\00 Progetti\CellTypeRecognition_DeepLearning\input\numpy files\0384_alpha.npy
0385_alpha,20210714,P1H2,2 mM,alpha2,alpha,G:\My Drive\PhD\CAPTUR3D_personal\00 Progetti\CellTypeRecognition_DeepLearning\input\R64 files\20210714\P1H2\alpha\alpha2_36.R64,G:\My Drive\PhD\CAPTUR3D_personal\00 Progetti\CellTypeRecognition_DeepLearning\input\numpy files\0385_alpha.npy
0386_alpha,20210714,P1H2,1 mM,alpha16,alpha,G:\My Drive\PhD\CAPTUR3D_personal\00 Progetti\CellTypeRecognition_DeepLearning\input\R64 files\20210714\P1H2\alpha\alpha16_1.R64,G:\My Drive\PhD\CAPTUR3D_personal\00 Progetti\CellTypeRecognition_DeepLearning\input\numpy files\0386_alpha.npy
0387_alpha,20210714,P1H2,1 mM,alpha16,alpha,G:\My Drive\PhD\CAPTUR3D_personal\00 Progetti\CellTypeRecognition_DeepLearning\input\R64 files\20210714\P1H2\alpha\alpha16_2.R64,G:\My Drive\PhD\CAPTUR3D_personal\00 Progetti\CellTypeRecognition_DeepLearning\input\numpy files\0387_alpha.npy
0388_alpha,20210714,P1H2,1 mM,alpha16,alpha,G:\My Drive\PhD\CAPTUR3D_personal\00 Progetti\CellTypeRecognition_DeepLearning\input\R64 files\20210714\P1H2\alpha\alpha16_3.R64,G:\My Drive\PhD\CAPTUR3D_personal\00 Progetti\CellTypeRecognition_DeepLearning\input\numpy files\0388_alpha.npy
0389_alpha,20210714,P1H2,1 mM,alpha16,alpha,G:\My Drive\PhD\CAPTUR3D_personal\00 Progetti\CellTypeRecognition_DeepLearning\input\R64 files\20210714\P1H2\alpha\alpha16_4.R64,G:\My Drive\PhD\CAPTUR3D_personal\00 Progetti\CellTypeRecognition_DeepLearning\input\numpy files\0389_alpha.npy
0390_alpha,20210714,P1H2,1 mM,alpha16,alpha,G:\My Drive\PhD\CAPTUR3D_personal\00 Progetti\CellTypeRecognition_DeepLearning\input\R64 files\20210714\P1H2\alpha\alpha16_5.R64,G:\My Drive\PhD\CAPTUR3D_personal\00 Progetti\CellTypeRecognition_DeepLearning\input\numpy files\0390_alpha.npy
0391_alpha,20210714,P1H2,1 mM,alpha16,alpha,G:\My Drive\PhD\CAPTUR3D_personal\00 Progetti\CellTypeRecognition_DeepLearning\input\R64 files\20210714\P1H2\alpha\alpha16_6.R64,G:\My Drive\PhD\CAPTUR3D_personal\00 Progetti\CellTypeRecognition_DeepLearning\input\numpy files\0391_alpha.npy
0392_alpha,20210714,P1H2,1 mM,alpha16,alpha,G:\My Drive\PhD\CAPTUR3D_personal\00 Progetti\CellTypeRecognition_DeepLearning\input\R64 files\20210714\P1H2\alpha\alpha16_7.R64,G:\My Drive\PhD\CAPTUR3D_personal\00 Progetti\CellTypeRecognition_DeepLearning\input\numpy files\0392_alpha.npy
0393_alpha,20210714,P1H2,1 mM,alpha16,alpha,G:\My Drive\PhD\CAPTUR3D_personal\00 Progetti\CellTypeRecognition_DeepLearning\input\R64 files\20210714\P1H2\alpha\alpha16_8.R64,G:\My Drive\PhD\CAPTUR3D_personal\00 Progetti\CellTypeRecognition_DeepLearning\input\numpy files\0393_alpha.npy
0394_alpha,20210714,P1H2,1 mM,alpha16,alpha,G:\My Drive\PhD\CAPTUR3D_personal\00 Progetti\CellTypeRecognition_DeepLearning\input\R64 files\20210714\P1H2\alpha\alpha16_9.R64,G:\My Drive\PhD\CAPTUR3D_personal\00 Progetti\CellTypeRecognition_DeepLearning\input\numpy files\0394_alpha.npy
0395_alpha,20210714,P1H2,1 mM,alpha16,alpha,G:\My Drive\PhD\CAPTUR3D_personal\00 Progetti\CellTypeRecognition_DeepLearning\input\R64 files\20210714\P1H2\alpha\alpha16_10.R64,G:\My Drive\PhD\CAPTUR3D_personal\00 Progetti\CellTypeRecognition_DeepLearning\input\numpy files\0395_alpha.npy
0396_alpha,20210714,P1H2,1 mM,alpha16,alpha,G:\My Drive\PhD\CAPTUR3D_personal\00 Progetti\CellTypeRecognition_DeepLearning\input\R64 files\20210714\P1H2\alpha\alpha16_11.R64,G:\My Drive\PhD\CAPTUR3D_personal\00 Progetti\CellTypeRecognition_DeepLearning\input\numpy files\0396_alpha.npy
0397_alpha,20210714,P1H2,1 mM,alpha16,alpha,G:\My Drive\PhD\CAPTUR3D_personal\00 Progetti\CellTypeRecognition_DeepLearning\input\R64 files\20210714\P1H2\alpha\alpha16_12.R64,G:\My Drive\PhD\CAPTUR3D_personal\00 Progetti\CellTypeRecognition_DeepLearning\input\numpy files\0397_alpha.npy
0398_alpha,20210714,P1H2,1 mM,alpha16,alpha,G:\My Drive\PhD\CAPTUR3D_personal\00 Progetti\CellTypeRecognition_DeepLearning\input\R64 files\20210714\P1H2\alpha\alpha16_13.R64,G:\My Drive\PhD\CAPTUR3D_personal\00 Progetti\CellTypeRecognition_DeepLearning\input\numpy files\0398_alpha.npy
0399_alpha,20210714,P1H2,1 mM,alpha16,alpha,G:\My Drive\PhD\CAPTUR3D_personal\00 Progetti\CellTypeRecognition_DeepLearning\input\R64 files\20210714\P1H2\alpha\alpha16_14.R64,G:\My Drive\PhD\CAPTUR3D_personal\00 Progetti\CellTypeRecognition_DeepLearning\input\numpy files\0399_alpha.npy
0400_alpha,20210714,P1H2,1 mM,alpha16,alpha,G:\My Drive\PhD\CAPTUR3D_personal\00 Progetti\CellTypeRecognition_DeepLearning\input\R64 files\20210714\P1H2\alpha\alpha16_15.R64,G:\My Drive\PhD\CAPTUR3D_personal\00 Progetti\CellTypeRecognition_DeepLearning\input\numpy files\0400_alpha.npy
0401_alpha,20210714,P1H2,1 mM,alpha16,alpha,G:\My Drive\PhD\CAPTUR3D_personal\00 Progetti\CellTypeRecognition_DeepLearning\input\R64 files\20210714\P1H2\alpha\alpha16_16.R64,G:\My Drive\PhD\CAPTUR3D_personal\00 Progetti\CellTypeRecognition_DeepLearning\input\numpy files\0401_alpha.npy
0402_alpha,20210714,P1H2,1 mM,alpha16,alpha,G:\My Drive\PhD\CAPTUR3D_personal\00 Progetti\CellTypeRecognition_DeepLearning\input\R64 files\20210714\P1H2\alpha\alpha16_17.R64,G:\My Drive\PhD\CAPTUR3D_personal\00 Progetti\CellTypeRecognition_DeepLearning\input\numpy files\0402_alpha.npy
0403_alpha,20210714,P1H2,1 mM,alpha16,alpha,G:\My Drive\PhD\CAPTUR3D_personal\00 Progetti\CellTypeRecognition_DeepLearning\input\R64 files\20210714\P1H2\alpha\alpha16_18.R64,G:\My Drive\PhD\CAPTUR3D_personal\00 Progetti\CellTypeRecognition_DeepLearning\input\numpy files\0403_alpha.npy
0404_alpha,20210714,P1H2,1 mM,alpha16,alpha,G:\My Drive\PhD\CAPTUR3D_personal\00 Progetti\CellTypeRecognition_DeepLearning\input\R64 files\20210714\P1H2\alpha\alpha16_19.R64,G:\My Drive\PhD\CAPTUR3D_personal\00 Progetti\CellTypeRecognition_DeepLearning\input\numpy files\0404_alpha.npy
0405_alpha,20210714,P1H2,1 mM,alpha16,alpha,G:\My Drive\PhD\CAPTUR3D_personal\00 Progetti\CellTypeRecognition_DeepLearning\input\R64 files\20210714\P1H2\alpha\alpha16_20.R64,G:\My Drive\PhD\CAPTUR3D_personal\00 Progetti\CellTypeRecognition_DeepLearning\input\numpy files\0405_alpha.npy
0406_alpha,20210714,P1H2,1 mM,alpha16,alpha,G:\My Drive\PhD\CAPTUR3D_personal\00 Progetti\CellTypeRecognition_DeepLearning\input\R64 files\20210714\P1H2\alpha\alpha16_21.R64,G:\My Drive\PhD\CAPTUR3D_personal\00 Progetti\CellTypeRecognition_DeepLearning\input\numpy files\0406_alpha.npy
0407_alpha,20210714,P1H2,1 mM,alpha16,alpha,G:\My Drive\PhD\CAPTUR3D_personal\00 Progetti\CellTypeRecognition_DeepLearning\input\R64 files\20210714\P1H2\alpha\alpha16_22.R64,G:\My Drive\PhD\CAPTUR3D_personal\00 Progetti\CellTypeRecognition_DeepLearning\input\numpy files\0407_alpha.npy
0408_alpha,20210714,P1H2,1 mM,alpha16,alpha,G:\My Drive\PhD\CAPTUR3D_personal\00 Progetti\CellTypeRecognition_DeepLearning\input\R64 files\20210714\P1H2\alpha\alpha16_23.R64,G:\My Drive\PhD\CAPTUR3D_personal\00 Progetti\CellTypeRecognition_DeepLearning\input\numpy files\0408_alpha.npy
0409_alpha,20210714,P1H2,1 mM,alpha16,alpha,G:\My Drive\PhD\CAPTUR3D_personal\00 Progetti\CellTypeRecognition_DeepLearning\input\R64 files\20210714\P1H2\alpha\alpha16_24.R64,G:\My Drive\PhD\CAPTUR3D_personal\00 Progetti\CellTypeRecognition_DeepLearning\input\numpy files\0409_alpha.npy
0410_alpha,20210714,P1H2,1 mM,alpha16,alpha,G:\My Drive\PhD\CAPTUR3D_personal\00 Progetti\CellTypeRecognition_DeepLearning\input\R64 files\20210714\P1H2\alpha\alpha16_25.R64,G:\My Drive\PhD\CAPTUR3D_personal\00 Progetti\CellTypeRecognition_DeepLearning\input\numpy files\0410_alpha.npy
0411_alpha,20210714,P1H2,1 mM,alpha16,alpha,G:\My Drive\PhD\CAPTUR3D_personal\00 Progetti\CellTypeRecognition_DeepLearning\input\R64 files\20210714\P1H2\alpha\alpha16_26.R64,G:\My Drive\PhD\CAPTUR3D_personal\00 Progetti\CellTypeRecognition_DeepLearning\input\numpy files\0411_alpha.npy
0412_alpha,20210714,P1H2,1 mM,alpha16,alpha,G:\My Drive\PhD\CAPTUR3D_personal\00 Progetti\CellTypeRecognition_DeepLearning\input\R64 files\20210714\P1H2\alpha\alpha16_27.R64,G:\My Drive\PhD\CAPTUR3D_personal\00 Progetti\CellTypeRecognition_DeepLearning\input\numpy files\0412_alpha.npy
0413_alpha,20210714,P1H2,1 mM,alpha16,alpha,G:\My Drive\PhD\CAPTUR3D_personal\00 Progetti\CellTypeRecognition_DeepLearning\input\R64 files\20210714\P1H2\alpha\alpha16_28.R64,G:\My Drive\PhD\CAPTUR3D_personal\00 Progetti\CellTypeRecognition_DeepLearning\input\numpy files\0413_alpha.npy
0414_alpha,20210714,P1H2,1 mM,alpha16,alpha,G:\My Drive\PhD\CAPTUR3D_personal\00 Progetti\CellTypeRecognition_DeepLearning\input\R64 files\20210714\P1H2\alpha\alpha16_29.R64,G:\My Drive\PhD\CAPTUR3D_personal\00 Progetti\CellTypeRecognition_DeepLearning\input\numpy files\0414_alpha.npy
0415_alpha,20210714,P1H2,1 mM,alpha16,alpha,G:\My Drive\PhD\CAPTUR3D_personal\00 Progetti\CellTypeRecognition_DeepLearning\input\R64 files\20210714\P1H2\alpha\alpha16_30.R64,G:\My Drive\PhD\CAPTUR3D_personal\00 Progetti\CellTypeRecognition_DeepLearning\input\numpy files\0415_alpha.npy
0416_alpha,20210714,P1H2,1 mM,alpha16,alpha,G:\My Drive\PhD\CAPTUR3D_personal\00 Progetti\CellTypeRecognition_DeepLearning\input\R64 files\20210714\P1H2\alpha\alpha16_31.R64,G:\My Drive\PhD\CAPTUR3D_personal\00 Progetti\CellTypeRecognition_DeepLearning\input\numpy files\0416_alpha.npy
0417_alpha,20210714,P1H2,1 mM,alpha16,alpha,G:\My Drive\PhD\CAPTUR3D_personal\00 Progetti\CellTypeRecognition_DeepLearning\input\R64 files\20210714\P1H2\alpha\alpha16_32.R64,G:\My Drive\PhD\CAPTUR3D_personal\00 Progetti\CellTypeRecognition_DeepLearning\input\numpy files\0417_alpha.npy
0418_alpha,20210714,P1H2,1 mM,alpha16,alpha,G:\My Drive\PhD\CAPTUR3D_personal\00 Progetti\CellTypeRecognition_DeepLearning\input\R64 files\20210714\P1H2\alpha\alpha16_33.R64,G:\My Drive\PhD\CAPTUR3D_personal\00 Progetti\CellTypeRecognition_DeepLearning\input\numpy files\0418_alpha.npy
0419_alpha,20210714,P1H2,1 mM,alpha16,alpha,G:\My Drive\PhD\CAPTUR3D_personal\00 Progetti\CellTypeRecognition_DeepLearning\input\R64 files\20210714\P1H2\alpha\alpha16_34.R64,G:\My Drive\PhD\CAPTUR3D_personal\00 Progetti\CellTypeRecognition_DeepLearning\input\numpy files\0419_alpha.npy
0420_alpha,20210714,P1H2,1 mM,alpha16,alpha,G:\My Drive\PhD\CAPTUR3D_personal\00 Progetti\CellTypeRecognition_DeepLearning\input\R64 files\20210714\P1H2\alpha\alpha16_35.R64,G:\My Drive\PhD\CAPTUR3D_personal\00 Progetti\CellTypeRecognition_DeepLearning\input\numpy files\0420_alpha.npy
0421_alpha,20210714,P1H2,1 mM,alpha16,alpha,G:\My Drive\PhD\CAPTUR3D_personal\00 Progetti\CellTypeRecognition_DeepLearning\input\R64 files\20210714\P1H2\alpha\alpha16_36.R64,G:\My Drive\PhD\CAPTUR3D_personal\00 Progetti\CellTypeRecognition_DeepLearning\input\numpy files\0421_alpha.npy
0422_beta,20210714,P1H3,2 mM,beta2,beta,G:\My Drive\PhD\CAPTUR3D_personal\00 Progetti\CellTypeRecognition_DeepLearning\input\R64 files\20210714\P1H3\beta\beta2_1.R64,G:\My Drive\PhD\CAPTUR3D_personal\00 Progetti\CellTypeRecognition_DeepLearning\input\numpy files\0422_beta.npy
0423_beta,20210714,P1H3,2 mM,beta2,beta,G:\My Drive\PhD\CAPTUR3D_personal\00 Progetti\CellTypeRecognition_DeepLearning\input\R64 files\20210714\P1H3\beta\beta2_2.R64,G:\My Drive\PhD\CAPTUR3D_personal\00 Progetti\CellTypeRecognition_DeepLearning\input\numpy files\0423_beta.npy
0424_beta,20210714,P1H3,2 mM,beta2,beta,G:\My Drive\PhD\CAPTUR3D_personal\00 Progetti\CellTypeRecognition_DeepLearning\input\R64 files\20210714\P1H3\beta\beta2_3.R64,G:\My Drive\PhD\CAPTUR3D_personal\00 Progetti\CellTypeRecognition_DeepLearning\input\numpy files\0424_beta.npy
0425_beta,20210714,P1H3,2 mM,beta2,beta,G:\My Drive\PhD\CAPTUR3D_personal\00 Progetti\CellTypeRecognition_DeepLearning\input\R64 files\20210714\P1H3\beta\beta2_4.R64,G:\My Drive\PhD\CAPTUR3D_personal\00 Progetti\CellTypeRecognition_DeepLearning\input\numpy files\0425_beta.npy
0426_beta,20210714,P1H3,2 mM,beta2,beta,G:\My Drive\PhD\CAPTUR3D_personal\00 Progetti\CellTypeRecognition_DeepLearning\input\R64 files\20210714\P1H3\beta\beta2_5.R64,G:\My Drive\PhD\CAPTUR3D_personal\00 Progetti\CellTypeRecognition_DeepLearning\input\numpy files\0426_beta.npy
0427_beta,20210714,P1H3,2 mM,beta2,beta,G:\My Drive\PhD\CAPTUR3D_personal\00 Progetti\CellTypeRecognition_DeepLearning\input\R64 files\20210714\P1H3\beta\beta2_6.R64,G:\My Drive\PhD\CAPTUR3D_personal\00 Progetti\CellTypeRecognition_DeepLearning\input\numpy files\0427_beta.npy
0428_beta,20210714,P1H3,2 mM,beta2,beta,G:\My Drive\PhD\CAPTUR3D_personal\00 Progetti\CellTypeRecognition_DeepLearning\input\R64 files\20210714\P1H3\beta\beta2_7.R64,G:\My Drive\PhD\CAPTUR3D_personal\00 Progetti\CellTypeRecognition_DeepLearning\input\numpy files\0428_beta.npy
0429_beta,20210714,P1H3,2 mM,beta2,beta,G:\My Drive\PhD\CAPTUR3D_personal\00 Progetti\CellTypeRecognition_DeepLearning\input\R64 files\20210714\P1H3\beta\beta2_8.R64,G:\My Drive\PhD\CAPTUR3D_personal\00 Progetti\CellTypeRecognition_DeepLearning\input\numpy files\0429_beta.npy
0430_beta,20210714,P1H3,2 mM,beta2,beta,G:\My Drive\PhD\CAPTUR3D_personal\00 Progetti\CellTypeRecognition_DeepLearning\input\R64 files\20210714\P1H3\beta\beta2_9.R64,G:\My Drive\PhD\CAPTUR3D_personal\00 Progetti\CellTypeRecognition_DeepLearning\input\numpy files\0430_beta.npy
0431_beta,20210714,P1H3,2 mM,beta2,beta,G:\My Drive\PhD\CAPTUR3D_personal\00 Progetti\CellTypeRecognition_DeepLearning\input\R64 files\20210714\P1H3\beta\beta2_10.R64,G:\My Drive\PhD\CAPTUR3D_personal\00 Progetti\CellTypeRecognition_DeepLearning\input\numpy files\0431_beta.npy
0432_beta,20210714,P1H3,2 mM,beta2,beta,G:\My Drive\PhD\CAPTUR3D_personal\00 Progetti\CellTypeRecognition_DeepLearning\input\R64 files\20210714\P1H3\beta\beta2_11.R64,G:\My Drive\PhD\CAPTUR3D_personal\00 Progetti\CellTypeRecognition_DeepLearning\input\numpy files\0432_beta.npy
0433_beta,20210714,P1H3,2 mM,beta2,beta,G:\My Drive\PhD\CAPTUR3D_personal\00 Progetti\CellTypeRecognition_DeepLearning\input\R64 files\20210714\P1H3\beta\beta2_12.R64,G:\My Drive\PhD\CAPTUR3D_personal\00 Progetti\CellTypeRecognition_DeepLearning\input\numpy files\0433_beta.npy
0434_beta,20210714,P1H3,2 mM,beta2,beta,G:\My Drive\PhD\CAPTUR3D_personal\00 Progetti\CellTypeRecognition_DeepLearning\input\R64 files\20210714\P1H3\beta\beta2_13.R64,G:\My Drive\PhD\CAPTUR3D_personal\00 Progetti\CellTypeRecognition_DeepLearning\input\numpy files\0434_beta.npy
0435_beta,20210714,P1H3,2 mM,beta2,beta,G:\My Drive\PhD\CAPTUR3D_personal\00 Progetti\CellTypeRecognition_DeepLearning\input\R64 files\20210714\P1H3\beta\beta2_14.R64,G:\My Drive\PhD\CAPTUR3D_personal\00 Progetti\CellTypeRecognition_DeepLearning\input\numpy files\0435_beta.npy
0436_beta,20210714,P1H3,2 mM,beta2,beta,G:\My Drive\PhD\CAPTUR3D_personal\00 Progetti\CellTypeRecognition_DeepLearning\input\R64 files\20210714\P1H3\beta\beta2_15.R64,G:\My Drive\PhD\CAPTUR3D_personal\00 Progetti\CellTypeRecognition_DeepLearning\input\numpy files\0436_beta.npy
0437_beta,20210714,P1H3,2 mM,beta2,beta,G:\My Drive\PhD\CAPTUR3D_personal\00 Progetti\CellTypeRecognition_DeepLearning\input\R64 files\20210714\P1H3\beta\beta2_16.R64,G:\My Drive\PhD\CAPTUR3D_personal\00 Progetti\CellTypeRecognition_DeepLearning\input\numpy files\0437_beta.npy
0438_beta,20210714,P1H3,2 mM,beta2,beta,G:\My Drive\PhD\CAPTUR3D_personal\00 Progetti\CellTypeRecognition_DeepLearning\input\R64 files\20210714\P1H3\beta\beta2_17.R64,G:\My Drive\PhD\CAPTUR3D_personal\00 Progetti\CellTypeRecognition_DeepLearning\input\numpy files\0438_beta.npy
0439_beta,20210714,P1H3,2 mM,beta2,beta,G:\My Drive\PhD\CAPTUR3D_personal\00 Progetti\CellTypeRecognition_DeepLearning\input\R64 files\20210714\P1H3\beta\beta2_18.R64,G:\My Drive\PhD\CAPTUR3D_personal\00 Progetti\CellTypeRecognition_DeepLearning\input\numpy files\0439_beta.npy
0440_beta,20210714,P1H3,2 mM,beta2,beta,G:\My Drive\PhD\CAPTUR3D_personal\00 Progetti\CellTypeRecognition_DeepLearning\input\R64 files\20210714\P1H3\beta\beta2_19.R64,G:\My Drive\PhD\CAPTUR3D_personal\00 Progetti\CellTypeRecognition_DeepLearning\input\numpy files\0440_beta.npy
0441_beta,20210714,P1H3,2 mM,beta2,beta,G:\My Drive\PhD\CAPTUR3D_personal\00 Progetti\CellTypeRecognition_DeepLearning\input\R64 files\20210714\P1H3\beta\beta2_20.R64,G:\My Drive\PhD\CAPTUR3D_personal\00 Progetti\CellTypeRecognition_DeepLearning\input\numpy files\0441_beta.npy
0442_beta,20210714,P1H3,2 mM,beta2,beta,G:\My Drive\PhD\CAPTUR3D_personal\00 Progetti\CellTypeRecognition_DeepLearning\input\R64 files\20210714\P1H3\beta\beta2_21.R64,G:\My Drive\PhD\CAPTUR3D_personal\00 Progetti\CellTypeRecognition_DeepLearning\input\numpy files\0442_beta.npy
0443_beta,20210714,P1H3,2 mM,beta2,beta,G:\My Drive\PhD\CAPTUR3D_personal\00 Progetti\CellTypeRecognition_DeepLearning\input\R64 files\20210714\P1H3\beta\beta2_22.R64,G:\My Drive\PhD\CAPTUR3D_personal\00 Progetti\CellTypeRecognition_DeepLearning\input\numpy files\0443_beta.npy
0444_beta,20210714,P1H3,2 mM,beta2,beta,G:\My Drive\PhD\CAPTUR3D_personal\00 Progetti\CellTypeRecognition_DeepLearning\input\R64 files\20210714\P1H3\beta\beta2_23.R64,G:\My Drive\PhD\CAPTUR3D_personal\00 Progetti\CellTypeRecognition_DeepLearning\input\numpy files\0444_beta.npy
0445_beta,20210714,P1H3,2 mM,beta2,beta,G:\My Drive\PhD\CAPTUR3D_personal\00 Progetti\CellTypeRecognition_DeepLearning\input\R64 files\20210714\P1H3\beta\beta2_24.R64,G:\My Drive\PhD\CAPTUR3D_personal\00 Progetti\CellTypeRecognition_DeepLearning\input\numpy files\0445_beta.npy
0446_beta,20210714,P1H3,2 mM,beta2,beta,G:\My Drive\PhD\CAPTUR3D_personal\00 Progetti\CellTypeRecognition_DeepLearning\input\R64 files\20210714\P1H3\beta\beta2_25.R64,G:\My Drive\PhD\CAPTUR3D_personal\00 Progetti\CellTypeRecognition_DeepLearning\input\numpy files\0446_beta.npy
0447_beta,20210714,P1H3,2 mM,beta2,beta,G:\My Drive\PhD\CAPTUR3D_personal\00 Progetti\CellTypeRecognition_DeepLearning\input\R64 files\20210714\P1H3\beta\beta2_26.R64,G:\My Drive\PhD\CAPTUR3D_personal\00 Progetti\CellTypeRecognition_DeepLearning\input\numpy files\0447_beta.npy
0448_beta,20210714,P1H3,2 mM,beta2,beta,G:\My Drive\PhD\CAPTUR3D_personal\00 Progetti\CellTypeRecognition_DeepLearning\input\R64 files\20210714\P1H3\beta\beta2_27.R64,G:\My Drive\PhD\CAPTUR3D_personal\00 Progetti\CellTypeRecognition_DeepLearning\input\numpy files\0448_beta.npy
0449_beta,20210714,P1H3,2 mM,beta2,beta,G:\My Drive\PhD\CAPTUR3D_personal\00 Progetti\CellTypeRecognition_DeepLearning\input\R64 files\20210714\P1H3\beta\beta2_28.R64,G:\My Drive\PhD\CAPTUR3D_personal\00 Progetti\CellTypeRecognition_DeepLearning\input\numpy files\0449_beta.npy
0450_beta,20210714,P1H3,2 mM,beta2,beta,G:\My Drive\PhD\CAPTUR3D_personal\00 Progetti\CellTypeRecognition_DeepLearning\input\R64 files\20210714\P1H3\beta\beta2_29.R64,G:\My Drive\PhD\CAPTUR3D_personal\00 Progetti\CellTypeRecognition_DeepLearning\input\numpy files\0450_beta.npy
0451_beta,20210714,P1H3,2 mM,beta2,beta,G:\My Drive\PhD\CAPTUR3D_personal\00 Progetti\CellTypeRecognition_DeepLearning\input\R64 files\20210714\P1H3\beta\beta2_30.R64,G:\My Drive\PhD\CAPTUR3D_personal\00 Progetti\CellTypeRecognition_DeepLearning\input\numpy files\0451_beta.npy
0452_beta,20210714,P1H3,2 mM,beta2,beta,G:\My Drive\PhD\CAPTUR3D_personal\00 Progetti\CellTypeRecognition_DeepLearning\input\R64 files\20210714\P1H3\beta\beta2_31.R64,G:\My Drive\PhD\CAPTUR3D_personal\00 Progetti\CellTypeRecognition_DeepLearning\input\numpy files\0452_beta.npy
0453_beta,20210714,P1H3,2 mM,beta2,beta,G:\My Drive\PhD\CAPTUR3D_personal\00 Progetti\CellTypeRecognition_DeepLearning\input\R64 files\20210714\P1H3\beta\beta2_32.R64,G:\My Drive\PhD\CAPTUR3D_personal\00 Progetti\CellTypeRecognition_DeepLearning\input\numpy files\0453_beta.npy
0454_beta,20210714,P1H3,2 mM,beta2,beta,G:\My Drive\PhD\CAPTUR3D_personal\00 Progetti\CellTypeRecognition_DeepLearning\input\R64 files\20210714\P1H3\beta\beta2_33.R64,G:\My Drive\PhD\CAPTUR3D_personal\00 Progetti\CellTypeRecognition_DeepLearning\input\numpy files\0454_beta.npy
0455_beta,20210714,P1H3,2 mM,beta2,beta,G:\My Drive\PhD\CAPTUR3D_personal\00 Progetti\CellTypeRecognition_DeepLearning\input\R64 files\20210714\P1H3\beta\beta2_34.R64,G:\My Drive\PhD\CAPTUR3D_personal\00 Progetti\CellTypeRecognition_DeepLearning\input\numpy files\0455_beta.npy
0456_beta,20210714,P1H3,2 mM,beta2,beta,G:\My Drive\PhD\CAPTUR3D_personal\00 Progetti\CellTypeRecognition_DeepLearning\input\R64 files\20210714\P1H3\beta\beta2_35.R64,G:\My Drive\PhD\CAPTUR3D_personal\00 Progetti\CellTypeRecognition_DeepLearning\input\numpy files\0456_beta.npy
0457_beta,20210714,P1H3,2 mM,beta2,beta,G:\My Drive\PhD\CAPTUR3D_personal\00 Progetti\CellTypeRecognition_DeepLearning\input\R64 files\20210714\P1H3\beta\beta2_36.R64,G:\My Drive\PhD\CAPTUR3D_personal\00 Progetti\CellTypeRecognition_DeepLearning\input\numpy files\0457_beta.npy
0458_beta,20210714,P1H3,2 mM,beta2,beta,G:\My Drive\PhD\CAPTUR3D_personal\00 Progetti\CellTypeRecognition_DeepLearning\input\R64 files\20210714\P1H3\beta\beta2_37.R64,G:\My Drive\PhD\CAPTUR3D_personal\00 Progetti\CellTypeRecognition_DeepLearning\input\numpy files\0458_beta.npy
0459_beta,20210714,P1H3,2 mM,beta2,beta,G:\My Drive\PhD\CAPTUR3D_personal\00 Progetti\CellTypeRecognition_DeepLearning\input\R64 files\20210714\P1H3\beta\beta2_38.R64,G:\My Drive\PhD\CAPTUR3D_personal\00 Progetti\CellTypeRecognition_DeepLearning\input\numpy files\0459_beta.npy
0460_beta,20210714,P1H3,1 mM,beta16,beta,G:\My Drive\PhD\CAPTUR3D_personal\00 Progetti\CellTypeRecognition_DeepLearning\input\R64 files\20210714\P1H3\beta\beta16_1.R64,G:\My Drive\PhD\CAPTUR3D_personal\00 Progetti\CellTypeRecognition_DeepLearning\input\numpy files\0460_beta.npy
0461_beta,20210714,P1H3,1 mM,beta16,beta,G:\My Drive\PhD\CAPTUR3D_personal\00 Progetti\CellTypeRecognition_DeepLearning\input\R64 files\20210714\P1H3\beta\beta16_2.R64,G:\My Drive\PhD\CAPTUR3D_personal\00 Progetti\CellTypeRecognition_DeepLearning\input\numpy files\0461_beta.npy
0462_beta,20210714,P1H3,1 mM,beta16,beta,G:\My Drive\PhD\CAPTUR3D_personal\00 Progetti\CellTypeRecognition_DeepLearning\input\R64 files\20210714\P1H3\beta\beta16_3.R64,G:\My Drive\PhD\CAPTUR3D_personal\00 Progetti\CellTypeRecognition_DeepLearning\input\numpy files\0462_beta.npy
0463_beta,20210714,P1H3,1 mM,beta16,beta,G:\My Drive\PhD\CAPTUR3D_personal\00 Progetti\CellTypeRecognition_DeepLearning\input\R64 files\20210714\P1H3\beta\beta16_4.R64,G:\My Drive\PhD\CAPTUR3D_personal\00 Progetti\CellTypeRecognition_DeepLearning\input\numpy files\0463_beta.npy
0464_beta,20210714,P1H3,1 mM,beta16,beta,G:\My Drive\PhD\CAPTUR3D_personal\00 Progetti\CellTypeRecognition_DeepLearning\input\R64 files\20210714\P1H3\beta\beta16_5.R64,G:\My Drive\PhD\CAPTUR3D_personal\00 Progetti\CellTypeRecognition_DeepLearning\input\numpy files\0464_beta.npy
0465_beta,20210714,P1H3,1 mM,beta16,beta,G:\My Drive\PhD\CAPTUR3D_personal\00 Progetti\CellTypeRecognition_DeepLearning\input\R64 files\20210714\P1H3\beta\beta16_6.R64,G:\My Drive\PhD\CAPTUR3D_personal\00 Progetti\CellTypeRecognition_DeepLearning\input\numpy files\0465_beta.npy
0466_beta,20210714,P1H3,1 mM,beta16,beta,G:\My Drive\PhD\CAPTUR3D_personal\00 Progetti\CellTypeRecognition_DeepLearning\input\R64 files\20210714\P1H3\beta\beta16_7.R64,G:\My Drive\PhD\CAPTUR3D_personal\00 Progetti\CellTypeRecognition_DeepLearning\input\numpy files\0466_beta.npy
0467_beta,20210714,P1H3,1 mM,beta16,beta,G:\My Drive\PhD\CAPTUR3D_personal\00 Progetti\CellTypeRecognition_DeepLearning\input\R64 files\20210714\P1H3\beta\beta16_8.R64,G:\My Drive\PhD\CAPTUR3D_personal\00 Progetti\CellTypeRecognition_DeepLearning\input\numpy files\0467_beta.npy
0468_beta,20210714,P1H3,1 mM,beta16,beta,G:\My Drive\PhD\CAPTUR3D_personal\00 Progetti\CellTypeRecognition_DeepLearning\input\R64 files\20210714\P1H3\beta\beta16_9.R64,G:\My Drive\PhD\CAPTUR3D_personal\00 Progetti\CellTypeRecognition_DeepLearning\input\numpy files\0468_beta.npy
0469_beta,20210714,P1H3,1 mM,beta16,beta,G:\My Drive\PhD\CAPTUR3D_personal\00 Progetti\CellTypeRecognition_DeepLearning\input\R64 files\20210714\P1H3\beta\beta16_10.R64,G:\My Drive\PhD\CAPTUR3D_personal\00 Progetti\CellTypeRecognition_DeepLearning\input\numpy files\0469_beta.npy
0470_beta,20210714,P1H3,1 mM,beta16,beta,G:\My Drive\PhD\CAPTUR3D_personal\00 Progetti\CellTypeRecognition_DeepLearning\input\R64 files\20210714\P1H3\beta\beta16_11.R64,G:\My Drive\PhD\CAPTUR3D_personal\00 Progetti\CellTypeRecognition_DeepLearning\input\numpy files\0470_beta.npy
0471_beta,20210714,P1H3,1 mM,beta16,beta,G:\My Drive\PhD\CAPTUR3D_personal\00 Progetti\CellTypeRecognition_DeepLearning\input\R64 files\20210714\P1H3\beta\beta16_12.R64,G:\My Drive\PhD\CAPTUR3D_personal\00 Progetti\CellTypeRecognition_DeepLearning\input\numpy files\0471_beta.npy
0472_beta,20210714,P1H3,1 mM,beta16,beta,G:\My Drive\PhD\CAPTUR3D_personal\00 Progetti\CellTypeRecognition_DeepLearning\input\R64 files\20210714\P1H3\beta\beta16_13.R64,G:\My Drive\PhD\CAPTUR3D_personal\00 Progetti\CellTypeRecognition_DeepLearning\input\numpy files\0472_beta.npy
0473_beta,20210714,P1H3,1 mM,beta16,beta,G:\My Drive\PhD\CAPTUR3D_personal\00 Progetti\CellTypeRecognition_DeepLearning\input\R64 files\20210714\P1H3\beta\beta16_14.R64,G:\My Drive\PhD\CAPTUR3D_personal\00 Progetti\CellTypeRecognition_DeepLearning\input\numpy files\0473_beta.npy
0474_beta,20210714,P1H3,1 mM,beta16,beta,G:\My Drive\PhD\CAPTUR3D_personal\00 Progetti\CellTypeRecognition_DeepLearning\input\R64 files\20210714\P1H3\beta\beta16_15.R64,G:\My Drive\PhD\CAPTUR3D_personal\00 Progetti\CellTypeRecognition_DeepLearning\input\numpy files\0474_beta.npy
0475_beta,20210714,P1H3,1 mM,beta16,beta,G:\My Drive\PhD\CAPTUR3D_personal\00 Progetti\CellTypeRecognition_DeepLearning\input\R64 files\20210714\P1H3\beta\beta16_16.R64,G:\My Drive\PhD\CAPTUR3D_personal\00 Progetti\CellTypeRecognition_DeepLearning\input\numpy files\0475_beta.npy
0476_beta,20210714,P1H3,1 mM,beta16,beta,G:\My Drive\PhD\CAPTUR3D_personal\00 Progetti\CellTypeRecognition_DeepLearning\input\R64 files\20210714\P1H3\beta\beta16_17.R64,G:\My Drive\PhD\CAPTUR3D_personal\00 Progetti\CellTypeRecognition_DeepLearning\input\numpy files\0476_beta.npy
0477_beta,20210714,P1H3,1 mM,beta16,beta,G:\My Drive\PhD\CAPTUR3D_personal\00 Progetti\CellTypeRecognition_DeepLearning\input\R64 files\20210714\P1H3\beta\beta16_18.R64,G:\My Drive\PhD\CAPTUR3D_personal\00 Progetti\CellTypeRecognition_DeepLearning\input\numpy files\0477_beta.npy
0478_beta,20210714,P1H3,1 mM,beta16,beta,G:\My Drive\PhD\CAPTUR3D_personal\00 Progetti\CellTypeRecognition_DeepLearning\input\R64 files\20210714\P1H3\beta\beta16_19.R64,G:\My Drive\PhD\CAPTUR3D_personal\00 Progetti\CellTypeRecognition_DeepLearning\input\numpy files\0478_beta.npy
0479_beta,20210714,P1H3,1 mM,beta16,beta,G:\My Drive\PhD\CAPTUR3D_personal\00 Progetti\CellTypeRecognition_DeepLearning\input\R64 files\20210714\P1H3\beta\beta16_20.R64,G:\My Drive\PhD\CAPTUR3D_personal\00 Progetti\CellTypeRecognition_DeepLearning\input\numpy files\0479_beta.npy
0480_beta,20210714,P1H3,1 mM,beta16,beta,G:\My Drive\PhD\CAPTUR3D_personal\00 Progetti\CellTypeRecognition_DeepLearning\input\R64 files\20210714\P1H3\beta\beta16_21.R64,G:\My Drive\PhD\CAPTUR3D_personal\00 Progetti\CellTypeRecognition_DeepLearning\input\numpy files\0480_beta.npy
0481_beta,20210714,P1H3,1 mM,beta16,beta,G:\My Drive\PhD\CAPTUR3D_personal\00 Progetti\CellTypeRecognition_DeepLearning\input\R64 files\20210714\P1H3\beta\beta16_22.R64,G:\My Drive\PhD\CAPTUR3D_personal\00 Progetti\CellTypeRecognition_DeepLearning\input\numpy files\0481_beta.npy
0482_beta,20210714,P1H3,1 mM,beta16,beta,G:\My Drive\PhD\CAPTUR3D_personal\00 Progetti\CellTypeRecognition_DeepLearning\input\R64 files\20210714\P1H3\beta\beta16_23.R64,G:\My Drive\PhD\CAPTUR3D_personal\00 Progetti\CellTypeRecognition_DeepLearning\input\numpy files\0482_beta.npy
0483_beta,20210714,P1H3,1 mM,beta16,beta,G:\My Drive\PhD\CAPTUR3D_personal\00 Progetti\CellTypeRecognition_DeepLearning\input\R64 files\20210714\P1H3\beta\beta16_24.R64,G:\My Drive\PhD\CAPTUR3D_personal\00 Progetti\CellTypeRecognition_DeepLearning\input\numpy files\0483_beta.npy
0484_beta,20210714,P1H3,1 mM,beta16,beta,G:\My Drive\PhD\CAPTUR3D_personal\00 Progetti\CellTypeRecognition_DeepLearning\input\R64 files\20210714\P1H3\beta\beta16_25.R64,G:\My Drive\PhD\CAPTUR3D_personal\00 Progetti\CellTypeRecognition_DeepLearning\input\numpy files\0484_beta.npy
0485_beta,20210714,P1H3,1 mM,beta16,beta,G:\My Drive\PhD\CAPTUR3D_personal\00 Progetti\CellTypeRecognition_DeepLearning\input\R64 files\20210714\P1H3\beta\beta16_26.R64,G:\My Drive\PhD\CAPTUR3D_personal\00 Progetti\CellTypeRecognition_DeepLearning\input\numpy files\0485_beta.npy
0486_beta,20210714,P1H3,1 mM,beta16,beta,G:\My Drive\PhD\CAPTUR3D_personal\00 Progetti\CellTypeRecognition_DeepLearning\input\R64 files\20210714\P1H3\beta\beta16_27.R64,G:\My Drive\PhD\CAPTUR3D_personal\00 Progetti\CellTypeRecognition_DeepLearning\input\numpy files\0486_beta.npy
0487_beta,20210714,P1H3,1 mM,beta16,beta,G:\My Drive\PhD\CAPTUR3D_personal\00 Progetti\CellTypeRecognition_DeepLearning\input\R64 files\20210714\P1H3\beta\beta16_28.R64,G:\My Drive\PhD\CAPTUR3D_personal\00 Progetti\CellTypeRecognition_DeepLearning\input\numpy files\0487_beta.npy
0488_beta,20210714,P1H3,1 mM,beta16,beta,G:\My Drive\PhD\CAPTUR3D_personal\00 Progetti\CellTypeRecognition_DeepLearning\input\R64 files\20210714\P1H3\beta\beta16_29.R64,G:\My Drive\PhD\CAPTUR3D_personal\00 Progetti\CellTypeRecognition_DeepLearning\input\numpy files\0488_beta.npy
0489_beta,20210714,P1H3,1 mM,beta16,beta,G:\My Drive\PhD\CAPTUR3D_personal\00 Progetti\CellTypeRecognition_DeepLearning\input\R64 files\20210714\P1H3\beta\beta16_30.R64,G:\My Drive\PhD\CAPTUR3D_personal\00 Progetti\CellTypeRecognition_DeepLearning\input\numpy files\0489_beta.npy
0490_beta,20210714,P1H3,1 mM,beta16,beta,G:\My Drive\PhD\CAPTUR3D_personal\00 Progetti\CellTypeRecognition_DeepLearning\input\R64 files\20210714\P1H3\beta\beta16_31.R64,G:\My Drive\PhD\CAPTUR3D_personal\00 Progetti\CellTypeRecognition_DeepLearning\input\numpy files\0490_beta.npy
0491_beta,20210714,P1H3,1 mM,beta16,beta,G:\My Drive\PhD\CAPTUR3D_personal\00 Progetti\CellTypeRecognition_DeepLearning\input\R64 files\20210714\P1H3\beta\beta16_32.R64,G:\My Drive\PhD\CAPTUR3D_personal\00 Progetti\CellTypeRecognition_DeepLearning\input\numpy files\0491_beta.npy
0492_beta,20210714,P1H3,1 mM,beta16,beta,G:\My Drive\PhD\CAPTUR3D_personal\00 Progetti\CellTypeRecognition_DeepLearning\input\R64 files\20210714\P1H3\beta\beta16_33.R64,G:\My Drive\PhD\CAPTUR3D_personal\00 Progetti\CellTypeRecognition_DeepLearning\input\numpy files\0492_beta.npy
0493_beta,20210714,P1H3,1 mM,beta16,beta,G:\My Drive\PhD\CAPTUR3D_personal\00 Progetti\CellTypeRecognition_DeepLearning\input\R64 files\20210714\P1H3\beta\beta16_34.R64,G:\My Drive\PhD\CAPTUR3D_personal\00 Progetti\CellTypeRecognition_DeepLearning\input\numpy files\0493_beta.npy
0494_beta,20210714,P1H3,1 mM,beta16,beta,G:\My Drive\PhD\CAPTUR3D_personal\00 Progetti\CellTypeRecognition_DeepLearning\input\R64 files\20210714\P1H3\beta\beta16_35.R64,G:\My Drive\PhD\CAPTUR3D_personal\00 Progetti\CellTypeRecognition_DeepLearning\input\numpy files\0494_beta.npy
0495_beta,20210714,P1H3,1 mM,beta16,beta,G:\My Drive\PhD\CAPTUR3D_personal\00 Progetti\CellTypeRecognition_DeepLearning\input\R64 files\20210714\P1H3\beta\beta16_36.R64,G:\My Drive\PhD\CAPTUR3D_personal\00 Progetti\CellTypeRecognition_DeepLearning\input\numpy files\0495_beta.npy
0496_beta,20210714,P1H3,1 mM,beta16,beta,G:\My Drive\PhD\CAPTUR3D_personal\00 Progetti\CellTypeRecognition_DeepLearning\input\R64 files\20210714\P1H3\beta\beta16_37.R64,G:\My Drive\PhD\CAPTUR3D_personal\00 Progetti\CellTypeRecognition_DeepLearning\input\numpy files\0496_beta.npy
0497_beta,20210714,P1H3,1 mM,beta16,beta,G:\My Drive\PhD\CAPTUR3D_personal\00 Progetti\CellTypeRecognition_DeepLearning\input\R64 files\20210714\P1H3\beta\beta16_38.R64,G:\My Drive\PhD\CAPTUR3D_personal\00 Progetti\CellTypeRecognition_DeepLearning\input\numpy files\0497_beta.npy
0498_alpha,20210714,P1H3,2 mM,alpha2,alpha,G:\My Drive\PhD\CAPTUR3D_personal\00 Progetti\CellTypeRecognition_DeepLearning\input\R64 files\20210714\P1H3\alpha\alpha2_1.R64,G:\My Drive\PhD\CAPTUR3D_personal\00 Progetti\CellTypeRecognition_DeepLearning\input\numpy files\0498_alpha.npy
0499_alpha,20210714,P1H3,2 mM,alpha2,alpha,G:\My Drive\PhD\CAPTUR3D_personal\00 Progetti\CellTypeRecognition_DeepLearning\input\R64 files\20210714\P1H3\alpha\alpha2_2.R64,G:\My Drive\PhD\CAPTUR3D_personal\00 Progetti\CellTypeRecognition_DeepLearning\input\numpy files\0499_alpha.npy
0500_alpha,20210714,P1H3,2 mM,alpha2,alpha,G:\My Drive\PhD\CAPTUR3D_personal\00 Progetti\CellTypeRecognition_DeepLearning\input\R64 files\20210714\P1H3\alpha\alpha2_3.R64,G:\My Drive\PhD\CAPTUR3D_personal\00 Progetti\CellTypeRecognition_DeepLearning\input\numpy files\0500_alpha.npy
0501_alpha,20210714,P1H3,2 mM,alpha2,alpha,G:\My Drive\PhD\CAPTUR3D_personal\00 Progetti\CellTypeRecognition_DeepLearning\input\R64 files\20210714\P1H3\alpha\alpha2_4.R64,G:\My Drive\PhD\CAPTUR3D_personal\00 Progetti\CellTypeRecognition_DeepLearning\input\numpy files\0501_alpha.npy
0502_alpha,20210714,P1H3,2 mM,alpha2,alpha,G:\My Drive\PhD\CAPTUR3D_personal\00 Progetti\CellTypeRecognition_DeepLearning\input\R64 files\20210714\P1H3\alpha\alpha2_5.R64,G:\My Drive\PhD\CAPTUR3D_personal\00 Progetti\CellTypeRecognition_DeepLearning\input\numpy files\0502_alpha.npy
0503_alpha,20210714,P1H3,2 mM,alpha2,alpha,G:\My Drive\PhD\CAPTUR3D_personal\00 Progetti\CellTypeRecognition_DeepLearning\input\R64 files\20210714\P1H3\alpha\alpha2_6.R64,G:\My Drive\PhD\CAPTUR3D_personal\00 Progetti\CellTypeRecognition_DeepLearning\input\numpy files\0503_alpha.npy
0504_alpha,20210714,P1H3,2 mM,alpha2,alpha,G:\My Drive\PhD\CAPTUR3D_personal\00 Progetti\CellTypeRecognition_DeepLearning\input\R64 files\20210714\P1H3\alpha\alpha2_7.R64,G:\My Drive\PhD\CAPTUR3D_personal\00 Progetti\CellTypeRecognition_DeepLearning\input\numpy files\0504_alpha.npy
0505_alpha,20210714,P1H3,2 mM,alpha2,alpha,G:\My Drive\PhD\CAPTUR3D_personal\00 Progetti\CellTypeRecognition_DeepLearning\input\R64 files\20210714\P1H3\alpha\alpha2_8.R64,G:\My Drive\PhD\CAPTUR3D_personal\00 Progetti\CellTypeRecognition_DeepLearning\input\numpy files\0505_alpha.npy
0506_alpha,20210714,P1H3,2 mM,alpha2,alpha,G:\My Drive\PhD\CAPTUR3D_personal\00 Progetti\CellTypeRecognition_DeepLearning\input\R64 files\20210714\P1H3\alpha\alpha2_9.R64,G:\My Drive\PhD\CAPTUR3D_personal\00 Progetti\CellTypeRecognition_DeepLearning\input\numpy files\0506_alpha.npy
0507_alpha,20210714,P1H3,2 mM,alpha2,alpha,G:\My Drive\PhD\CAPTUR3D_personal\00 Progetti\CellTypeRecognition_DeepLearning\input\R64 files\20210714\P1H3\alpha\alpha2_10.R64,G:\My Drive\PhD\CAPTUR3D_personal\00 Progetti\CellTypeRecognition_DeepLearning\input\numpy files\0507_alpha.npy
0508_alpha,20210714,P1H3,2 mM,alpha2,alpha,G:\My Drive\PhD\CAPTUR3D_personal\00 Progetti\CellTypeRecognition_DeepLearning\input\R64 files\20210714\P1H3\alpha\alpha2_11.R64,G:\My Drive\PhD\CAPTUR3D_personal\00 Progetti\CellTypeRecognition_DeepLearning\input\numpy files\0508_alpha.npy
0509_alpha,20210714,P1H3,2 mM,alpha2,alpha,G:\My Drive\PhD\CAPTUR3D_personal\00 Progetti\CellTypeRecognition_DeepLearning\input\R64 files\20210714\P1H3\alpha\alpha2_12.R64,G:\My Drive\PhD\CAPTUR3D_personal\00 Progetti\CellTypeRecognition_DeepLearning\input\numpy files\0509_alpha.npy
0510_alpha,20210714,P1H3,2 mM,alpha2,alpha,G:\My Drive\PhD\CAPTUR3D_personal\00 Progetti\CellTypeRecognition_DeepLearning\input\R64 files\20210714\P1H3\alpha\alpha2_13.R64,G:\My Drive\PhD\CAPTUR3D_personal\00 Progetti\CellTypeRecognition_DeepLearning\input\numpy files\0510_alpha.npy
0511_alpha,20210714,P1H3,2 mM,alpha2,alpha,G:\My Drive\PhD\CAPTUR3D_personal\00 Progetti\CellTypeRecognition_DeepLearning\input\R64 files\20210714\P1H3\alpha\alpha2_14.R64,G:\My Drive\PhD\CAPTUR3D_personal\00 Progetti\CellTypeRecognition_DeepLearning\input\numpy files\0511_alpha.npy
0512_alpha,20210714,P1H3,2 mM,alpha2,alpha,G:\My Drive\PhD\CAPTUR3D_personal\00 Progetti\CellTypeRecognition_DeepLearning\input\R64 files\20210714\P1H3\alpha\alpha2_15.R64,G:\My Drive\PhD\CAPTUR3D_personal\00 Progetti\CellTypeRecognition_DeepLearning\input\numpy files\0512_alpha.npy
0513_alpha,20210714,P1H3,2 mM,alpha2,alpha,G:\My Drive\PhD\CAPTUR3D_personal\00 Progetti\CellTypeRecognition_DeepLearning\input\R64 files\20210714\P1H3\alpha\alpha2_16.R64,G:\My Drive\PhD\CAPTUR3D_personal\00 Progetti\CellTypeRecognition_DeepLearning\input\numpy files\0513_alpha.npy
0514_alpha,20210714,P1H3,2 mM,alpha2,alpha,G:\My Drive\PhD\CAPTUR3D_personal\00 Progetti\CellTypeRecognition_DeepLearning\input\R64 files\20210714\P1H3\alpha\alpha2_17.R64,G:\My Drive\PhD\CAPTUR3D_personal\00 Progetti\CellTypeRecognition_DeepLearning\input\numpy files\0514_alpha.npy
0515_alpha,20210714,P1H3,2 mM,alpha2,alpha,G:\My Drive\PhD\CAPTUR3D_personal\00 Progetti\CellTypeRecognition_DeepLearning\input\R64 files\20210714\P1H3\alpha\alpha2_18.R64,G:\My Drive\PhD\CAPTUR3D_personal\00 Progetti\CellTypeRecognition_DeepLearning\input\numpy files\0515_alpha.npy
0516_alpha,20210714,P1H3,2 mM,alpha2,alpha,G:\My Drive\PhD\CAPTUR3D_personal\00 Progetti\CellTypeRecognition_DeepLearning\input\R64 files\20210714\P1H3\alpha\alpha2_19.R64,G:\My Drive\PhD\CAPTUR3D_personal\00 Progetti\CellTypeRecognition_DeepLearning\input\numpy files\0516_alpha.npy
0517_alpha,20210714,P1H3,2 mM,alpha2,alpha,G:\My Drive\PhD\CAPTUR3D_personal\00 Progetti\CellTypeRecognition_DeepLearning\input\R64 files\20210714\P1H3\alpha\alpha2_20.R64,G:\My Drive\PhD\CAPTUR3D_personal\00 Progetti\CellTypeRecognition_DeepLearning\input\numpy files\0517_alpha.npy
0518_alpha,20210714,P1H3,2 mM,alpha2,alpha,G:\My Drive\PhD\CAPTUR3D_personal\00 Progetti\CellTypeRecognition_DeepLearning\input\R64 files\20210714\P1H3\alpha\alpha2_21.R64,G:\My Drive\PhD\CAPTUR3D_personal\00 Progetti\CellTypeRecognition_DeepLearning\input\numpy files\0518_alpha.npy
0519_alpha,20210714,P1H3,2 mM,alpha2,alpha,G:\My Drive\PhD\CAPTUR3D_personal\00 Progetti\CellTypeRecognition_DeepLearning\input\R64 files\20210714\P1H3\alpha\alpha2_22.R64,G:\My Drive\PhD\CAPTUR3D_personal\00 Progetti\CellTypeRecognition_DeepLearning\input\numpy files\0519_alpha.npy
0520_alpha,20210714,P1H3,2 mM,alpha2,alpha,G:\My Drive\PhD\CAPTUR3D_personal\00 Progetti\CellTypeRecognition_DeepLearning\input\R64 files\20210714\P1H3\alpha\alpha2_23.R64,G:\My Drive\PhD\CAPTUR3D_personal\00 Progetti\CellTypeRecognition_DeepLearning\input\numpy files\0520_alpha.npy
0521_alpha,20210714,P1H3,2 mM,alpha2,alpha,G:\My Drive\PhD\CAPTUR3D_personal\00 Progetti\CellTypeRecognition_DeepLearning\input\R64 files\20210714\P1H3\alpha\alpha2_24.R64,G:\My Drive\PhD\CAPTUR3D_personal\00 Progetti\CellTypeRecognition_DeepLearning\input\numpy files\0521_alpha.npy
0522_alpha,20210714,P1H3,2 mM,alpha2,alpha,G:\My Drive\PhD\CAPTUR3D_personal\00 Progetti\CellTypeRecognition_DeepLearning\input\R64 files\20210714\P1H3\alpha\alpha2_25.R64,G:\My Drive\PhD\CAPTUR3D_personal\00 Progetti\CellTypeRecognition_DeepLearning\input\numpy files\0522_alpha.npy
0523_alpha,20210714,P1H3,2 mM,alpha2,alpha,G:\My Drive\PhD\CAPTUR3D_personal\00 Progetti\CellTypeRecognition_DeepLearning\input\R64 files\20210714\P1H3\alpha\alpha2_26.R64,G:\My Drive\PhD\CAPTUR3D_personal\00 Progetti\CellTypeRecognition_DeepLearning\input\numpy files\0523_alpha.npy
0524_alpha,20210714,P1H3,2 mM,alpha2,alpha,G:\My Drive\PhD\CAPTUR3D_personal\00 Progetti\CellTypeRecognition_DeepLearning\input\R64 files\20210714\P1H3\alpha\alpha2_27.R64,G:\My Drive\PhD\CAPTUR3D_personal\00 Progetti\CellTypeRecognition_DeepLearning\input\numpy files\0524_alpha.npy
0525_alpha,20210714,P1H3,2 mM,alpha2,alpha,G:\My Drive\PhD\CAPTUR3D_personal\00 Progetti\CellTypeRecognition_DeepLearning\input\R64 files\20210714\P1H3\alpha\alpha2_28.R64,G:\My Drive\PhD\CAPTUR3D_personal\00 Progetti\CellTypeRecognition_DeepLearning\input\numpy files\0525_alpha.npy
0526_alpha,20210714,P1H3,1 mM,alpha16,alpha,G:\My Drive\PhD\CAPTUR3D_personal\00 Progetti\CellTypeRecognition_DeepLearning\input\R64 files\20210714\P1H3\alpha\alpha16_1.R64,G:\My Drive\PhD\CAPTUR3D_personal\00 Progetti\CellTypeRecognition_DeepLearning\input\numpy files\0526_alpha.npy
0527_alpha,20210714,P1H3,1 mM,alpha16,alpha,G:\My Drive\PhD\CAPTUR3D_personal\00 Progetti\CellTypeRecognition_DeepLearning\input\R64 files\20210714\P1H3\alpha\alpha16_2.R64,G:\My Drive\PhD\CAPTUR3D_personal\00 Progetti\CellTypeRecognition_DeepLearning\input\numpy files\0527_alpha.npy
0528_alpha,20210714,P1H3,1 mM,alpha16,alpha,G:\My Drive\PhD\CAPTUR3D_personal\00 Progetti\CellTypeRecognition_DeepLearning\input\R64 files\20210714\P1H3\alpha\alpha16_3.R64,G:\My Drive\PhD\CAPTUR3D_personal\00 Progetti\CellTypeRecognition_DeepLearning\input\numpy files\0528_alpha.npy
0529_alpha,20210714,P1H3,1 mM,alpha16,alpha,G:\My Drive\PhD\CAPTUR3D_personal\00 Progetti\CellTypeRecognition_DeepLearning\input\R64 files\20210714\P1H3\alpha\alpha16_4.R64,G:\My Drive\PhD\CAPTUR3D_personal\00 Progetti\CellTypeRecognition_DeepLearning\input\numpy files\0529_alpha.npy
0530_alpha,20210714,P1H3,1 mM,alpha16,alpha,G:\My Drive\PhD\CAPTUR3D_personal\00 Progetti\CellTypeRecognition_DeepLearning\input\R64 files\20210714\P1H3\alpha\alpha16_5.R64,G:\My Drive\PhD\CAPTUR3D_personal\00 Progetti\CellTypeRecognition_DeepLearning\input\numpy files\0530_alpha.npy
0531_alpha,20210714,P1H3,1 mM,alpha16,alpha,G:\My Drive\PhD\CAPTUR3D_personal\00 Progetti\CellTypeRecognition_DeepLearning\input\R64 files\20210714\P1H3\alpha\alpha16_6.R64,G:\My Drive\PhD\CAPTUR3D_personal\00 Progetti\CellTypeRecognition_DeepLearning\input\numpy files\0531_alpha.npy
0532_alpha,20210714,P1H3,1 mM,alpha16,alpha,G:\My Drive\PhD\CAPTUR3D_personal\00 Progetti\CellTypeRecognition_DeepLearning\input\R64 files\20210714\P1H3\alpha\alpha16_7.R64,G:\My Drive\PhD\CAPTUR3D_personal\00 Progetti\CellTypeRecognition_DeepLearning\input\numpy files\0532_alpha.npy
0533_alpha,20210714,P1H3,1 mM,alpha16,alpha,G:\My Drive\PhD\CAPTUR3D_personal\00 Progetti\CellTypeRecognition_DeepLearning\input\R64 files\20210714\P1H3\alpha\alpha16_8.R64,G:\My Drive\PhD\CAPTUR3D_personal\00 Progetti\CellTypeRecognition_DeepLearning\input\numpy files\0533_alpha.npy
0534_alpha,20210714,P1H3,1 mM,alpha16,alpha,G:\My Drive\PhD\CAPTUR3D_personal\00 Progetti\CellTypeRecognition_DeepLearning\input\R64 files\20210714\P1H3\alpha\alpha16_9.R64,G:\My Drive\PhD\CAPTUR3D_personal\00 Progetti\CellTypeRecognition_DeepLearning\input\numpy files\0534_alpha.npy
0535_alpha,20210714,P1H3,1 mM,alpha16,alpha,G:\My Drive\PhD\CAPTUR3D_personal\00 Progetti\CellTypeRecognition_DeepLearning\input\R64 files\20210714\P1H3\alpha\alpha16_10.R64,G:\My Drive\PhD\CAPTUR3D_personal\00 Progetti\CellTypeRecognition_DeepLearning\input\numpy files\0535_alpha.npy
0536_alpha,20210714,P1H3,1 mM,alpha16,alpha,G:\My Drive\PhD\CAPTUR3D_personal\00 Progetti\CellTypeRecognition_DeepLearning\input\R64 files\20210714\P1H3\alpha\alpha16_11.R64,G:\My Drive\PhD\CAPTUR3D_personal\00 Progetti\CellTypeRecognition_DeepLearning\input\numpy files\0536_alpha.npy
0537_alpha,20210714,P1H3,1 mM,alpha16,alpha,G:\My Drive\PhD\CAPTUR3D_personal\00 Progetti\CellTypeRecognition_DeepLearning\input\R64 files\20210714\P1H3\alpha\alpha16_12.R64,G:\My Drive\PhD\CAPTUR3D_personal\00 Progetti\CellTypeRecognition_DeepLearning\input\numpy files\0537_alpha.npy
0538_alpha,20210714,P1H3,1 mM,alpha16,alpha,G:\My Drive\PhD\CAPTUR3D_personal\00 Progetti\CellTypeRecognition_DeepLearning\input\R64 files\20210714\P1H3\alpha\alpha16_13.R64,G:\My Drive\PhD\CAPTUR3D_personal\00 Progetti\CellTypeRecognition_DeepLearning\input\numpy files\0538_alpha.npy
0539_alpha,20210714,P1H3,1 mM,alpha16,alpha,G:\My Drive\PhD\CAPTUR3D_personal\00 Progetti\CellTypeRecognition_DeepLearning\input\R64 files\20210714\P1H3\alpha\alpha16_14.R64,G:\My Drive\PhD\CAPTUR3D_personal\00 Progetti\CellTypeRecognition_DeepLearning\input\numpy files\0539_alpha.npy
0540_alpha,20210714,P1H3,1 mM,alpha16,alpha,G:\My Drive\PhD\CAPTUR3D_personal\00 Progetti\CellTypeRecognition_DeepLearning\input\R64 files\20210714\P1H3\alpha\alpha16_15.R64,G:\My Drive\PhD\CAPTUR3D_personal\00 Progetti\CellTypeRecognition_DeepLearning\input\numpy files\0540_alpha.npy
0541_alpha,20210714,P1H3,1 mM,alpha16,alpha,G:\My Drive\PhD\CAPTUR3D_personal\00 Progetti\CellTypeRecognition_DeepLearning\input\R64 files\20210714\P1H3\alpha\alpha16_16.R64,G:\My Drive\PhD\CAPTUR3D_personal\00 Progetti\CellTypeRecognition_DeepLearning\input\numpy files\0541_alpha.npy
0542_alpha,20210714,P1H3,1 mM,alpha16,alpha,G:\My Drive\PhD\CAPTUR3D_personal\00 Progetti\CellTypeRecognition_DeepLearning\input\R64 files\20210714\P1H3\alpha\alpha16_17.R64,G:\My Drive\PhD\CAPTUR3D_personal\00 Progetti\CellTypeRecognition_DeepLearning\input\numpy files\0542_alpha.npy
0543_alpha,20210714,P1H3,1 mM,alpha16,alpha,G:\My Drive\PhD\CAPTUR3D_personal\00 Progetti\CellTypeRecognition_DeepLearning\input\R64 files\20210714\P1H3\alpha\alpha16_18.R64,G:\My Drive\PhD\CAPTUR3D_personal\00 Progetti\CellTypeRecognition_DeepLearning\input\numpy files\0543_alpha.npy
0544_alpha,20210714,P1H3,1 mM,alpha16,alpha,G:\My Drive\PhD\CAPTUR3D_personal\00 Progetti\CellTypeRecognition_DeepLearning\input\R64 files\20210714\P1H3\alpha\alpha16_19.R64,G:\My Drive\PhD\CAPTUR3D_personal\00 Progetti\CellTypeRecognition_DeepLearning\input\numpy files\0544_alpha.npy
0545_alpha,20210714,P1H3,1 mM,alpha16,alpha,G:\My Drive\PhD\CAPTUR3D_personal\00 Progetti\CellTypeRecognition_DeepLearning\input\R64 files\20210714\P1H3\alpha\alpha16_20.R64,G:\My Drive\PhD\CAPTUR3D_personal\00 Progetti\CellTypeRecognition_DeepLearning\input\numpy files\0545_alpha.npy
0546_alpha,20210714,P1H3,1 mM,alpha16,alpha,G:\My Drive\PhD\CAPTUR3D_personal\00 Progetti\CellTypeRecognition_DeepLearning\input\R64 files\20210714\P1H3\alpha\alpha16_21.R64,G:\My Drive\PhD\CAPTUR3D_personal\00 Progetti\CellTypeRecognition_DeepLearning\input\numpy files\0546_alpha.npy
0547_alpha,20210714,P1H3,1 mM,alpha16,alpha,G:\My Drive\PhD\CAPTUR3D_personal\00 Progetti\CellTypeRecognition_DeepLearning\input\R64 files\20210714\P1H3\alpha\alpha16_22.R64,G:\My Drive\PhD\CAPTUR3D_personal\00 Progetti\CellTypeRecognition_DeepLearning\input\numpy files\0547_alpha.npy
0548_alpha,20210714,P1H3,1 mM,alpha16,alpha,G:\My Drive\PhD\CAPTUR3D_personal\00 Progetti\CellTypeRecognition_DeepLearning\input\R64 files\20210714\P1H3\alpha\alpha16_23.R64,G:\My Drive\PhD\CAPTUR3D_personal\00 Progetti\CellTypeRecognition_DeepLearning\input\numpy files\0548_alpha.npy
0549_alpha,20210714,P1H3,1 mM,alpha16,alpha,G:\My Drive\PhD\CAPTUR3D_personal\00 Progetti\CellTypeRecognition_DeepLearning\input\R64 files\20210714\P1H3\alpha\alpha16_24.R64,G:\My Drive\PhD\CAPTUR3D_personal\00 Progetti\CellTypeRecognition_DeepLearning\input\numpy files\0549_alpha.npy
0550_alpha,20210714,P1H3,1 mM,alpha16,alpha,G:\My Drive\PhD\CAPTUR3D_personal\00 Progetti\CellTypeRecognition_DeepLearning\input\R64 files\20210714\P1H3\alpha\alpha16_25.R64,G:\My Drive\PhD\CAPTUR3D_personal\00 Progetti\CellTypeRecognition_DeepLearning\input\numpy files\0550_alpha.npy
0551_alpha,20210714,P1H3,1 mM,alpha16,alpha,G:\My Drive\PhD\CAPTUR3D_personal\00 Progetti\CellTypeRecognition_DeepLearning\input\R64 files\20210714\P1H3\alpha\alpha16_26.R64,G:\My Drive\PhD\CAPTUR3D_personal\00 Progetti\CellTypeRecognition_DeepLearning\input\numpy files\0551_alpha.npy
0552_alpha,20210714,P1H3,1 mM,alpha16,alpha,G:\My Drive\PhD\CAPTUR3D_personal\00 Progetti\CellTypeRecognition_DeepLearning\input\R64 files\20210714\P1H3\alpha\alpha16_27.R64,G:\My Drive\PhD\CAPTUR3D_personal\00 Progetti\CellTypeRecognition_DeepLearning\input\numpy files\0552_alpha.npy
0553_alpha,20210714,P1H3,1 mM,alpha16,alpha,G:\My Drive\PhD\CAPTUR3D_personal\00 Progetti\CellTypeRecognition_DeepLearning\input\R64 files\20210714\P1H3\alpha\alpha16_28.R64,G:\My Drive\PhD\CAPTUR3D_personal\00 Progetti\CellTypeRecognition_DeepLearning\input\numpy files\0553_alpha.npy
0554_beta,20210714,P2H1,2 mM,beta2,beta,G:\My Drive\PhD\CAPTUR3D_personal\00 Progetti\CellTypeRecognition_DeepLearning\input\R64 files\20210714\P2H1\beta\beta2_1.R64,G:\My Drive\PhD\CAPTUR3D_personal\00 Progetti\CellTypeRecognition_DeepLearning\input\numpy files\0554_beta.npy
0555_beta,20210714,P2H1,2 mM,beta2,beta,G:\My Drive\PhD\CAPTUR3D_personal\00 Progetti\CellTypeRecognition_DeepLearning\input\R64 files\20210714\P2H1\beta\beta2_2.R64,G:\My Drive\PhD\CAPTUR3D_personal\00 Progetti\CellTypeRecognition_DeepLearning\input\numpy files\0555_beta.npy
0556_beta,20210714,P2H1,2 mM,beta2,beta,G:\My Drive\PhD\CAPTUR3D_personal\00 Progetti\CellTypeRecognition_DeepLearning\input\R64 files\20210714\P2H1\beta\beta2_3.R64,G:\My Drive\PhD\CAPTUR3D_personal\00 Progetti\CellTypeRecognition_DeepLearning\input\numpy files\0556_beta.npy
0557_beta,20210714,P2H1,2 mM,beta2,beta,G:\My Drive\PhD\CAPTUR3D_personal\00 Progetti\CellTypeRecognition_DeepLearning\input\R64 files\20210714\P2H1\beta\beta2_4.R64,G:\My Drive\PhD\CAPTUR3D_personal\00 Progetti\CellTypeRecognition_DeepLearning\input\numpy files\0557_beta.npy
0558_beta,20210714,P2H1,2 mM,beta2,beta,G:\My Drive\PhD\CAPTUR3D_personal\00 Progetti\CellTypeRecognition_DeepLearning\input\R64 files\20210714\P2H1\beta\beta2_5.R64,G:\My Drive\PhD\CAPTUR3D_personal\00 Progetti\CellTypeRecognition_DeepLearning\input\numpy files\0558_beta.npy
0559_beta,20210714,P2H1,2 mM,beta2,beta,G:\My Drive\PhD\CAPTUR3D_personal\00 Progetti\CellTypeRecognition_DeepLearning\input\R64 files\20210714\P2H1\beta\beta2_6.R64,G:\My Drive\PhD\CAPTUR3D_personal\00 Progetti\CellTypeRecognition_DeepLearning\input\numpy files\0559_beta.npy
0560_beta,20210714,P2H1,2 mM,beta2,beta,G:\My Drive\PhD\CAPTUR3D_personal\00 Progetti\CellTypeRecognition_DeepLearning\input\R64 files\20210714\P2H1\beta\beta2_7.R64,G:\My Drive\PhD\CAPTUR3D_personal\00 Progetti\CellTypeRecognition_DeepLearning\input\numpy files\0560_beta.npy
0561_beta,20210714,P2H1,2 mM,beta2,beta,G:\My Drive\PhD\CAPTUR3D_personal\00 Progetti\CellTypeRecognition_DeepLearning\input\R64 files\20210714\P2H1\beta\beta2_8.R64,G:\My Drive\PhD\CAPTUR3D_personal\00 Progetti\CellTypeRecognition_DeepLearning\input\numpy files\0561_beta.npy
0562_beta,20210714,P2H1,2 mM,beta2,beta,G:\My Drive\PhD\CAPTUR3D_personal\00 Progetti\CellTypeRecognition_DeepLearning\input\R64 files\20210714\P2H1\beta\beta2_9.R64,G:\My Drive\PhD\CAPTUR3D_personal\00 Progetti\CellTypeRecognition_DeepLearning\input\numpy files\0562_beta.npy
0563_beta,20210714,P2H1,2 mM,beta2,beta,G:\My Drive\PhD\CAPTUR3D_personal\00 Progetti\CellTypeRecognition_DeepLearning\input\R64 files\20210714\P2H1\beta\beta2_10.R64,G:\My Drive\PhD\CAPTUR3D_personal\00 Progetti\CellTypeRecognition_DeepLearning\input\numpy files\0563_beta.npy
0564_beta,20210714,P2H1,2 mM,beta2,beta,G:\My Drive\PhD\CAPTUR3D_personal\00 Progetti\CellTypeRecognition_DeepLearning\input\R64 files\20210714\P2H1\beta\beta2_11.R64,G:\My Drive\PhD\CAPTUR3D_personal\00 Progetti\CellTypeRecognition_DeepLearning\input\numpy files\0564_beta.npy
0565_beta,20210714,P2H1,2 mM,beta2,beta,G:\My Drive\PhD\CAPTUR3D_personal\00 Progetti\CellTypeRecognition_DeepLearning\input\R64 files\20210714\P2H1\beta\beta2_12.R64,G:\My Drive\PhD\CAPTUR3D_personal\00 Progetti\CellTypeRecognition_DeepLearning\input\numpy files\0565_beta.npy
0566_beta,20210714,P2H1,2 mM,beta2,beta,G:\My Drive\PhD\CAPTUR3D_personal\00 Progetti\CellTypeRecognition_DeepLearning\input\R64 files\20210714\P2H1\beta\beta2_13.R64,G:\My Drive\PhD\CAPTUR3D_personal\00 Progetti\CellTypeRecognition_DeepLearning\input\numpy files\0566_beta.npy
0567_beta,20210714,P2H1,2 mM,beta2,beta,G:\My Drive\PhD\CAPTUR3D_personal\00 Progetti\CellTypeRecognition_DeepLearning\input\R64 files\20210714\P2H1\beta\beta2_14.R64,G:\My Drive\PhD\CAPTUR3D_personal\00 Progetti\CellTypeRecognition_DeepLearning\input\numpy files\0567_beta.npy
0568_beta,20210714,P2H1,2 mM,beta2,beta,G:\My Drive\PhD\CAPTUR3D_personal\00 Progetti\CellTypeRecognition_DeepLearning\input\R64 files\20210714\P2H1\beta\beta2_15.R64,G:\My Drive\PhD\CAPTUR3D_personal\00 Progetti\CellTypeRecognition_DeepLearning\input\numpy files\0568_beta.npy
0569_beta,20210714,P2H1,2 mM,beta2,beta,G:\My Drive\PhD\CAPTUR3D_personal\00 Progetti\CellTypeRecognition_DeepLearning\input\R64 files\20210714\P2H1\beta\beta2_16.R64,G:\My Drive\PhD\CAPTUR3D_personal\00 Progetti\CellTypeRecognition_DeepLearning\input\numpy files\0569_beta.npy
0570_beta,20210714,P2H1,2 mM,beta2,beta,G:\My Drive\PhD\CAPTUR3D_personal\00 Progetti\CellTypeRecognition_DeepLearning\input\R64 files\20210714\P2H1\beta\beta2_17.R64,G:\My Drive\PhD\CAPTUR3D_personal\00 Progetti\CellTypeRecognition_DeepLearning\input\numpy files\0570_beta.npy
0571_beta,20210714,P2H1,2 mM,beta2,beta,G:\My Drive\PhD\CAPTUR3D_personal\00 Progetti\CellTypeRecognition_DeepLearning\input\R64 files\20210714\P2H1\beta\beta2_18.R64,G:\My Drive\PhD\CAPTUR3D_personal\00 Progetti\CellTypeRecognition_DeepLearning\input\numpy files\0571_beta.npy
0572_beta,20210714,P2H1,2 mM,beta2,beta,G:\My Drive\PhD\CAPTUR3D_personal\00 Progetti\CellTypeRecognition_DeepLearning\input\R64 files\20210714\P2H1\beta\beta2_19.R64,G:\My Drive\PhD\CAPTUR3D_personal\00 Progetti\CellTypeRecognition_DeepLearning\input\numpy files\0572_beta.npy
0573_beta,20210714,P2H1,2 mM,beta2,beta,G:\My Drive\PhD\CAPTUR3D_personal\00 Progetti\CellTypeRecognition_DeepLearning\input\R64 files\20210714\P2H1\beta\beta2_20.R64,G:\My Drive\PhD\CAPTUR3D_personal\00 Progetti\CellTypeRecognition_DeepLearning\input\numpy files\0573_beta.npy
0574_beta,20210714,P2H1,2 mM,beta2,beta,G:\My Drive\PhD\CAPTUR3D_personal\00 Progetti\CellTypeRecognition_DeepLearning\input\R64 files\20210714\P2H1\beta\beta2_21.R64,G:\My Drive\PhD\CAPTUR3D_personal\00 Progetti\CellTypeRecognition_DeepLearning\input\numpy files\0574_beta.npy
0575_beta,20210714,P2H1,2 mM,beta2,beta,G:\My Drive\PhD\CAPTUR3D_personal\00 Progetti\CellTypeRecognition_DeepLearning\input\R64 files\20210714\P2H1\beta\beta2_22.R64,G:\My Drive\PhD\CAPTUR3D_personal\00 Progetti\CellTypeRecognition_DeepLearning\input\numpy files\0575_beta.npy
0576_beta,20210714,P2H1,2 mM,beta2,beta,G:\My Drive\PhD\CAPTUR3D_personal\00 Progetti\CellTypeRecognition_DeepLearning\input\R64 files\20210714\P2H1\beta\beta2_23.R64,G:\My Drive\PhD\CAPTUR3D_personal\00 Progetti\CellTypeRecognition_DeepLearning\input\numpy files\0576_beta.npy
0577_beta,20210714,P2H1,2 mM,beta2,beta,G:\My Drive\PhD\CAPTUR3D_personal\00 Progetti\CellTypeRecognition_DeepLearning\input\R64 files\20210714\P2H1\beta\beta2_24.R64,G:\My Drive\PhD\CAPTUR3D_personal\00 Progetti\CellTypeRecognition_DeepLearning\input\numpy files\0577_beta.npy
0578_beta,20210714,P2H1,2 mM,beta2,beta,G:\My Drive\PhD\CAPTUR3D_personal\00 Progetti\CellTypeRecognition_DeepLearning\input\R64 files\20210714\P2H1\beta\beta2_25.R64,G:\My Drive\PhD\CAPTUR3D_personal\00 Progetti\CellTypeRecognition_DeepLearning\input\numpy files\0578_beta.npy
0579_beta,20210714,P2H1,2 mM,beta2,beta,G:\My Drive\PhD\CAPTUR3D_personal\00 Progetti\CellTypeRecognition_DeepLearning\input\R64 files\20210714\P2H1\beta\beta2_26.R64,G:\My Drive\PhD\CAPTUR3D_personal\00 Progetti\CellTypeRecognition_DeepLearning\input\numpy files\0579_beta.npy
0580_beta,20210714,P2H1,2 mM,beta2,beta,G:\My Drive\PhD\CAPTUR3D_personal\00 Progetti\CellTypeRecognition_DeepLearning\input\R64 files\20210714\P2H1\beta\beta2_27.R64,G:\My Drive\PhD\CAPTUR3D_personal\00 Progetti\CellTypeRecognition_DeepLearning\input\numpy files\0580_beta.npy
0581_beta,20210714,P2H1,2 mM,beta2,beta,G:\My Drive\PhD\CAPTUR3D_personal\00 Progetti\CellTypeRecognition_DeepLearning\input\R64 files\20210714\P2H1\beta\beta2_28.R64,G:\My Drive\PhD\CAPTUR3D_personal\00 Progetti\CellTypeRecognition_DeepLearning\input\numpy files\0581_beta.npy
0582_beta,20210714,P2H1,2 mM,beta2,beta,G:\My Drive\PhD\CAPTUR3D_personal\00 Progetti\CellTypeRecognition_DeepLearning\input\R64 files\20210714\P2H1\beta\beta2_29.R64,G:\My Drive\PhD\CAPTUR3D_personal\00 Progetti\CellTypeRecognition_DeepLearning\input\numpy files\0582_beta.npy
0583_beta,20210714,P2H1,2 mM,beta2,beta,G:\My Drive\PhD\CAPTUR3D_personal\00 Progetti\CellTypeRecognition_DeepLearning\input\R64 files\20210714\P2H1\beta\beta2_30.R64,G:\My Drive\PhD\CAPTUR3D_personal\00 Progetti\CellTypeRecognition_DeepLearning\input\numpy files\0583_beta.npy
0584_beta,20210714,P2H1,2 mM,beta2,beta,G:\My Drive\PhD\CAPTUR3D_personal\00 Progetti\CellTypeRecognition_DeepLearning\input\R64 files\20210714\P2H1\beta\beta2_31.R64,G:\My Drive\PhD\CAPTUR3D_personal\00 Progetti\CellTypeRecognition_DeepLearning\input\numpy files\0584_beta.npy
0585_beta,20210714,P2H1,2 mM,beta2,beta,G:\My Drive\PhD\CAPTUR3D_personal\00 Progetti\CellTypeRecognition_DeepLearning\input\R64 files\20210714\P2H1\beta\beta2_32.R64,G:\My Drive\PhD\CAPTUR3D_personal\00 Progetti\CellTypeRecognition_DeepLearning\input\numpy files\0585_beta.npy
0586_beta,20210714,P2H1,2 mM,beta2,beta,G:\My Drive\PhD\CAPTUR3D_personal\00 Progetti\CellTypeRecognition_DeepLearning\input\R64 files\20210714\P2H1\beta\beta2_33.R64,G:\My Drive\PhD\CAPTUR3D_personal\00 Progetti\CellTypeRecognition_DeepLearning\input\numpy files\0586_beta.npy
0587_beta,20210714,P2H1,2 mM,beta2,beta,G:\My Drive\PhD\CAPTUR3D_personal\00 Progetti\CellTypeRecognition_DeepLearning\input\R64 files\20210714\P2H1\beta\beta2_34.R64,G:\My Drive\PhD\CAPTUR3D_personal\00 Progetti\CellTypeRecognition_DeepLearning\input\numpy files\0587_beta.npy
0588_beta,20210714,P2H1,2 mM,beta2,beta,G:\My Drive\PhD\CAPTUR3D_personal\00 Progetti\CellTypeRecognition_DeepLearning\input\R64 files\20210714\P2H1\beta\beta2_35.R64,G:\My Drive\PhD\CAPTUR3D_personal\00 Progetti\CellTypeRecognition_DeepLearning\input\numpy files\0588_beta.npy
0589_beta,20210714,P2H1,2 mM,beta2,beta,G:\My Drive\PhD\CAPTUR3D_personal\00 Progetti\CellTypeRecognition_DeepLearning\input\R64 files\20210714\P2H1\beta\beta2_36.R64,G:\My Drive\PhD\CAPTUR3D_personal\00 Progetti\CellTypeRecognition_DeepLearning\input\numpy files\0589_beta.npy
0590_beta,20210714,P2H1,2 mM,beta2,beta,G:\My Drive\PhD\CAPTUR3D_personal\00 Progetti\CellTypeRecognition_DeepLearning\input\R64 files\20210714\P2H1\beta\beta2_37.R64,G:\My Drive\PhD\CAPTUR3D_personal\00 Progetti\CellTypeRecognition_DeepLearning\input\numpy files\0590_beta.npy
0591_beta,20210714,P2H1,1 mM,beta16,beta,G:\My Drive\PhD\CAPTUR3D_personal\00 Progetti\CellTypeRecognition_DeepLearning\input\R64 files\20210714\P2H1\beta\beta16_1.R64,G:\My Drive\PhD\CAPTUR3D_personal\00 Progetti\CellTypeRecognition_DeepLearning\input\numpy files\0591_beta.npy
0592_beta,20210714,P2H1,1 mM,beta16,beta,G:\My Drive\PhD\CAPTUR3D_personal\00 Progetti\CellTypeRecognition_DeepLearning\input\R64 files\20210714\P2H1\beta\beta16_2.R64,G:\My Drive\PhD\CAPTUR3D_personal\00 Progetti\CellTypeRecognition_DeepLearning\input\numpy files\0592_beta.npy
0593_beta,20210714,P2H1,1 mM,beta16,beta,G:\My Drive\PhD\CAPTUR3D_personal\00 Progetti\CellTypeRecognition_DeepLearning\input\R64 files\20210714\P2H1\beta\beta16_3.R64,G:\My Drive\PhD\CAPTUR3D_personal\00 Progetti\CellTypeRecognition_DeepLearning\input\numpy files\0593_beta.npy
0594_beta,20210714,P2H1,1 mM,beta16,beta,G:\My Drive\PhD\CAPTUR3D_personal\00 Progetti\CellTypeRecognition_DeepLearning\input\R64 files\20210714\P2H1\beta\beta16_4.R64,G:\My Drive\PhD\CAPTUR3D_personal\00 Progetti\CellTypeRecognition_DeepLearning\input\numpy files\0594_beta.npy
0595_beta,20210714,P2H1,1 mM,beta16,beta,G:\My Drive\PhD\CAPTUR3D_personal\00 Progetti\CellTypeRecognition_DeepLearning\input\R64 files\20210714\P2H1\beta\beta16_5.R64,G:\My Drive\PhD\CAPTUR3D_personal\00 Progetti\CellTypeRecognition_DeepLearning\input\numpy files\0595_beta.npy
0596_beta,20210714,P2H1,1 mM,beta16,beta,G:\My Drive\PhD\CAPTUR3D_personal\00 Progetti\CellTypeRecognition_DeepLearning\input\R64 files\20210714\P2H1\beta\beta16_6.R64,G:\My Drive\PhD\CAPTUR3D_personal\00 Progetti\CellTypeRecognition_DeepLearning\input\numpy files\0596_beta.npy
0597_beta,20210714,P2H1,1 mM,beta16,beta,G:\My Drive\PhD\CAPTUR3D_personal\00 Progetti\CellTypeRecognition_DeepLearning\input\R64 files\20210714\P2H1\beta\beta16_7.R64,G:\My Drive\PhD\CAPTUR3D_personal\00 Progetti\CellTypeRecognition_DeepLearning\input\numpy files\0597_beta.npy
0598_beta,20210714,P2H1,1 mM,beta16,beta,G:\My Drive\PhD\CAPTUR3D_personal\00 Progetti\CellTypeRecognition_DeepLearning\input\R64 files\20210714\P2H1\beta\beta16_8.R64,G:\My Drive\PhD\CAPTUR3D_personal\00 Progetti\CellTypeRecognition_DeepLearning\input\numpy files\0598_beta.npy
0599_beta,20210714,P2H1,1 mM,beta16,beta,G:\My Drive\PhD\CAPTUR3D_personal\00 Progetti\CellTypeRecognition_DeepLearning\input\R64 files\20210714\P2H1\beta\beta16_9.R64,G:\My Drive\PhD\CAPTUR3D_personal\00 Progetti\CellTypeRecognition_DeepLearning\input\numpy files\0599_beta.npy
0600_beta,20210714,P2H1,1 mM,beta16,beta,G:\My Drive\PhD\CAPTUR3D_personal\00 Progetti\CellTypeRecognition_DeepLearning\input\R64 files\20210714\P2H1\beta\beta16_10.R64,G:\My Drive\PhD\CAPTUR3D_personal\00 Progetti\CellTypeRecognition_DeepLearning\input\numpy files\0600_beta.npy
0601_beta,20210714,P2H1,1 mM,beta16,beta,G:\My Drive\PhD\CAPTUR3D_personal\00 Progetti\CellTypeRecognition_DeepLearning\input\R64 files\20210714\P2H1\beta\beta16_11.R64,G:\My Drive\PhD\CAPTUR3D_personal\00 Progetti\CellTypeRecognition_DeepLearning\input\numpy files\0601_beta.npy
0602_beta,20210714,P2H1,1 mM,beta16,beta,G:\My Drive\PhD\CAPTUR3D_personal\00 Progetti\CellTypeRecognition_DeepLearning\input\R64 files\20210714\P2H1\beta\beta16_12.R64,G:\My Drive\PhD\CAPTUR3D_personal\00 Progetti\CellTypeRecognition_DeepLearning\input\numpy files\0602_beta.npy
0603_beta,20210714,P2H1,1 mM,beta16,beta,G:\My Drive\PhD\CAPTUR3D_personal\00 Progetti\CellTypeRecognition_DeepLearning\input\R64 files\20210714\P2H1\beta\beta16_13.R64,G:\My Drive\PhD\CAPTUR3D_personal\00 Progetti\CellTypeRecognition_DeepLearning\input\numpy files\0603_beta.npy
0604_beta,20210714,P2H1,1 mM,beta16,beta,G:\My Drive\PhD\CAPTUR3D_personal\00 Progetti\CellTypeRecognition_DeepLearning\input\R64 files\20210714\P2H1\beta\beta16_14.R64,G:\My Drive\PhD\CAPTUR3D_personal\00 Progetti\CellTypeRecognition_DeepLearning\input\numpy files\0604_beta.npy
0605_beta,20210714,P2H1,1 mM,beta16,beta,G:\My Drive\PhD\CAPTUR3D_personal\00 Progetti\CellTypeRecognition_DeepLearning\input\R64 files\20210714\P2H1\beta\beta16_15.R64,G:\My Drive\PhD\CAPTUR3D_personal\00 Progetti\CellTypeRecognition_DeepLearning\input\numpy files\0605_beta.npy
0606_beta,20210714,P2H1,1 mM,beta16,beta,G:\My Drive\PhD\CAPTUR3D_personal\00 Progetti\CellTypeRecognition_DeepLearning\input\R64 files\20210714\P2H1\beta\beta16_16.R64,G:\My Drive\PhD\CAPTUR3D_personal\00 Progetti\CellTypeRecognition_DeepLearning\input\numpy files\0606_beta.npy
0607_beta,20210714,P2H1,1 mM,beta16,beta,G:\My Drive\PhD\CAPTUR3D_personal\00 Progetti\CellTypeRecognition_DeepLearning\input\R64 files\20210714\P2H1\beta\beta16_17.R64,G:\My Drive\PhD\CAPTUR3D_personal\00 Progetti\CellTypeRecognition_DeepLearning\input\numpy files\0607_beta.npy
0608_beta,20210714,P2H1,1 mM,beta16,beta,G:\My Drive\PhD\CAPTUR3D_personal\00 Progetti\CellTypeRecognition_DeepLearning\input\R64 files\20210714\P2H1\beta\beta16_18.R64,G:\My Drive\PhD\CAPTUR3D_personal\00 Progetti\CellTypeRecognition_DeepLearning\input\numpy files\0608_beta.npy
0609_beta,20210714,P2H1,1 mM,beta16,beta,G:\My Drive\PhD\CAPTUR3D_personal\00 Progetti\CellTypeRecognition_DeepLearning\input\R64 files\20210714\P2H1\beta\beta16_19.R64,G:\My Drive\PhD\CAPTUR3D_personal\00 Progetti\CellTypeRecognition_DeepLearning\input\numpy files\0609_beta.npy
0610_beta,20210714,P2H1,1 mM,beta16,beta,G:\My Drive\PhD\CAPTUR3D_personal\00 Progetti\CellTypeRecognition_DeepLearning\input\R64 files\20210714\P2H1\beta\beta16_20.R64,G:\My Drive\PhD\CAPTUR3D_personal\00 Progetti\CellTypeRecognition_DeepLearning\input\numpy files\0610_beta.npy
0611_beta,20210714,P2H1,1 mM,beta16,beta,G:\My Drive\PhD\CAPTUR3D_personal\00 Progetti\CellTypeRecognition_DeepLearning\input\R64 files\20210714\P2H1\beta\beta16_21.R64,G:\My Drive\PhD\CAPTUR3D_personal\00 Progetti\CellTypeRecognition_DeepLearning\input\numpy files\0611_beta.npy
0612_beta,20210714,P2H1,1 mM,beta16,beta,G:\My Drive\PhD\CAPTUR3D_personal\00 Progetti\CellTypeRecognition_DeepLearning\input\R64 files\20210714\P2H1\beta\beta16_22.R64,G:\My Drive\PhD\CAPTUR3D_personal\00 Progetti\CellTypeRecognition_DeepLearning\input\numpy files\0612_beta.npy
0613_beta,20210714,P2H1,1 mM,beta16,beta,G:\My Drive\PhD\CAPTUR3D_personal\00 Progetti\CellTypeRecognition_DeepLearning\input\R64 files\20210714\P2H1\beta\beta16_23.R64,G:\My Drive\PhD\CAPTUR3D_personal\00 Progetti\CellTypeRecognition_DeepLearning\input\numpy files\0613_beta.npy
0614_beta,20210714,P2H1,1 mM,beta16,beta,G:\My Drive\PhD\CAPTUR3D_personal\00 Progetti\CellTypeRecognition_DeepLearning\input\R64 files\20210714\P2H1\beta\beta16_24.R64,G:\My Drive\PhD\CAPTUR3D_personal\00 Progetti\CellTypeRecognition_DeepLearning\input\numpy files\0614_beta.npy
0615_beta,20210714,P2H1,1 mM,beta16,beta,G:\My Drive\PhD\CAPTUR3D_personal\00 Progetti\CellTypeRecognition_DeepLearning\input\R64 files\20210714\P2H1\beta\beta16_25.R64,G:\My Drive\PhD\CAPTUR3D_personal\00 Progetti\CellTypeRecognition_DeepLearning\input\numpy files\0615_beta.npy
0616_beta,20210714,P2H1,1 mM,beta16,beta,G:\My Drive\PhD\CAPTUR3D_personal\00 Progetti\CellTypeRecognition_DeepLearning\input\R64 files\20210714\P2H1\beta\beta16_26.R64,G:\My Drive\PhD\CAPTUR3D_personal\00 Progetti\CellTypeRecognition_DeepLearning\input\numpy files\0616_beta.npy
0617_beta,20210714,P2H1,1 mM,beta16,beta,G:\My Drive\PhD\CAPTUR3D_personal\00 Progetti\CellTypeRecognition_DeepLearning\input\R64 files\20210714\P2H1\beta\beta16_27.R64,G:\My Drive\PhD\CAPTUR3D_personal\00 Progetti\CellTypeRecognition_DeepLearning\input\numpy files\0617_beta.npy
0618_beta,20210714,P2H1,1 mM,beta16,beta,G:\My Drive\PhD\CAPTUR3D_personal\00 Progetti\CellTypeRecognition_DeepLearning\input\R64 files\20210714\P2H1\beta\beta16_28.R64,G:\My Drive\PhD\CAPTUR3D_personal\00 Progetti\CellTypeRecognition_DeepLearning\input\numpy files\0618_beta.npy
0619_beta,20210714,P2H1,1 mM,beta16,beta,G:\My Drive\PhD\CAPTUR3D_personal\00 Progetti\CellTypeRecognition_DeepLearning\input\R64 files\20210714\P2H1\beta\beta16_29.R64,G:\My Drive\PhD\CAPTUR3D_personal\00 Progetti\CellTypeRecognition_DeepLearning\input\numpy files\0619_beta.npy
0620_beta,20210714,P2H1,1 mM,beta16,beta,G:\My Drive\PhD\CAPTUR3D_personal\00 Progetti\CellTypeRecognition_DeepLearning\input\R64 files\20210714\P2H1\beta\beta16_30.R64,G:\My Drive\PhD\CAPTUR3D_personal\00 Progetti\CellTypeRecognition_DeepLearning\input\numpy files\0620_beta.npy
0621_beta,20210714,P2H1,1 mM,beta16,beta,G:\My Drive\PhD\CAPTUR3D_personal\00 Progetti\CellTypeRecognition_DeepLearning\input\R64 files\20210714\P2H1\beta\beta16_31.R64,G:\My Drive\PhD\CAPTUR3D_personal\00 Progetti\CellTypeRecognition_DeepLearning\input\numpy files\0621_beta.npy
0622_beta,20210714,P2H1,1 mM,beta16,beta,G:\My Drive\PhD\CAPTUR3D_personal\00 Progetti\CellTypeRecognition_DeepLearning\input\R64 files\20210714\P2H1\beta\beta16_32.R64,G:\My Drive\PhD\CAPTUR3D_personal\00 Progetti\CellTypeRecognition_DeepLearning\input\numpy files\0622_beta.npy
0623_beta,20210714,P2H1,1 mM,beta16,beta,G:\My Drive\PhD\CAPTUR3D_personal\00 Progetti\CellTypeRecognition_DeepLearning\input\R64 files\20210714\P2H1\beta\beta16_33.R64,G:\My Drive\PhD\CAPTUR3D_personal\00 Progetti\CellTypeRecognition_DeepLearning\input\numpy files\0623_beta.npy
0624_beta,20210714,P2H1,1 mM,beta16,beta,G:\My Drive\PhD\CAPTUR3D_personal\00 Progetti\CellTypeRecognition_DeepLearning\input\R64 files\20210714\P2H1\beta\beta16_34.R64,G:\My Drive\PhD\CAPTUR3D_personal\00 Progetti\CellTypeRecognition_DeepLearning\input\numpy files\0624_beta.npy
0625_beta,20210714,P2H1,1 mM,beta16,beta,G:\My Drive\PhD\CAPTUR3D_personal\00 Progetti\CellTypeRecognition_DeepLearning\input\R64 files\20210714\P2H1\beta\beta16_35.R64,G:\My Drive\PhD\CAPTUR3D_personal\00 Progetti\CellTypeRecognition_DeepLearning\input\numpy files\0625_beta.npy
0626_beta,20210714,P2H1,1 mM,beta16,beta,G:\My Drive\PhD\CAPTUR3D_personal\00 Progetti\CellTypeRecognition_DeepLearning\input\R64 files\20210714\P2H1\beta\beta16_36.R64,G:\My Drive\PhD\CAPTUR3D_personal\00 Progetti\CellTypeRecognition_DeepLearning\input\numpy files\0626_beta.npy
0627_beta,20210714,P2H1,1 mM,beta16,beta,G:\My Drive\PhD\CAPTUR3D_personal\00 Progetti\CellTypeRecognition_DeepLearning\input\R64 files\20210714\P2H1\beta\beta16_37.R64,G:\My Drive\PhD\CAPTUR3D_personal\00 Progetti\CellTypeRecognition_DeepLearning\input\numpy files\0627_beta.npy
0628_alpha,20210714,P2H1,2 mM,alpha2,alpha,G:\My Drive\PhD\CAPTUR3D_personal\00 Progetti\CellTypeRecognition_DeepLearning\input\R64 files\20210714\P2H1\alpha\alpha2_1.R64,G:\My Drive\PhD\CAPTUR3D_personal\00 Progetti\CellTypeRecognition_DeepLearning\input\numpy files\0628_alpha.npy
0629_alpha,20210714,P2H1,2 mM,alpha2,alpha,G:\My Drive\PhD\CAPTUR3D_personal\00 Progetti\CellTypeRecognition_DeepLearning\input\R64 files\20210714\P2H1\alpha\alpha2_2.R64,G:\My Drive\PhD\CAPTUR3D_personal\00 Progetti\CellTypeRecognition_DeepLearning\input\numpy files\0629_alpha.npy
0630_alpha,20210714,P2H1,2 mM,alpha2,alpha,G:\My Drive\PhD\CAPTUR3D_personal\00 Progetti\CellTypeRecognition_DeepLearning\input\R64 files\20210714\P2H1\alpha\alpha2_3.R64,G:\My Drive\PhD\CAPTUR3D_personal\00 Progetti\CellTypeRecognition_DeepLearning\input\numpy files\0630_alpha.npy
0631_alpha,20210714,P2H1,2 mM,alpha2,alpha,G:\My Drive\PhD\CAPTUR3D_personal\00 Progetti\CellTypeRecognition_DeepLearning\input\R64 files\20210714\P2H1\alpha\alpha2_4.R64,G:\My Drive\PhD\CAPTUR3D_personal\00 Progetti\CellTypeRecognition_DeepLearning\input\numpy files\0631_alpha.npy
0632_alpha,20210714,P2H1,2 mM,alpha2,alpha,G:\My Drive\PhD\CAPTUR3D_personal\00 Progetti\CellTypeRecognition_DeepLearning\input\R64 files\20210714\P2H1\alpha\alpha2_5.R64,G:\My Drive\PhD\CAPTUR3D_personal\00 Progetti\CellTypeRecognition_DeepLearning\input\numpy files\0632_alpha.npy
0633_alpha,20210714,P2H1,2 mM,alpha2,alpha,G:\My Drive\PhD\CAPTUR3D_personal\00 Progetti\CellTypeRecognition_DeepLearning\input\R64 files\20210714\P2H1\alpha\alpha2_6.R64,G:\My Drive\PhD\CAPTUR3D_personal\00 Progetti\CellTypeRecognition_DeepLearning\input\numpy files\0633_alpha.npy
0634_alpha,20210714,P2H1,2 mM,alpha2,alpha,G:\My Drive\PhD\CAPTUR3D_personal\00 Progetti\CellTypeRecognition_DeepLearning\input\R64 files\20210714\P2H1\alpha\alpha2_7.R64,G:\My Drive\PhD\CAPTUR3D_personal\00 Progetti\CellTypeRecognition_DeepLearning\input\numpy files\0634_alpha.npy
0635_alpha,20210714,P2H1,2 mM,alpha2,alpha,G:\My Drive\PhD\CAPTUR3D_personal\00 Progetti\CellTypeRecognition_DeepLearning\input\R64 files\20210714\P2H1\alpha\alpha2_8.R64,G:\My Drive\PhD\CAPTUR3D_personal\00 Progetti\CellTypeRecognition_DeepLearning\input\numpy files\0635_alpha.npy
0636_alpha,20210714,P2H1,2 mM,alpha2,alpha,G:\My Drive\PhD\CAPTUR3D_personal\00 Progetti\CellTypeRecognition_DeepLearning\input\R64 files\20210714\P2H1\alpha\alpha2_9.R64,G:\My Drive\PhD\CAPTUR3D_personal\00 Progetti\CellTypeRecognition_DeepLearning\input\numpy files\0636_alpha.npy
0637_alpha,20210714,P2H1,2 mM,alpha2,alpha,G:\My Drive\PhD\CAPTUR3D_personal\00 Progetti\CellTypeRecognition_DeepLearning\input\R64 files\20210714\P2H1\alpha\alpha2_10.R64,G:\My Drive\PhD\CAPTUR3D_personal\00 Progetti\CellTypeRecognition_DeepLearning\input\numpy files\0637_alpha.npy
0638_alpha,20210714,P2H1,2 mM,alpha2,alpha,G:\My Drive\PhD\CAPTUR3D_personal\00 Progetti\CellTypeRecognition_DeepLearning\input\R64 files\20210714\P2H1\alpha\alpha2_11.R64,G:\My Drive\PhD\CAPTUR3D_personal\00 Progetti\CellTypeRecognition_DeepLearning\input\numpy files\0638_alpha.npy
0639_alpha,20210714,P2H1,2 mM,alpha2,alpha,G:\My Drive\PhD\CAPTUR3D_personal\00 Progetti\CellTypeRecognition_DeepLearning\input\R64 files\20210714\P2H1\alpha\alpha2_12.R64,G:\My Drive\PhD\CAPTUR3D_personal\00 Progetti\CellTypeRecognition_DeepLearning\input\numpy files\0639_alpha.npy
0640_alpha,20210714,P2H1,2 mM,alpha2,alpha,G:\My Drive\PhD\CAPTUR3D_personal\00 Progetti\CellTypeRecognition_DeepLearning\input\R64 files\20210714\P2H1\alpha\alpha2_13.R64,G:\My Drive\PhD\CAPTUR3D_personal\00 Progetti\CellTypeRecognition_DeepLearning\input\numpy files\0640_alpha.npy
0641_alpha,20210714,P2H1,2 mM,alpha2,alpha,G:\My Drive\PhD\CAPTUR3D_personal\00 Progetti\CellTypeRecognition_DeepLearning\input\R64 files\20210714\P2H1\alpha\alpha2_14.R64,G:\My Drive\PhD\CAPTUR3D_personal\00 Progetti\CellTypeRecognition_DeepLearning\input\numpy files\0641_alpha.npy
0642_alpha,20210714,P2H1,2 mM,alpha2,alpha,G:\My Drive\PhD\CAPTUR3D_personal\00 Progetti\CellTypeRecognition_DeepLearning\input\R64 files\20210714\P2H1\alpha\alpha2_15.R64,G:\My Drive\PhD\CAPTUR3D_personal\00 Progetti\CellTypeRecognition_DeepLearning\input\numpy files\0642_alpha.npy
0643_alpha,20210714,P2H1,2 mM,alpha2,alpha,G:\My Drive\PhD\CAPTUR3D_personal\00 Progetti\CellTypeRecognition_DeepLearning\input\R64 files\20210714\P2H1\alpha\alpha2_16.R64,G:\My Drive\PhD\CAPTUR3D_personal\00 Progetti\CellTypeRecognition_DeepLearning\input\numpy files\0643_alpha.npy
0644_alpha,20210714,P2H1,2 mM,alpha2,alpha,G:\My Drive\PhD\CAPTUR3D_personal\00 Progetti\CellTypeRecognition_DeepLearning\input\R64 files\20210714\P2H1\alpha\alpha2_17.R64,G:\My Drive\PhD\CAPTUR3D_personal\00 Progetti\CellTypeRecognition_DeepLearning\input\numpy files\0644_alpha.npy
0645_alpha,20210714,P2H1,2 mM,alpha2,alpha,G:\My Drive\PhD\CAPTUR3D_personal\00 Progetti\CellTypeRecognition_DeepLearning\input\R64 files\20210714\P2H1\alpha\alpha2_18.R64,G:\My Drive\PhD\CAPTUR3D_personal\00 Progetti\CellTypeRecognition_DeepLearning\input\numpy files\0645_alpha.npy
0646_alpha,20210714,P2H1,2 mM,alpha2,alpha,G:\My Drive\PhD\CAPTUR3D_personal\00 Progetti\CellTypeRecognition_DeepLearning\input\R64 files\20210714\P2H1\alpha\alpha2_19.R64,G:\My Drive\PhD\CAPTUR3D_personal\00 Progetti\CellTypeRecognition_DeepLearning\input\numpy files\0646_alpha.npy
0647_alpha,20210714,P2H1,2 mM,alpha2,alpha,G:\My Drive\PhD\CAPTUR3D_personal\00 Progetti\CellTypeRecognition_DeepLearning\input\R64 files\20210714\P2H1\alpha\alpha2_20.R64,G:\My Drive\PhD\CAPTUR3D_personal\00 Progetti\CellTypeRecognition_DeepLearning\input\numpy files\0647_alpha.npy
0648_alpha,20210714,P2H1,2 mM,alpha2,alpha,G:\My Drive\PhD\CAPTUR3D_personal\00 Progetti\CellTypeRecognition_DeepLearning\input\R64 files\20210714\P2H1\alpha\alpha2_21.R64,G:\My Drive\PhD\CAPTUR3D_personal\00 Progetti\CellTypeRecognition_DeepLearning\input\numpy files\0648_alpha.npy
0649_alpha,20210714,P2H1,2 mM,alpha2,alpha,G:\My Drive\PhD\CAPTUR3D_personal\00 Progetti\CellTypeRecognition_DeepLearning\input\R64 files\20210714\P2H1\alpha\alpha2_22.R64,G:\My Drive\PhD\CAPTUR3D_personal\00 Progetti\CellTypeRecognition_DeepLearning\input\numpy files\0649_alpha.npy
0650_alpha,20210714,P2H1,1 mM,alpha16,alpha,G:\My Drive\PhD\CAPTUR3D_personal\00 Progetti\CellTypeRecognition_DeepLearning\input\R64 files\20210714\P2H1\alpha\alpha16_1.R64,G:\My Drive\PhD\CAPTUR3D_personal\00 Progetti\CellTypeRecognition_DeepLearning\input\numpy files\0650_alpha.npy
0651_alpha,20210714,P2H1,1 mM,alpha16,alpha,G:\My Drive\PhD\CAPTUR3D_personal\00 Progetti\CellTypeRecognition_DeepLearning\input\R64 files\20210714\P2H1\alpha\alpha16_2.R64,G:\My Drive\PhD\CAPTUR3D_personal\00 Progetti\CellTypeRecognition_DeepLearning\input\numpy files\0651_alpha.npy
0652_alpha,20210714,P2H1,1 mM,alpha16,alpha,G:\My Drive\PhD\CAPTUR3D_personal\00 Progetti\CellTypeRecognition_DeepLearning\input\R64 files\20210714\P2H1\alpha\alpha16_3.R64,G:\My Drive\PhD\CAPTUR3D_personal\00 Progetti\CellTypeRecognition_DeepLearning\input\numpy files\0652_alpha.npy
0653_alpha,20210714,P2H1,1 mM,alpha16,alpha,G:\My Drive\PhD\CAPTUR3D_personal\00 Progetti\CellTypeRecognition_DeepLearning\input\R64 files\20210714\P2H1\alpha\alpha16_4.R64,G:\My Drive\PhD\CAPTUR3D_personal\00 Progetti\CellTypeRecognition_DeepLearning\input\numpy files\0653_alpha.npy
0654_alpha,20210714,P2H1,1 mM,alpha16,alpha,G:\My Drive\PhD\CAPTUR3D_personal\00 Progetti\CellTypeRecognition_DeepLearning\input\R64 files\20210714\P2H1\alpha\alpha16_5.R64,G:\My Drive\PhD\CAPTUR3D_personal\00 Progetti\CellTypeRecognition_DeepLearning\input\numpy files\0654_alpha.npy
0655_alpha,20210714,P2H1,1 mM,alpha16,alpha,G:\My Drive\PhD\CAPTUR3D_personal\00 Progetti\CellTypeRecognition_DeepLearning\input\R64 files\20210714\P2H1\alpha\alpha16_6.R64,G:\My Drive\PhD\CAPTUR3D_personal\00 Progetti\CellTypeRecognition_DeepLearning\input\numpy files\0655_alpha.npy
0656_alpha,20210714,P2H1,1 mM,alpha16,alpha,G:\My Drive\PhD\CAPTUR3D_personal\00 Progetti\CellTypeRecognition_DeepLearning\input\R64 files\20210714\P2H1\alpha\alpha16_7.R64,G:\My Drive\PhD\CAPTUR3D_personal\00 Progetti\CellTypeRecognition_DeepLearning\input\numpy files\0656_alpha.npy
0657_alpha,20210714,P2H1,1 mM,alpha16,alpha,G:\My Drive\PhD\CAPTUR3D_personal\00 Progetti\CellTypeRecognition_DeepLearning\input\R64 files\20210714\P2H1\alpha\alpha16_8.R64,G:\My Drive\PhD\CAPTUR3D_personal\00 Progetti\CellTypeRecognition_DeepLearning\input\numpy files\0657_alpha.npy
0658_alpha,20210714,P2H1,1 mM,alpha16,alpha,G:\My Drive\PhD\CAPTUR3D_personal\00 Progetti\CellTypeRecognition_DeepLearning\input\R64 files\20210714\P2H1\alpha\alpha16_9.R64,G:\My Drive\PhD\CAPTUR3D_personal\00 Progetti\CellTypeRecognition_DeepLearning\input\numpy files\0658_alpha.npy
0659_alpha,20210714,P2H1,1 mM,alpha16,alpha,G:\My Drive\PhD\CAPTUR3D_personal\00 Progetti\CellTypeRecognition_DeepLearning\input\R64 files\20210714\P2H1\alpha\alpha16_10.R64,G:\My Drive\PhD\CAPTUR3D_personal\00 Progetti\CellTypeRecognition_DeepLearning\input\numpy files\0659_alpha.npy
0660_alpha,20210714,P2H1,1 mM,alpha16,alpha,G:\My Drive\PhD\CAPTUR3D_personal\00 Progetti\CellTypeRecognition_DeepLearning\input\R64 files\20210714\P2H1\alpha\alpha16_11.R64,G:\My Drive\PhD\CAPTUR3D_personal\00 Progetti\CellTypeRecognition_DeepLearning\input\numpy files\0660_alpha.npy
0661_alpha,20210714,P2H1,1 mM,alpha16,alpha,G:\My Drive\PhD\CAPTUR3D_personal\00 Progetti\CellTypeRecognition_DeepLearning\input\R64 files\20210714\P2H1\alpha\alpha16_12.R64,G:\My Drive\PhD\CAPTUR3D_personal\00 Progetti\CellTypeRecognition_DeepLearning\input\numpy files\0661_alpha.npy
0662_alpha,20210714,P2H1,1 mM,alpha16,alpha,G:\My Drive\PhD\CAPTUR3D_personal\00 Progetti\CellTypeRecognition_DeepLearning\input\R64 files\20210714\P2H1\alpha\alpha16_13.R64,G:\My Drive\PhD\CAPTUR3D_personal\00 Progetti\CellTypeRecognition_DeepLearning\input\numpy files\0662_alpha.npy
0663_alpha,20210714,P2H1,1 mM,alpha16,alpha,G:\My Drive\PhD\CAPTUR3D_personal\00 Progetti\CellTypeRecognition_DeepLearning\input\R64 files\20210714\P2H1\alpha\alpha16_14.R64,G:\My Drive\PhD\CAPTUR3D_personal\00 Progetti\CellTypeRecognition_DeepLearning\input\numpy files\0663_alpha.npy
0664_alpha,20210714,P2H1,1 mM,alpha16,alpha,G:\My Drive\PhD\CAPTUR3D_personal\00 Progetti\CellTypeRecognition_DeepLearning\input\R64 files\20210714\P2H1\alpha\alpha16_15.R64,G:\My Drive\PhD\CAPTUR3D_personal\00 Progetti\CellTypeRecognition_DeepLearning\input\numpy files\0664_alpha.npy
0665_alpha,20210714,P2H1,1 mM,alpha16,alpha,G:\My Drive\PhD\CAPTUR3D_personal\00 Progetti\CellTypeRecognition_DeepLearning\input\R64 files\20210714\P2H1\alpha\alpha16_16.R64,G:\My Drive\PhD\CAPTUR3D_personal\00 Progetti\CellTypeRecognition_DeepLearning\input\numpy files\0665_alpha.npy
0666_alpha,20210714,P2H1,1 mM,alpha16,alpha,G:\My Drive\PhD\CAPTUR3D_personal\00 Progetti\CellTypeRecognition_DeepLearning\input\R64 files\20210714\P2H1\alpha\alpha16_17.R64,G:\My Drive\PhD\CAPTUR3D_personal\00 Progetti\CellTypeRecognition_DeepLearning\input\numpy files\0666_alpha.npy
0667_alpha,20210714,P2H1,1 mM,alpha16,alpha,G:\My Drive\PhD\CAPTUR3D_personal\00 Progetti\CellTypeRecognition_DeepLearning\input\R64 files\20210714\P2H1\alpha\alpha16_18.R64,G:\My Drive\PhD\CAPTUR3D_personal\00 Progetti\CellTypeRecognition_DeepLearning\input\numpy files\0667_alpha.npy
0668_alpha,20210714,P2H1,1 mM,alpha16,alpha,G:\My Drive\PhD\CAPTUR3D_personal\00 Progetti\CellTypeRecognition_DeepLearning\input\R64 files\20210714\P2H1\alpha\alpha16_19.R64,G:\My Drive\PhD\CAPTUR3D_personal\00 Progetti\CellTypeRecognition_DeepLearning\input\numpy files\0668_alpha.npy
0669_alpha,20210714,P2H1,1 mM,alpha16,alpha,G:\My Drive\PhD\CAPTUR3D_personal\00 Progetti\CellTypeRecognition_DeepLearning\input\R64 files\20210714\P2H1\alpha\alpha16_20.R64,G:\My Drive\PhD\CAPTUR3D_personal\00 Progetti\CellTypeRecognition_DeepLearning\input\numpy files\0669_alpha.npy
0670_alpha,20210714,P2H1,1 mM,alpha16,alpha,G:\My Drive\PhD\CAPTUR3D_personal\00 Progetti\CellTypeRecognition_DeepLearning\input\R64 files\20210714\P2H1\alpha\alpha16_21.R64,G:\My Drive\PhD\CAPTUR3D_personal\00 Progetti\CellTypeRecognition_DeepLearning\input\numpy files\0670_alpha.npy
0671_alpha,20210714,P2H1,1 mM,alpha16,alpha,G:\My Drive\PhD\CAPTUR3D_personal\00 Progetti\CellTypeRecognition_DeepLearning\input\R64 files\20210714\P2H1\alpha\alpha16_22.R64,G:\My Drive\PhD\CAPTUR3D_personal\00 Progetti\CellTypeRecognition_DeepLearning\input\numpy files\0671_alpha.npy
0672_beta,20210714,P2H2,2 mM,beta2,beta,G:\My Drive\PhD\CAPTUR3D_personal\00 Progetti\CellTypeRecognition_DeepLearning\input\R64 files\20210714\P2H2\beta\beta2_1.R64,G:\My Drive\PhD\CAPTUR3D_personal\00 Progetti\CellTypeRecognition_DeepLearning\input\numpy files\0672_beta.npy
0673_beta,20210714,P2H2,2 mM,beta2,beta,G:\My Drive\PhD\CAPTUR3D_personal\00 Progetti\CellTypeRecognition_DeepLearning\input\R64 files\20210714\P2H2\beta\beta2_2.R64,G:\My Drive\PhD\CAPTUR3D_personal\00 Progetti\CellTypeRecognition_DeepLearning\input\numpy files\0673_beta.npy
0674_beta,20210714,P2H2,2 mM,beta2,beta,G:\My Drive\PhD\CAPTUR3D_personal\00 Progetti\CellTypeRecognition_DeepLearning\input\R64 files\20210714\P2H2\beta\beta2_3.R64,G:\My Drive\PhD\CAPTUR3D_personal\00 Progetti\CellTypeRecognition_DeepLearning\input\numpy files\0674_beta.npy
0675_beta,20210714,P2H2,2 mM,beta2,beta,G:\My Drive\PhD\CAPTUR3D_personal\00 Progetti\CellTypeRecognition_DeepLearning\input\R64 files\20210714\P2H2\beta\beta2_4.R64,G:\My Drive\PhD\CAPTUR3D_personal\00 Progetti\CellTypeRecognition_DeepLearning\input\numpy files\0675_beta.npy
0676_beta,20210714,P2H2,2 mM,beta2,beta,G:\My Drive\PhD\CAPTUR3D_personal\00 Progetti\CellTypeRecognition_DeepLearning\input\R64 files\20210714\P2H2\beta\beta2_5.R64,G:\My Drive\PhD\CAPTUR3D_personal\00 Progetti\CellTypeRecognition_DeepLearning\input\numpy files\0676_beta.npy
0677_beta,20210714,P2H2,2 mM,beta2,beta,G:\My Drive\PhD\CAPTUR3D_personal\00 Progetti\CellTypeRecognition_DeepLearning\input\R64 files\20210714\P2H2\beta\beta2_6.R64,G:\My Drive\PhD\CAPTUR3D_personal\00 Progetti\CellTypeRecognition_DeepLearning\input\numpy files\0677_beta.npy
0678_beta,20210714,P2H2,2 mM,beta2,beta,G:\My Drive\PhD\CAPTUR3D_personal\00 Progetti\CellTypeRecognition_DeepLearning\input\R64 files\20210714\P2H2\beta\beta2_7.R64,G:\My Drive\PhD\CAPTUR3D_personal\00 Progetti\CellTypeRecognition_DeepLearning\input\numpy files\0678_beta.npy
0679_beta,20210714,P2H2,2 mM,beta2,beta,G:\My Drive\PhD\CAPTUR3D_personal\00 Progetti\CellTypeRecognition_DeepLearning\input\R64 files\20210714\P2H2\beta\beta2_8.R64,G:\My Drive\PhD\CAPTUR3D_personal\00 Progetti\CellTypeRecognition_DeepLearning\input\numpy files\0679_beta.npy
0680_beta,20210714,P2H2,2 mM,beta2,beta,G:\My Drive\PhD\CAPTUR3D_personal\00 Progetti\CellTypeRecognition_DeepLearning\input\R64 files\20210714\P2H2\beta\beta2_9.R64,G:\My Drive\PhD\CAPTUR3D_personal\00 Progetti\CellTypeRecognition_DeepLearning\input\numpy files\0680_beta.npy
0681_beta,20210714,P2H2,2 mM,beta2,beta,G:\My Drive\PhD\CAPTUR3D_personal\00 Progetti\CellTypeRecognition_DeepLearning\input\R64 files\20210714\P2H2\beta\beta2_10.R64,G:\My Drive\PhD\CAPTUR3D_personal\00 Progetti\CellTypeRecognition_DeepLearning\input\numpy files\0681_beta.npy
0682_beta,20210714,P2H2,2 mM,beta2,beta,G:\My Drive\PhD\CAPTUR3D_personal\00 Progetti\CellTypeRecognition_DeepLearning\input\R64 files\20210714\P2H2\beta\beta2_11.R64,G:\My Drive\PhD\CAPTUR3D_personal\00 Progetti\CellTypeRecognition_DeepLearning\input\numpy files\0682_beta.npy
0683_beta,20210714,P2H2,2 mM,beta2,beta,G:\My Drive\PhD\CAPTUR3D_personal\00 Progetti\CellTypeRecognition_DeepLearning\input\R64 files\20210714\P2H2\beta\beta2_12.R64,G:\My Drive\PhD\CAPTUR3D_personal\00 Progetti\CellTypeRecognition_DeepLearning\input\numpy files\0683_beta.npy
0684_beta,20210714,P2H2,2 mM,beta2,beta,G:\My Drive\PhD\CAPTUR3D_personal\00 Progetti\CellTypeRecognition_DeepLearning\input\R64 files\20210714\P2H2\beta\beta2_13.R64,G:\My Drive\PhD\CAPTUR3D_personal\00 Progetti\CellTypeRecognition_DeepLearning\input\numpy files\0684_beta.npy
0685_beta,20210714,P2H2,2 mM,beta2,beta,G:\My Drive\PhD\CAPTUR3D_personal\00 Progetti\CellTypeRecognition_DeepLearning\input\R64 files\20210714\P2H2\beta\beta2_14.R64,G:\My Drive\PhD\CAPTUR3D_personal\00 Progetti\CellTypeRecognition_DeepLearning\input\numpy files\0685_beta.npy
0686_beta,20210714,P2H2,2 mM,beta2,beta,G:\My Drive\PhD\CAPTUR3D_personal\00 Progetti\CellTypeRecognition_DeepLearning\input\R64 files\20210714\P2H2\beta\beta2_15.R64,G:\My Drive\PhD\CAPTUR3D_personal\00 Progetti\CellTypeRecognition_DeepLearning\input\numpy files\0686_beta.npy
0687_beta,20210714,P2H2,2 mM,beta2,beta,G:\My Drive\PhD\CAPTUR3D_personal\00 Progetti\CellTypeRecognition_DeepLearning\input\R64 files\20210714\P2H2\beta\beta2_16.R64,G:\My Drive\PhD\CAPTUR3D_personal\00 Progetti\CellTypeRecognition_DeepLearning\input\numpy files\0687_beta.npy
0688_beta,20210714,P2H2,2 mM,beta2,beta,G:\My Drive\PhD\CAPTUR3D_personal\00 Progetti\CellTypeRecognition_DeepLearning\input\R64 files\20210714\P2H2\beta\beta2_17.R64,G:\My Drive\PhD\CAPTUR3D_personal\00 Progetti\CellTypeRecognition_DeepLearning\input\numpy files\0688_beta.npy
0689_beta,20210714,P2H2,2 mM,beta2,beta,G:\My Drive\PhD\CAPTUR3D_personal\00 Progetti\CellTypeRecognition_DeepLearning\input\R64 files\20210714\P2H2\beta\beta2_18.R64,G:\My Drive\PhD\CAPTUR3D_personal\00 Progetti\CellTypeRecognition_DeepLearning\input\numpy files\0689_beta.npy
0690_beta,20210714,P2H2,2 mM,beta2,beta,G:\My Drive\PhD\CAPTUR3D_personal\00 Progetti\CellTypeRecognition_DeepLearning\input\R64 files\20210714\P2H2\beta\beta2_19.R64,G:\My Drive\PhD\CAPTUR3D_personal\00 Progetti\CellTypeRecognition_DeepLearning\input\numpy files\0690_beta.npy
0691_beta,20210714,P2H2,2 mM,beta2,beta,G:\My Drive\PhD\CAPTUR3D_personal\00 Progetti\CellTypeRecognition_DeepLearning\input\R64 files\20210714\P2H2\beta\beta2_20.R64,G:\My Drive\PhD\CAPTUR3D_personal\00 Progetti\CellTypeRecognition_DeepLearning\input\numpy files\0691_beta.npy
0692_beta,20210714,P2H2,2 mM,beta2,beta,G:\My Drive\PhD\CAPTUR3D_personal\00 Progetti\CellTypeRecognition_DeepLearning\input\R64 files\20210714\P2H2\beta\beta2_21.R64,G:\My Drive\PhD\CAPTUR3D_personal\00 Progetti\CellTypeRecognition_DeepLearning\input\numpy files\0692_beta.npy
0693_beta,20210714,P2H2,2 mM,beta2,beta,G:\My Drive\PhD\CAPTUR3D_personal\00 Progetti\CellTypeRecognition_DeepLearning\input\R64 files\20210714\P2H2\beta\beta2_22.R64,G:\My Drive\PhD\CAPTUR3D_personal\00 Progetti\CellTypeRecognition_DeepLearning\input\numpy files\0693_beta.npy
0694_beta,20210714,P2H2,2 mM,beta2,beta,G:\My Drive\PhD\CAPTUR3D_personal\00 Progetti\CellTypeRecognition_DeepLearning\input\R64 files\20210714\P2H2\beta\beta2_23.R64,G:\My Drive\PhD\CAPTUR3D_personal\00 Progetti\CellTypeRecognition_DeepLearning\input\numpy files\0694_beta.npy
0695_beta,20210714,P2H2,2 mM,beta2,beta,G:\My Drive\PhD\CAPTUR3D_personal\00 Progetti\CellTypeRecognition_DeepLearning\input\R64 files\20210714\P2H2\beta\beta2_24.R64,G:\My Drive\PhD\CAPTUR3D_personal\00 Progetti\CellTypeRecognition_DeepLearning\input\numpy files\0695_beta.npy
0696_beta,20210714,P2H2,2 mM,beta2,beta,G:\My Drive\PhD\CAPTUR3D_personal\00 Progetti\CellTypeRecognition_DeepLearning\input\R64 files\20210714\P2H2\beta\beta2_25.R64,G:\My Drive\PhD\CAPTUR3D_personal\00 Progetti\CellTypeRecognition_DeepLearning\input\numpy files\0696_beta.npy
0697_beta,20210714,P2H2,2 mM,beta2,beta,G:\My Drive\PhD\CAPTUR3D_personal\00 Progetti\CellTypeRecognition_DeepLearning\input\R64 files\20210714\P2H2\beta\beta2_26.R64,G:\My Drive\PhD\CAPTUR3D_personal\00 Progetti\CellTypeRecognition_DeepLearning\input\numpy files\0697_beta.npy
0698_beta,20210714,P2H2,2 mM,beta2,beta,G:\My Drive\PhD\CAPTUR3D_personal\00 Progetti\CellTypeRecognition_DeepLearning\input\R64 files\20210714\P2H2\beta\beta2_27.R64,G:\My Drive\PhD\CAPTUR3D_personal\00 Progetti\CellTypeRecognition_DeepLearning\input\numpy files\0698_beta.npy
0699_beta,20210714,P2H2,2 mM,beta2,beta,G:\My Drive\PhD\CAPTUR3D_personal\00 Progetti\CellTypeRecognition_DeepLearning\input\R64 files\20210714\P2H2\beta\beta2_28.R64,G:\My Drive\PhD\CAPTUR3D_personal\00 Progetti\CellTypeRecognition_DeepLearning\input\numpy files\0699_beta.npy
0700_beta,20210714,P2H2,2 mM,beta2,beta,G:\My Drive\PhD\CAPTUR3D_personal\00 Progetti\CellTypeRecognition_DeepLearning\input\R64 files\20210714\P2H2\beta\beta2_29.R64,G:\My Drive\PhD\CAPTUR3D_personal\00 Progetti\CellTypeRecognition_DeepLearning\input\numpy files\0700_beta.npy
0701_beta,20210714,P2H2,2 mM,beta2,beta,G:\My Drive\PhD\CAPTUR3D_personal\00 Progetti\CellTypeRecognition_DeepLearning\input\R64 files\20210714\P2H2\beta\beta2_30.R64,G:\My Drive\PhD\CAPTUR3D_personal\00 Progetti\CellTypeRecognition_DeepLearning\input\numpy files\0701_beta.npy
0702_beta,20210714,P2H2,2 mM,beta2,beta,G:\My Drive\PhD\CAPTUR3D_personal\00 Progetti\CellTypeRecognition_DeepLearning\input\R64 files\20210714\P2H2\beta\beta2_31.R64,G:\My Drive\PhD\CAPTUR3D_personal\00 Progetti\CellTypeRecognition_DeepLearning\input\numpy files\0702_beta.npy
0703_beta,20210714,P2H2,2 mM,beta2,beta,G:\My Drive\PhD\CAPTUR3D_personal\00 Progetti\CellTypeRecognition_DeepLearning\input\R64 files\20210714\P2H2\beta\beta2_32.R64,G:\My Drive\PhD\CAPTUR3D_personal\00 Progetti\CellTypeRecognition_DeepLearning\input\numpy files\0703_beta.npy
0704_beta,20210714,P2H2,2 mM,beta2,beta,G:\My Drive\PhD\CAPTUR3D_personal\00 Progetti\CellTypeRecognition_DeepLearning\input\R64 files\20210714\P2H2\beta\beta2_33.R64,G:\My Drive\PhD\CAPTUR3D_personal\00 Progetti\CellTypeRecognition_DeepLearning\input\numpy files\0704_beta.npy
0705_beta,20210714,P2H2,2 mM,beta2,beta,G:\My Drive\PhD\CAPTUR3D_personal\00 Progetti\CellTypeRecognition_DeepLearning\input\R64 files\20210714\P2H2\beta\beta2_34.R64,G:\My Drive\PhD\CAPTUR3D_personal\00 Progetti\CellTypeRecognition_DeepLearning\input\numpy files\0705_beta.npy
0706_beta,20210714,P2H2,1 mM,beta16,beta,G:\My Drive\PhD\CAPTUR3D_personal\00 Progetti\CellTypeRecognition_DeepLearning\input\R64 files\20210714\P2H2\beta\beta16_1.R64,G:\My Drive\PhD\CAPTUR3D_personal\00 Progetti\CellTypeRecognition_DeepLearning\input\numpy files\0706_beta.npy
0707_beta,20210714,P2H2,1 mM,beta16,beta,G:\My Drive\PhD\CAPTUR3D_personal\00 Progetti\CellTypeRecognition_DeepLearning\input\R64 files\20210714\P2H2\beta\beta16_2.R64,G:\My Drive\PhD\CAPTUR3D_personal\00 Progetti\CellTypeRecognition_DeepLearning\input\numpy files\0707_beta.npy
0708_beta,20210714,P2H2,1 mM,beta16,beta,G:\My Drive\PhD\CAPTUR3D_personal\00 Progetti\CellTypeRecognition_DeepLearning\input\R64 files\20210714\P2H2\beta\beta16_3.R64,G:\My Drive\PhD\CAPTUR3D_personal\00 Progetti\CellTypeRecognition_DeepLearning\input\numpy files\0708_beta.npy
0709_beta,20210714,P2H2,1 mM,beta16,beta,G:\My Drive\PhD\CAPTUR3D_personal\00 Progetti\CellTypeRecognition_DeepLearning\input\R64 files\20210714\P2H2\beta\beta16_4.R64,G:\My Drive\PhD\CAPTUR3D_personal\00 Progetti\CellTypeRecognition_DeepLearning\input\numpy files\0709_beta.npy
0710_beta,20210714,P2H2,1 mM,beta16,beta,G:\My Drive\PhD\CAPTUR3D_personal\00 Progetti\CellTypeRecognition_DeepLearning\input\R64 files\20210714\P2H2\beta\beta16_5.R64,G:\My Drive\PhD\CAPTUR3D_personal\00 Progetti\CellTypeRecognition_DeepLearning\input\numpy files\0710_beta.npy
0711_beta,20210714,P2H2,1 mM,beta16,beta,G:\My Drive\PhD\CAPTUR3D_personal\00 Progetti\CellTypeRecognition_DeepLearning\input\R64 files\20210714\P2H2\beta\beta16_6.R64,G:\My Drive\PhD\CAPTUR3D_personal\00 Progetti\CellTypeRecognition_DeepLearning\input\numpy files\0711_beta.npy
0712_beta,20210714,P2H2,1 mM,beta16,beta,G:\My Drive\PhD\CAPTUR3D_personal\00 Progetti\CellTypeRecognition_DeepLearning\input\R64 files\20210714\P2H2\beta\beta16_7.R64,G:\My Drive\PhD\CAPTUR3D_personal\00 Progetti\CellTypeRecognition_DeepLearning\input\numpy files\0712_beta.npy
0713_beta,20210714,P2H2,1 mM,beta16,beta,G:\My Drive\PhD\CAPTUR3D_personal\00 Progetti\CellTypeRecognition_DeepLearning\input\R64 files\20210714\P2H2\beta\beta16_8.R64,G:\My Drive\PhD\CAPTUR3D_personal\00 Progetti\CellTypeRecognition_DeepLearning\input\numpy files\0713_beta.npy
0714_beta,20210714,P2H2,1 mM,beta16,beta,G:\My Drive\PhD\CAPTUR3D_personal\00 Progetti\CellTypeRecognition_DeepLearning\input\R64 files\20210714\P2H2\beta\beta16_9.R64,G:\My Drive\PhD\CAPTUR3D_personal\00 Progetti\CellTypeRecognition_DeepLearning\input\numpy files\0714_beta.npy
0715_beta,20210714,P2H2,1 mM,beta16,beta,G:\My Drive\PhD\CAPTUR3D_personal\00 Progetti\CellTypeRecognition_DeepLearning\input\R64 files\20210714\P2H2\beta\beta16_10.R64,G:\My Drive\PhD\CAPTUR3D_personal\00 Progetti\CellTypeRecognition_DeepLearning\input\numpy files\0715_beta.npy
0716_beta,20210714,P2H2,1 mM,beta16,beta,G:\My Drive\PhD\CAPTUR3D_personal\00 Progetti\CellTypeRecognition_DeepLearning\input\R64 files\20210714\P2H2\beta\beta16_11.R64,G:\My Drive\PhD\CAPTUR3D_personal\00 Progetti\CellTypeRecognition_DeepLearning\input\numpy files\0716_beta.npy
0717_beta,20210714,P2H2,1 mM,beta16,beta,G:\My Drive\PhD\CAPTUR3D_personal\00 Progetti\CellTypeRecognition_DeepLearning\input\R64 files\20210714\P2H2\beta\beta16_12.R64,G:\My Drive\PhD\CAPTUR3D_personal\00 Progetti\CellTypeRecognition_DeepLearning\input\numpy files\0717_beta.npy
0718_beta,20210714,P2H2,1 mM,beta16,beta,G:\My Drive\PhD\CAPTUR3D_personal\00 Progetti\CellTypeRecognition_DeepLearning\input\R64 files\20210714\P2H2\beta\beta16_13.R64,G:\My Drive\PhD\CAPTUR3D_personal\00 Progetti\CellTypeRecognition_DeepLearning\input\numpy files\0718_beta.npy
0719_beta,20210714,P2H2,1 mM,beta16,beta,G:\My Drive\PhD\CAPTUR3D_personal\00 Progetti\CellTypeRecognition_DeepLearning\input\R64 files\20210714\P2H2\beta\beta16_14.R64,G:\My Drive\PhD\CAPTUR3D_personal\00 Progetti\CellTypeRecognition_DeepLearning\input\numpy files\0719_beta.npy
0720_beta,20210714,P2H2,1 mM,beta16,beta,G:\My Drive\PhD\CAPTUR3D_personal\00 Progetti\CellTypeRecognition_DeepLearning\input\R64 files\20210714\P2H2\beta\beta16_15.R64,G:\My Drive\PhD\CAPTUR3D_personal\00 Progetti\CellTypeRecognition_DeepLearning\input\numpy files\0720_beta.npy
0721_beta,20210714,P2H2,1 mM,beta16,beta,G:\My Drive\PhD\CAPTUR3D_personal\00 Progetti\CellTypeRecognition_DeepLearning\input\R64 files\20210714\P2H2\beta\beta16_16.R64,G:\My Drive\PhD\CAPTUR3D_personal\00 Progetti\CellTypeRecognition_DeepLearning\input\numpy files\0721_beta.npy
0722_beta,20210714,P2H2,1 mM,beta16,beta,G:\My Drive\PhD\CAPTUR3D_personal\00 Progetti\CellTypeRecognition_DeepLearning\input\R64 files\20210714\P2H2\beta\beta16_17.R64,G:\My Drive\PhD\CAPTUR3D_personal\00 Progetti\CellTypeRecognition_DeepLearning\input\numpy files\0722_beta.npy
0723_beta,20210714,P2H2,1 mM,beta16,beta,G:\My Drive\PhD\CAPTUR3D_personal\00 Progetti\CellTypeRecognition_DeepLearning\input\R64 files\20210714\P2H2\beta\beta16_18.R64,G:\My Drive\PhD\CAPTUR3D_personal\00 Progetti\CellTypeRecognition_DeepLearning\input\numpy files\0723_beta.npy
0724_beta,20210714,P2H2,1 mM,beta16,beta,G:\My Drive\PhD\CAPTUR3D_personal\00 Progetti\CellTypeRecognition_DeepLearning\input\R64 files\20210714\P2H2\beta\beta16_19.R64,G:\My Drive\PhD\CAPTUR3D_personal\00 Progetti\CellTypeRecognition_DeepLearning\input\numpy files\0724_beta.npy
0725_beta,20210714,P2H2,1 mM,beta16,beta,G:\My Drive\PhD\CAPTUR3D_personal\00 Progetti\CellTypeRecognition_DeepLearning\input\R64 files\20210714\P2H2\beta\beta16_20.R64,G:\My Drive\PhD\CAPTUR3D_personal\00 Progetti\CellTypeRecognition_DeepLearning\input\numpy files\0725_beta.npy
0726_beta,20210714,P2H2,1 mM,beta16,beta,G:\My Drive\PhD\CAPTUR3D_personal\00 Progetti\CellTypeRecognition_DeepLearning\input\R64 files\20210714\P2H2\beta\beta16_21.R64,G:\My Drive\PhD\CAPTUR3D_personal\00 Progetti\CellTypeRecognition_DeepLearning\input\numpy files\0726_beta.npy
0727_beta,20210714,P2H2,1 mM,beta16,beta,G:\My Drive\PhD\CAPTUR3D_personal\00 Progetti\CellTypeRecognition_DeepLearning\input\R64 files\20210714\P2H2\beta\beta16_22.R64,G:\My Drive\PhD\CAPTUR3D_personal\00 Progetti\CellTypeRecognition_DeepLearning\input\numpy files\0727_beta.npy
0728_beta,20210714,P2H2,1 mM,beta16,beta,G:\My Drive\PhD\CAPTUR3D_personal\00 Progetti\CellTypeRecognition_DeepLearning\input\R64 files\20210714\P2H2\beta\beta16_23.R64,G:\My Drive\PhD\CAPTUR3D_personal\00 Progetti\CellTypeRecognition_DeepLearning\input\numpy files\0728_beta.npy
0729_beta,20210714,P2H2,1 mM,beta16,beta,G:\My Drive\PhD\CAPTUR3D_personal\00 Progetti\CellTypeRecognition_DeepLearning\input\R64 files\20210714\P2H2\beta\beta16_24.R64,G:\My Drive\PhD\CAPTUR3D_personal\00 Progetti\CellTypeRecognition_DeepLearning\input\numpy files\0729_beta.npy
0730_beta,20210714,P2H2,1 mM,beta16,beta,G:\My Drive\PhD\CAPTUR3D_personal\00 Progetti\CellTypeRecognition_DeepLearning\input\R64 files\20210714\P2H2\beta\beta16_25.R64,G:\My Drive\PhD\CAPTUR3D_personal\00 Progetti\CellTypeRecognition_DeepLearning\input\numpy files\0730_beta.npy
0731_beta,20210714,P2H2,1 mM,beta16,beta,G:\My Drive\PhD\CAPTUR3D_personal\00 Progetti\CellTypeRecognition_DeepLearning\input\R64 files\20210714\P2H2\beta\beta16_26.R64,G:\My Drive\PhD\CAPTUR3D_personal\00 Progetti\CellTypeRecognition_DeepLearning\input\numpy files\0731_beta.npy
0732_beta,20210714,P2H2,1 mM,beta16,beta,G:\My Drive\PhD\CAPTUR3D_personal\00 Progetti\CellTypeRecognition_DeepLearning\input\R64 files\20210714\P2H2\beta\beta16_27.R64,G:\My Drive\PhD\CAPTUR3D_personal\00 Progetti\CellTypeRecognition_DeepLearning\input\numpy files\0732_beta.npy
0733_beta,20210714,P2H2,1 mM,beta16,beta,G:\My Drive\PhD\CAPTUR3D_personal\00 Progetti\CellTypeRecognition_DeepLearning\input\R64 files\20210714\P2H2\beta\beta16_28.R64,G:\My Drive\PhD\CAPTUR3D_personal\00 Progetti\CellTypeRecognition_DeepLearning\input\numpy files\0733_beta.npy
0734_beta,20210714,P2H2,1 mM,beta16,beta,G:\My Drive\PhD\CAPTUR3D_personal\00 Progetti\CellTypeRecognition_DeepLearning\input\R64 files\20210714\P2H2\beta\beta16_29.R64,G:\My Drive\PhD\CAPTUR3D_personal\00 Progetti\CellTypeRecognition_DeepLearning\input\numpy files\0734_beta.npy
0735_beta,20210714,P2H2,1 mM,beta16,beta,G:\My Drive\PhD\CAPTUR3D_personal\00 Progetti\CellTypeRecognition_DeepLearning\input\R64 files\20210714\P2H2\beta\beta16_30.R64,G:\My Drive\PhD\CAPTUR3D_personal\00 Progetti\CellTypeRecognition_DeepLearning\input\numpy files\0735_beta.npy
0736_beta,20210714,P2H2,1 mM,beta16,beta,G:\My Drive\PhD\CAPTUR3D_personal\00 Progetti\CellTypeRecognition_DeepLearning\input\R64 files\20210714\P2H2\beta\beta16_31.R64,G:\My Drive\PhD\CAPTUR3D_personal\00 Progetti\CellTypeRecognition_DeepLearning\input\numpy files\0736_beta.npy
0737_beta,20210714,P2H2,1 mM,beta16,beta,G:\My Drive\PhD\CAPTUR3D_personal\00 Progetti\CellTypeRecognition_DeepLearning\input\R64 files\20210714\P2H2\beta\beta16_32.R64,G:\My Drive\PhD\CAPTUR3D_personal\00 Progetti\CellTypeRecognition_DeepLearning\input\numpy files\0737_beta.npy
0738_beta,20210714,P2H2,1 mM,beta16,beta,G:\My Drive\PhD\CAPTUR3D_personal\00 Progetti\CellTypeRecognition_DeepLearning\input\R64 files\20210714\P2H2\beta\beta16_33.R64,G:\My Drive\PhD\CAPTUR3D_personal\00 Progetti\CellTypeRecognition_DeepLearning\input\numpy files\0738_beta.npy
0739_beta,20210714,P2H2,1 mM,beta16,beta,G:\My Drive\PhD\CAPTUR3D_personal\00 Progetti\CellTypeRecognition_DeepLearning\input\R64 files\20210714\P2H2\beta\beta16_34.R64,G:\My Drive\PhD\CAPTUR3D_personal\00 Progetti\CellTypeRecognition_DeepLearning\input\numpy files\0739_beta.npy
0740_alpha,20210714,P2H2,2 mM,alpha2,alpha,G:\My Drive\PhD\CAPTUR3D_personal\00 Progetti\CellTypeRecognition_DeepLearning\input\R64 files\20210714\P2H2\alpha\alpha2_1.R64,G:\My Drive\PhD\CAPTUR3D_personal\00 Progetti\CellTypeRecognition_DeepLearning\input\numpy files\0740_alpha.npy
0741_alpha,20210714,P2H2,2 mM,alpha2,alpha,G:\My Drive\PhD\CAPTUR3D_personal\00 Progetti\CellTypeRecognition_DeepLearning\input\R64 files\20210714\P2H2\alpha\alpha2_2.R64,G:\My Drive\PhD\CAPTUR3D_personal\00 Progetti\CellTypeRecognition_DeepLearning\input\numpy files\0741_alpha.npy
0742_alpha,20210714,P2H2,2 mM,alpha2,alpha,G:\My Drive\PhD\CAPTUR3D_personal\00 Progetti\CellTypeRecognition_DeepLearning\input\R64 files\20210714\P2H2\alpha\alpha2_3.R64,G:\My Drive\PhD\CAPTUR3D_personal\00 Progetti\CellTypeRecognition_DeepLearning\input\numpy files\0742_alpha.npy
0743_alpha,20210714,P2H2,2 mM,alpha2,alpha,G:\My Drive\PhD\CAPTUR3D_personal\00 Progetti\CellTypeRecognition_DeepLearning\input\R64 files\20210714\P2H2\alpha\alpha2_4.R64,G:\My Drive\PhD\CAPTUR3D_personal\00 Progetti\CellTypeRecognition_DeepLearning\input\numpy files\0743_alpha.npy
0744_alpha,20210714,P2H2,2 mM,alpha2,alpha,G:\My Drive\PhD\CAPTUR3D_personal\00 Progetti\CellTypeRecognition_DeepLearning\input\R64 files\20210714\P2H2\alpha\alpha2_5.R64,G:\My Drive\PhD\CAPTUR3D_personal\00 Progetti\CellTypeRecognition_DeepLearning\input\numpy files\0744_alpha.npy
0745_alpha,20210714,P2H2,2 mM,alpha2,alpha,G:\My Drive\PhD\CAPTUR3D_personal\00 Progetti\CellTypeRecognition_DeepLearning\input\R64 files\20210714\P2H2\alpha\alpha2_6.R64,G:\My Drive\PhD\CAPTUR3D_personal\00 Progetti\CellTypeRecognition_DeepLearning\input\numpy files\0745_alpha.npy
0746_alpha,20210714,P2H2,2 mM,alpha2,alpha,G:\My Drive\PhD\CAPTUR3D_personal\00 Progetti\CellTypeRecognition_DeepLearning\input\R64 files\20210714\P2H2\alpha\alpha2_7.R64,G:\My Drive\PhD\CAPTUR3D_personal\00 Progetti\CellTypeRecognition_DeepLearning\input\numpy files\0746_alpha.npy
0747_alpha,20210714,P2H2,2 mM,alpha2,alpha,G:\My Drive\PhD\CAPTUR3D_personal\00 Progetti\CellTypeRecognition_DeepLearning\input\R64 files\20210714\P2H2\alpha\alpha2_8.R64,G:\My Drive\PhD\CAPTUR3D_personal\00 Progetti\CellTypeRecognition_DeepLearning\input\numpy files\0747_alpha.npy
0748_alpha,20210714,P2H2,2 mM,alpha2,alpha,G:\My Drive\PhD\CAPTUR3D_personal\00 Progetti\CellTypeRecognition_DeepLearning\input\R64 files\20210714\P2H2\alpha\alpha2_9.R64,G:\My Drive\PhD\CAPTUR3D_personal\00 Progetti\CellTypeRecognition_DeepLearning\input\numpy files\0748_alpha.npy
0749_alpha,20210714,P2H2,2 mM,alpha2,alpha,G:\My Drive\PhD\CAPTUR3D_personal\00 Progetti\CellTypeRecognition_DeepLearning\input\R64 files\20210714\P2H2\alpha\alpha2_10.R64,G:\My Drive\PhD\CAPTUR3D_personal\00 Progetti\CellTypeRecognition_DeepLearning\input\numpy files\0749_alpha.npy
0750_alpha,20210714,P2H2,2 mM,alpha2,alpha,G:\My Drive\PhD\CAPTUR3D_personal\00 Progetti\CellTypeRecognition_DeepLearning\input\R64 files\20210714\P2H2\alpha\alpha2_11.R64,G:\My Drive\PhD\CAPTUR3D_personal\00 Progetti\CellTypeRecognition_DeepLearning\input\numpy files\0750_alpha.npy
0751_alpha,20210714,P2H2,2 mM,alpha2,alpha,G:\My Drive\PhD\CAPTUR3D_personal\00 Progetti\CellTypeRecognition_DeepLearning\input\R64 files\20210714\P2H2\alpha\alpha2_12.R64,G:\My Drive\PhD\CAPTUR3D_personal\00 Progetti\CellTypeRecognition_DeepLearning\input\numpy files\0751_alpha.npy
0752_alpha,20210714,P2H2,2 mM,alpha2,alpha,G:\My Drive\PhD\CAPTUR3D_personal\00 Progetti\CellTypeRecognition_DeepLearning\input\R64 files\20210714\P2H2\alpha\alpha2_13.R64,G:\My Drive\PhD\CAPTUR3D_personal\00 Progetti\CellTypeRecognition_DeepLearning\input\numpy files\0752_alpha.npy
0753_alpha,20210714,P2H2,2 mM,alpha2,alpha,G:\My Drive\PhD\CAPTUR3D_personal\00 Progetti\CellTypeRecognition_DeepLearning\input\R64 files\20210714\P2H2\alpha\alpha2_14.R64,G:\My Drive\PhD\CAPTUR3D_personal\00 Progetti\CellTypeRecognition_DeepLearning\input\numpy files\0753_alpha.npy
0754_alpha,20210714,P2H2,2 mM,alpha2,alpha,G:\My Drive\PhD\CAPTUR3D_personal\00 Progetti\CellTypeRecognition_DeepLearning\input\R64 files\20210714\P2H2\alpha\alpha2_15.R64,G:\My Drive\PhD\CAPTUR3D_personal\00 Progetti\CellTypeRecognition_DeepLearning\input\numpy files\0754_alpha.npy
0755_alpha,20210714,P2H2,2 mM,alpha2,alpha,G:\My Drive\PhD\CAPTUR3D_personal\00 Progetti\CellTypeRecognition_DeepLearning\input\R64 files\20210714\P2H2\alpha\alpha2_16.R64,G:\My Drive\PhD\CAPTUR3D_personal\00 Progetti\CellTypeRecognition_DeepLearning\input\numpy files\0755_alpha.npy
0756_alpha,20210714,P2H2,2 mM,alpha2,alpha,G:\My Drive\PhD\CAPTUR3D_personal\00 Progetti\CellTypeRecognition_DeepLearning\input\R64 files\20210714\P2H2\alpha\alpha2_17.R64,G:\My Drive\PhD\CAPTUR3D_personal\00 Progetti\CellTypeRecognition_DeepLearning\input\numpy files\0756_alpha.npy
0757_alpha,20210714,P2H2,2 mM,alpha2,alpha,G:\My Drive\PhD\CAPTUR3D_personal\00 Progetti\CellTypeRecognition_DeepLearning\input\R64 files\20210714\P2H2\alpha\alpha2_18.R64,G:\My Drive\PhD\CAPTUR3D_personal\00 Progetti\CellTypeRecognition_DeepLearning\input\numpy files\0757_alpha.npy
0758_alpha,20210714,P2H2,2 mM,alpha2,alpha,G:\My Drive\PhD\CAPTUR3D_personal\00 Progetti\CellTypeRecognition_DeepLearning\input\R64 files\20210714\P2H2\alpha\alpha2_19.R64,G:\My Drive\PhD\CAPTUR3D_personal\00 Progetti\CellTypeRecognition_DeepLearning\input\numpy files\0758_alpha.npy
0759_alpha,20210714,P2H2,1 mM,alpha16,alpha,G:\My Drive\PhD\CAPTUR3D_personal\00 Progetti\CellTypeRecognition_DeepLearning\input\R64 files\20210714\P2H2\alpha\alpha16_1.R64,G:\My Drive\PhD\CAPTUR3D_personal\00 Progetti\CellTypeRecognition_DeepLearning\input\numpy files\0759_alpha.npy
0760_alpha,20210714,P2H2,1 mM,alpha16,alpha,G:\My Drive\PhD\CAPTUR3D_personal\00 Progetti\CellTypeRecognition_DeepLearning\input\R64 files\20210714\P2H2\alpha\alpha16_2.R64,G:\My Drive\PhD\CAPTUR3D_personal\00 Progetti\CellTypeRecognition_DeepLearning\input\numpy files\0760_alpha.npy
0761_alpha,20210714,P2H2,1 mM,alpha16,alpha,G:\My Drive\PhD\CAPTUR3D_personal\00 Progetti\CellTypeRecognition_DeepLearning\input\R64 files\20210714\P2H2\alpha\alpha16_3.R64,G:\My Drive\PhD\CAPTUR3D_personal\00 Progetti\CellTypeRecognition_DeepLearning\input\numpy files\0761_alpha.npy
0762_alpha,20210714,P2H2,1 mM,alpha16,alpha,G:\My Drive\PhD\CAPTUR3D_personal\00 Progetti\CellTypeRecognition_DeepLearning\input\R64 files\20210714\P2H2\alpha\alpha16_4.R64,G:\My Drive\PhD\CAPTUR3D_personal\00 Progetti\CellTypeRecognition_DeepLearning\input\numpy files\0762_alpha.npy
0763_alpha,20210714,P2H2,1 mM,alpha16,alpha,G:\My Drive\PhD\CAPTUR3D_personal\00 Progetti\CellTypeRecognition_DeepLearning\input\R64 files\20210714\P2H2\alpha\alpha16_5.R64,G:\My Drive\PhD\CAPTUR3D_personal\00 Progetti\CellTypeRecognition_DeepLearning\input\numpy files\0763_alpha.npy
0764_alpha,20210714,P2H2,1 mM,alpha16,alpha,G:\My Drive\PhD\CAPTUR3D_personal\00 Progetti\CellTypeRecognition_DeepLearning\input\R64 files\20210714\P2H2\alpha\alpha16_6.R64,G:\My Drive\PhD\CAPTUR3D_personal\00 Progetti\CellTypeRecognition_DeepLearning\input\numpy files\0764_alpha.npy
0765_alpha,20210714,P2H2,1 mM,alpha16,alpha,G:\My Drive\PhD\CAPTUR3D_personal\00 Progetti\CellTypeRecognition_DeepLearning\input\R64 files\20210714\P2H2\alpha\alpha16_7.R64,G:\My Drive\PhD\CAPTUR3D_personal\00 Progetti\CellTypeRecognition_DeepLearning\input\numpy files\0765_alpha.npy
0766_alpha,20210714,P2H2,1 mM,alpha16,alpha,G:\My Drive\PhD\CAPTUR3D_personal\00 Progetti\CellTypeRecognition_DeepLearning\input\R64 files\20210714\P2H2\alpha\alpha16_8.R64,G:\My Drive\PhD\CAPTUR3D_personal\00 Progetti\CellTypeRecognition_DeepLearning\input\numpy files\0766_alpha.npy
0767_alpha,20210714,P2H2,1 mM,alpha16,alpha,G:\My Drive\PhD\CAPTUR3D_personal\00 Progetti\CellTypeRecognition_DeepLearning\input\R64 files\20210714\P2H2\alpha\alpha16_9.R64,G:\My Drive\PhD\CAPTUR3D_personal\00 Progetti\CellTypeRecognition_DeepLearning\input\numpy files\0767_alpha.npy
0768_alpha,20210714,P2H2,1 mM,alpha16,alpha,G:\My Drive\PhD\CAPTUR3D_personal\00 Progetti\CellTypeRecognition_DeepLearning\input\R64 files\20210714\P2H2\alpha\alpha16_10.R64,G:\My Drive\PhD\CAPTUR3D_personal\00 Progetti\CellTypeRecognition_DeepLearning\input\numpy files\0768_alpha.npy
0769_alpha,20210714,P2H2,1 mM,alpha16,alpha,G:\My Drive\PhD\CAPTUR3D_personal\00 Progetti\CellTypeRecognition_DeepLearning\input\R64 files\20210714\P2H2\alpha\alpha16_11.R64,G:\My Drive\PhD\CAPTUR3D_personal\00 Progetti\CellTypeRecognition_DeepLearning\input\numpy files\0769_alpha.npy
0770_alpha,20210714,P2H2,1 mM,alpha16,alpha,G:\My Drive\PhD\CAPTUR3D_personal\00 Progetti\CellTypeRecognition_DeepLearning\input\R64 files\20210714\P2H2\alpha\alpha16_12.R64,G:\My Drive\PhD\CAPTUR3D_personal\00 Progetti\CellTypeRecognition_DeepLearning\input\numpy files\0770_alpha.npy
0771_alpha,20210714,P2H2,1 mM,alpha16,alpha,G:\My Drive\PhD\CAPTUR3D_personal\00 Progetti\CellTypeRecognition_DeepLearning\input\R64 files\20210714\P2H2\alpha\alpha16_13.R64,G:\My Drive\PhD\CAPTUR3D_personal\00 Progetti\CellTypeRecognition_DeepLearning\input\numpy files\0771_alpha.npy
0772_alpha,20210714,P2H2,1 mM,alpha16,alpha,G:\My Drive\PhD\CAPTUR3D_personal\00 Progetti\CellTypeRecognition_DeepLearning\input\R64 files\20210714\P2H2\alpha\alpha16_14.R64,G:\My Drive\PhD\CAPTUR3D_personal\00 Progetti\CellTypeRecognition_DeepLearning\input\numpy files\0772_alpha.npy
0773_alpha,20210714,P2H2,1 mM,alpha16,alpha,G:\My Drive\PhD\CAPTUR3D_personal\00 Progetti\CellTypeRecognition_DeepLearning\input\R64 files\20210714\P2H2\alpha\alpha16_15.R64,G:\My Drive\PhD\CAPTUR3D_personal\00 Progetti\CellTypeRecognition_DeepLearning\input\numpy files\0773_alpha.npy
0774_alpha,20210714,P2H2,1 mM,alpha16,alpha,G:\My Drive\PhD\CAPTUR3D_personal\00 Progetti\CellTypeRecognition_DeepLearning\input\R64 files\20210714\P2H2\alpha\alpha16_16.R64,G:\My Drive\PhD\CAPTUR3D_personal\00 Progetti\CellTypeRecognition_DeepLearning\input\numpy files\0774_alpha.npy
0775_alpha,20210714,P2H2,1 mM,alpha16,alpha,G:\My Drive\PhD\CAPTUR3D_personal\00 Progetti\CellTypeRecognition_DeepLearning\input\R64 files\20210714\P2H2\alpha\alpha16_17.R64,G:\My Drive\PhD\CAPTUR3D_personal\00 Progetti\CellTypeRecognition_DeepLearning\input\numpy files\0775_alpha.npy
0776_alpha,20210714,P2H2,1 mM,alpha16,alpha,G:\My Drive\PhD\CAPTUR3D_personal\00 Progetti\CellTypeRecognition_DeepLearning\input\R64 files\20210714\P2H2\alpha\alpha16_18.R64,G:\My Drive\PhD\CAPTUR3D_personal\00 Progetti\CellTypeRecognition_DeepLearning\input\numpy files\0776_alpha.npy
0777_alpha,20210714,P2H2,1 mM,alpha16,alpha,G:\My Drive\PhD\CAPTUR3D_personal\00 Progetti\CellTypeRecognition_DeepLearning\input\R64 files\20210714\P2H2\alpha\alpha16_19.R64,G:\My Drive\PhD\CAPTUR3D_personal\00 Progetti\CellTypeRecognition_DeepLearning\input\numpy files\0777_alpha.npy
0778_beta,20210714,P4H1,2 mM,beta2,beta,G:\My Drive\PhD\CAPTUR3D_personal\00 Progetti\CellTypeRecognition_DeepLearning\input\R64 files\20210714\P4H1\beta\beta2_1.R64,G:\My Drive\PhD\CAPTUR3D_personal\00 Progetti\CellTypeRecognition_DeepLearning\input\numpy files\0778_beta.npy
0779_beta,20210714,P4H1,2 mM,beta2,beta,G:\My Drive\PhD\CAPTUR3D_personal\00 Progetti\CellTypeRecognition_DeepLearning\input\R64 files\20210714\P4H1\beta\beta2_2.R64,G:\My Drive\PhD\CAPTUR3D_personal\00 Progetti\CellTypeRecognition_DeepLearning\input\numpy files\0779_beta.npy
0780_beta,20210714,P4H1,2 mM,beta2,beta,G:\My Drive\PhD\CAPTUR3D_personal\00 Progetti\CellTypeRecognition_DeepLearning\input\R64 files\20210714\P4H1\beta\beta2_3.R64,G:\My Drive\PhD\CAPTUR3D_personal\00 Progetti\CellTypeRecognition_DeepLearning\input\numpy files\0780_beta.npy
0781_beta,20210714,P4H1,2 mM,beta2,beta,G:\My Drive\PhD\CAPTUR3D_personal\00 Progetti\CellTypeRecognition_DeepLearning\input\R64 files\20210714\P4H1\beta\beta2_4.R64,G:\My Drive\PhD\CAPTUR3D_personal\00 Progetti\CellTypeRecognition_DeepLearning\input\numpy files\0781_beta.npy
0782_beta,20210714,P4H1,2 mM,beta2,beta,G:\My Drive\PhD\CAPTUR3D_personal\00 Progetti\CellTypeRecognition_DeepLearning\input\R64 files\20210714\P4H1\beta\beta2_5.R64,G:\My Drive\PhD\CAPTUR3D_personal\00 Progetti\CellTypeRecognition_DeepLearning\input\numpy files\0782_beta.npy
0783_beta,20210714,P4H1,2 mM,beta2,beta,G:\My Drive\PhD\CAPTUR3D_personal\00 Progetti\CellTypeRecognition_DeepLearning\input\R64 files\20210714\P4H1\beta\beta2_6.R64,G:\My Drive\PhD\CAPTUR3D_personal\00 Progetti\CellTypeRecognition_DeepLearning\input\numpy files\0783_beta.npy
0784_beta,20210714,P4H1,2 mM,beta2,beta,G:\My Drive\PhD\CAPTUR3D_personal\00 Progetti\CellTypeRecognition_DeepLearning\input\R64 files\20210714\P4H1\beta\beta2_7.R64,G:\My Drive\PhD\CAPTUR3D_personal\00 Progetti\CellTypeRecognition_DeepLearning\input\numpy files\0784_beta.npy
0785_beta,20210714,P4H1,2 mM,beta2,beta,G:\My Drive\PhD\CAPTUR3D_personal\00 Progetti\CellTypeRecognition_DeepLearning\input\R64 files\20210714\P4H1\beta\beta2_8.R64,G:\My Drive\PhD\CAPTUR3D_personal\00 Progetti\CellTypeRecognition_DeepLearning\input\numpy files\0785_beta.npy
0786_beta,20210714,P4H1,2 mM,beta2,beta,G:\My Drive\PhD\CAPTUR3D_personal\00 Progetti\CellTypeRecognition_DeepLearning\input\R64 files\20210714\P4H1\beta\beta2_9.R64,G:\My Drive\PhD\CAPTUR3D_personal\00 Progetti\CellTypeRecognition_DeepLearning\input\numpy files\0786_beta.npy
0787_beta,20210714,P4H1,2 mM,beta2,beta,G:\My Drive\PhD\CAPTUR3D_personal\00 Progetti\CellTypeRecognition_DeepLearning\input\R64 files\20210714\P4H1\beta\beta2_10.R64,G:\My Drive\PhD\CAPTUR3D_personal\00 Progetti\CellTypeRecognition_DeepLearning\input\numpy files\0787_beta.npy
0788_beta,20210714,P4H1,2 mM,beta2,beta,G:\My Drive\PhD\CAPTUR3D_personal\00 Progetti\CellTypeRecognition_DeepLearning\input\R64 files\20210714\P4H1\beta\beta2_11.R64,G:\My Drive\PhD\CAPTUR3D_personal\00 Progetti\CellTypeRecognition_DeepLearning\input\numpy files\0788_beta.npy
0789_beta,20210714,P4H1,2 mM,beta2,beta,G:\My Drive\PhD\CAPTUR3D_personal\00 Progetti\CellTypeRecognition_DeepLearning\input\R64 files\20210714\P4H1\beta\beta2_12.R64,G:\My Drive\PhD\CAPTUR3D_personal\00 Progetti\CellTypeRecognition_DeepLearning\input\numpy files\0789_beta.npy
0790_beta,20210714,P4H1,2 mM,beta2,beta,G:\My Drive\PhD\CAPTUR3D_personal\00 Progetti\CellTypeRecognition_DeepLearning\input\R64 files\20210714\P4H1\beta\beta2_13.R64,G:\My Drive\PhD\CAPTUR3D_personal\00 Progetti\CellTypeRecognition_DeepLearning\input\numpy files\0790_beta.npy
0791_beta,20210714,P4H1,2 mM,beta2,beta,G:\My Drive\PhD\CAPTUR3D_personal\00 Progetti\CellTypeRecognition_DeepLearning\input\R64 files\20210714\P4H1\beta\beta2_14.R64,G:\My Drive\PhD\CAPTUR3D_personal\00 Progetti\CellTypeRecognition_DeepLearning\input\numpy files\0791_beta.npy
0792_beta,20210714,P4H1,2 mM,beta2,beta,G:\My Drive\PhD\CAPTUR3D_personal\00 Progetti\CellTypeRecognition_DeepLearning\input\R64 files\20210714\P4H1\beta\beta2_15.R64,G:\My Drive\PhD\CAPTUR3D_personal\00 Progetti\CellTypeRecognition_DeepLearning\input\numpy files\0792_beta.npy
0793_beta,20210714,P4H1,2 mM,beta2,beta,G:\My Drive\PhD\CAPTUR3D_personal\00 Progetti\CellTypeRecognition_DeepLearning\input\R64 files\20210714\P4H1\beta\beta2_16.R64,G:\My Drive\PhD\CAPTUR3D_personal\00 Progetti\CellTypeRecognition_DeepLearning\input\numpy files\0793_beta.npy
0794_beta,20210714,P4H1,2 mM,beta2,beta,G:\My Drive\PhD\CAPTUR3D_personal\00 Progetti\CellTypeRecognition_DeepLearning\input\R64 files\20210714\P4H1\beta\beta2_17.R64,G:\My Drive\PhD\CAPTUR3D_personal\00 Progetti\CellTypeRecognition_DeepLearning\input\numpy files\0794_beta.npy
0795_beta,20210714,P4H1,2 mM,beta2,beta,G:\My Drive\PhD\CAPTUR3D_personal\00 Progetti\CellTypeRecognition_DeepLearning\input\R64 files\20210714\P4H1\beta\beta2_18.R64,G:\My Drive\PhD\CAPTUR3D_personal\00 Progetti\CellTypeRecognition_DeepLearning\input\numpy files\0795_beta.npy
0796_beta,20210714,P4H1,2 mM,beta2,beta,G:\My Drive\PhD\CAPTUR3D_personal\00 Progetti\CellTypeRecognition_DeepLearning\input\R64 files\20210714\P4H1\beta\beta2_19.R64,G:\My Drive\PhD\CAPTUR3D_personal\00 Progetti\CellTypeRecognition_DeepLearning\input\numpy files\0796_beta.npy
0797_beta,20210714,P4H1,2 mM,beta2,beta,G:\My Drive\PhD\CAPTUR3D_personal\00 Progetti\CellTypeRecognition_DeepLearning\input\R64 files\20210714\P4H1\beta\beta2_20.R64,G:\My Drive\PhD\CAPTUR3D_personal\00 Progetti\CellTypeRecognition_DeepLearning\input\numpy files\0797_beta.npy
0798_beta,20210714,P4H1,2 mM,beta2,beta,G:\My Drive\PhD\CAPTUR3D_personal\00 Progetti\CellTypeRecognition_DeepLearning\input\R64 files\20210714\P4H1\beta\beta2_21.R64,G:\My Drive\PhD\CAPTUR3D_personal\00 Progetti\CellTypeRecognition_DeepLearning\input\numpy files\0798_beta.npy
0799_beta,20210714,P4H1,2 mM,beta2,beta,G:\My Drive\PhD\CAPTUR3D_personal\00 Progetti\CellTypeRecognition_DeepLearning\input\R64 files\20210714\P4H1\beta\beta2_22.R64,G:\My Drive\PhD\CAPTUR3D_personal\00 Progetti\CellTypeRecognition_DeepLearning\input\numpy files\0799_beta.npy
0800_beta,20210714,P4H1,2 mM,beta2,beta,G:\My Drive\PhD\CAPTUR3D_personal\00 Progetti\CellTypeRecognition_DeepLearning\input\R64 files\20210714\P4H1\beta\beta2_23.R64,G:\My Drive\PhD\CAPTUR3D_personal\00 Progetti\CellTypeRecognition_DeepLearning\input\numpy files\0800_beta.npy
0801_beta,20210714,P4H1,2 mM,beta2,beta,G:\My Drive\PhD\CAPTUR3D_personal\00 Progetti\CellTypeRecognition_DeepLearning\input\R64 files\20210714\P4H1\beta\beta2_24.R64,G:\My Drive\PhD\CAPTUR3D_personal\00 Progetti\CellTypeRecognition_DeepLearning\input\numpy files\0801_beta.npy
0802_beta,20210714,P4H1,2 mM,beta2,beta,G:\My Drive\PhD\CAPTUR3D_personal\00 Progetti\CellTypeRecognition_DeepLearning\input\R64 files\20210714\P4H1\beta\beta2_25.R64,G:\My Drive\PhD\CAPTUR3D_personal\00 Progetti\CellTypeRecognition_DeepLearning\input\numpy files\0802_beta.npy
0803_beta,20210714,P4H1,2 mM,beta2,beta,G:\My Drive\PhD\CAPTUR3D_personal\00 Progetti\CellTypeRecognition_DeepLearning\input\R64 files\20210714\P4H1\beta\beta2_26.R64,G:\My Drive\PhD\CAPTUR3D_personal\00 Progetti\CellTypeRecognition_DeepLearning\input\numpy files\0803_beta.npy
0804_beta,20210714,P4H1,2 mM,beta2,beta,G:\My Drive\PhD\CAPTUR3D_personal\00 Progetti\CellTypeRecognition_DeepLearning\input\R64 files\20210714\P4H1\beta\beta2_27.R64,G:\My Drive\PhD\CAPTUR3D_personal\00 Progetti\CellTypeRecognition_DeepLearning\input\numpy files\0804_beta.npy
0805_beta,20210714,P4H1,2 mM,beta2,beta,G:\My Drive\PhD\CAPTUR3D_personal\00 Progetti\CellTypeRecognition_DeepLearning\input\R64 files\20210714\P4H1\beta\beta2_28.R64,G:\My Drive\PhD\CAPTUR3D_personal\00 Progetti\CellTypeRecognition_DeepLearning\input\numpy files\0805_beta.npy
0806_beta,20210714,P4H1,1 mM,beta16,beta,G:\My Drive\PhD\CAPTUR3D_personal\00 Progetti\CellTypeRecognition_DeepLearning\input\R64 files\20210714\P4H1\beta\beta16_1.R64,G:\My Drive\PhD\CAPTUR3D_personal\00 Progetti\CellTypeRecognition_DeepLearning\input\numpy files\0806_beta.npy
0807_beta,20210714,P4H1,1 mM,beta16,beta,G:\My Drive\PhD\CAPTUR3D_personal\00 Progetti\CellTypeRecognition_DeepLearning\input\R64 files\20210714\P4H1\beta\beta16_2.R64,G:\My Drive\PhD\CAPTUR3D_personal\00 Progetti\CellTypeRecognition_DeepLearning\input\numpy files\0807_beta.npy
0808_beta,20210714,P4H1,1 mM,beta16,beta,G:\My Drive\PhD\CAPTUR3D_personal\00 Progetti\CellTypeRecognition_DeepLearning\input\R64 files\20210714\P4H1\beta\beta16_3.R64,G:\My Drive\PhD\CAPTUR3D_personal\00 Progetti\CellTypeRecognition_DeepLearning\input\numpy files\0808_beta.npy
0809_beta,20210714,P4H1,1 mM,beta16,beta,G:\My Drive\PhD\CAPTUR3D_personal\00 Progetti\CellTypeRecognition_DeepLearning\input\R64 files\20210714\P4H1\beta\beta16_4.R64,G:\My Drive\PhD\CAPTUR3D_personal\00 Progetti\CellTypeRecognition_DeepLearning\input\numpy files\0809_beta.npy
0810_beta,20210714,P4H1,1 mM,beta16,beta,G:\My Drive\PhD\CAPTUR3D_personal\00 Progetti\CellTypeRecognition_DeepLearning\input\R64 files\20210714\P4H1\beta\beta16_5.R64,G:\My Drive\PhD\CAPTUR3D_personal\00 Progetti\CellTypeRecognition_DeepLearning\input\numpy files\0810_beta.npy
0811_beta,20210714,P4H1,1 mM,beta16,beta,G:\My Drive\PhD\CAPTUR3D_personal\00 Progetti\CellTypeRecognition_DeepLearning\input\R64 files\20210714\P4H1\beta\beta16_6.R64,G:\My Drive\PhD\CAPTUR3D_personal\00 Progetti\CellTypeRecognition_DeepLearning\input\numpy files\0811_beta.npy
0812_beta,20210714,P4H1,1 mM,beta16,beta,G:\My Drive\PhD\CAPTUR3D_personal\00 Progetti\CellTypeRecognition_DeepLearning\input\R64 files\20210714\P4H1\beta\beta16_7.R64,G:\My Drive\PhD\CAPTUR3D_personal\00 Progetti\CellTypeRecognition_DeepLearning\input\numpy files\0812_beta.npy
0813_beta,20210714,P4H1,1 mM,beta16,beta,G:\My Drive\PhD\CAPTUR3D_personal\00 Progetti\CellTypeRecognition_DeepLearning\input\R64 files\20210714\P4H1\beta\beta16_8.R64,G:\My Drive\PhD\CAPTUR3D_personal\00 Progetti\CellTypeRecognition_DeepLearning\input\numpy files\0813_beta.npy
0814_beta,20210714,P4H1,1 mM,beta16,beta,G:\My Drive\PhD\CAPTUR3D_personal\00 Progetti\CellTypeRecognition_DeepLearning\input\R64 files\20210714\P4H1\beta\beta16_9.R64,G:\My Drive\PhD\CAPTUR3D_personal\00 Progetti\CellTypeRecognition_DeepLearning\input\numpy files\0814_beta.npy
0815_beta,20210714,P4H1,1 mM,beta16,beta,G:\My Drive\PhD\CAPTUR3D_personal\00 Progetti\CellTypeRecognition_DeepLearning\input\R64 files\20210714\P4H1\beta\beta16_10.R64,G:\My Drive\PhD\CAPTUR3D_personal\00 Progetti\CellTypeRecognition_DeepLearning\input\numpy files\0815_beta.npy
0816_beta,20210714,P4H1,1 mM,beta16,beta,G:\My Drive\PhD\CAPTUR3D_personal\00 Progetti\CellTypeRecognition_DeepLearning\input\R64 files\20210714\P4H1\beta\beta16_11.R64,G:\My Drive\PhD\CAPTUR3D_personal\00 Progetti\CellTypeRecognition_DeepLearning\input\numpy files\0816_beta.npy
0817_beta,20210714,P4H1,1 mM,beta16,beta,G:\My Drive\PhD\CAPTUR3D_personal\00 Progetti\CellTypeRecognition_DeepLearning\input\R64 files\20210714\P4H1\beta\beta16_12.R64,G:\My Drive\PhD\CAPTUR3D_personal\00 Progetti\CellTypeRecognition_DeepLearning\input\numpy files\0817_beta.npy
0818_beta,20210714,P4H1,1 mM,beta16,beta,G:\My Drive\PhD\CAPTUR3D_personal\00 Progetti\CellTypeRecognition_DeepLearning\input\R64 files\20210714\P4H1\beta\beta16_13.R64,G:\My Drive\PhD\CAPTUR3D_personal\00 Progetti\CellTypeRecognition_DeepLearning\input\numpy files\0818_beta.npy
0819_beta,20210714,P4H1,1 mM,beta16,beta,G:\My Drive\PhD\CAPTUR3D_personal\00 Progetti\CellTypeRecognition_DeepLearning\input\R64 files\20210714\P4H1\beta\beta16_14.R64,G:\My Drive\PhD\CAPTUR3D_personal\00 Progetti\CellTypeRecognition_DeepLearning\input\numpy files\0819_beta.npy
0820_beta,20210714,P4H1,1 mM,beta16,beta,G:\My Drive\PhD\CAPTUR3D_personal\00 Progetti\CellTypeRecognition_DeepLearning\input\R64 files\20210714\P4H1\beta\beta16_15.R64,G:\My Drive\PhD\CAPTUR3D_personal\00 Progetti\CellTypeRecognition_DeepLearning\input\numpy files\0820_beta.npy
0821_beta,20210714,P4H1,1 mM,beta16,beta,G:\My Drive\PhD\CAPTUR3D_personal\00 Progetti\CellTypeRecognition_DeepLearning\input\R64 files\20210714\P4H1\beta\beta16_16.R64,G:\My Drive\PhD\CAPTUR3D_personal\00 Progetti\CellTypeRecognition_DeepLearning\input\numpy files\0821_beta.npy
0822_beta,20210714,P4H1,1 mM,beta16,beta,G:\My Drive\PhD\CAPTUR3D_personal\00 Progetti\CellTypeRecognition_DeepLearning\input\R64 files\20210714\P4H1\beta\beta16_17.R64,G:\My Drive\PhD\CAPTUR3D_personal\00 Progetti\CellTypeRecognition_DeepLearning\input\numpy files\0822_beta.npy
0823_beta,20210714,P4H1,1 mM,beta16,beta,G:\My Drive\PhD\CAPTUR3D_personal\00 Progetti\CellTypeRecognition_DeepLearning\input\R64 files\20210714\P4H1\beta\beta16_18.R64,G:\My Drive\PhD\CAPTUR3D_personal\00 Progetti\CellTypeRecognition_DeepLearning\input\numpy files\0823_beta.npy
0824_beta,20210714,P4H1,1 mM,beta16,beta,G:\My Drive\PhD\CAPTUR3D_personal\00 Progetti\CellTypeRecognition_DeepLearning\input\R64 files\20210714\P4H1\beta\beta16_19.R64,G:\My Drive\PhD\CAPTUR3D_personal\00 Progetti\CellTypeRecognition_DeepLearning\input\numpy files\0824_beta.npy
0825_beta,20210714,P4H1,1 mM,beta16,beta,G:\My Drive\PhD\CAPTUR3D_personal\00 Progetti\CellTypeRecognition_DeepLearning\input\R64 files\20210714\P4H1\beta\beta16_20.R64,G:\My Drive\PhD\CAPTUR3D_personal\00 Progetti\CellTypeRecognition_DeepLearning\input\numpy files\0825_beta.npy
0826_beta,20210714,P4H1,1 mM,beta16,beta,G:\My Drive\PhD\CAPTUR3D_personal\00 Progetti\CellTypeRecognition_DeepLearning\input\R64 files\20210714\P4H1\beta\beta16_21.R64,G:\My Drive\PhD\CAPTUR3D_personal\00 Progetti\CellTypeRecognition_DeepLearning\input\numpy files\0826_beta.npy
0827_beta,20210714,P4H1,1 mM,beta16,beta,G:\My Drive\PhD\CAPTUR3D_personal\00 Progetti\CellTypeRecognition_DeepLearning\input\R64 files\20210714\P4H1\beta\beta16_22.R64,G:\My Drive\PhD\CAPTUR3D_personal\00 Progetti\CellTypeRecognition_DeepLearning\input\numpy files\0827_beta.npy
0828_beta,20210714,P4H1,1 mM,beta16,beta,G:\My Drive\PhD\CAPTUR3D_personal\00 Progetti\CellTypeRecognition_DeepLearning\input\R64 files\20210714\P4H1\beta\beta16_23.R64,G:\My Drive\PhD\CAPTUR3D_personal\00 Progetti\CellTypeRecognition_DeepLearning\input\numpy files\0828_beta.npy
0829_beta,20210714,P4H1,1 mM,beta16,beta,G:\My Drive\PhD\CAPTUR3D_personal\00 Progetti\CellTypeRecognition_DeepLearning\input\R64 files\20210714\P4H1\beta\beta16_24.R64,G:\My Drive\PhD\CAPTUR3D_personal\00 Progetti\CellTypeRecognition_DeepLearning\input\numpy files\0829_beta.npy
0830_beta,20210714,P4H1,1 mM,beta16,beta,G:\My Drive\PhD\CAPTUR3D_personal\00 Progetti\CellTypeRecognition_DeepLearning\input\R64 files\20210714\P4H1\beta\beta16_25.R64,G:\My Drive\PhD\CAPTUR3D_personal\00 Progetti\CellTypeRecognition_DeepLearning\input\numpy files\0830_beta.npy
0831_beta,20210714,P4H1,1 mM,beta16,beta,G:\My Drive\PhD\CAPTUR3D_personal\00 Progetti\CellTypeRecognition_DeepLearning\input\R64 files\20210714\P4H1\beta\beta16_26.R64,G:\My Drive\PhD\CAPTUR3D_personal\00 Progetti\CellTypeRecognition_DeepLearning\input\numpy files\0831_beta.npy
0832_beta,20210714,P4H1,1 mM,beta16,beta,G:\My Drive\PhD\CAPTUR3D_personal\00 Progetti\CellTypeRecognition_DeepLearning\input\R64 files\20210714\P4H1\beta\beta16_27.R64,G:\My Drive\PhD\CAPTUR3D_personal\00 Progetti\CellTypeRecognition_DeepLearning\input\numpy files\0832_beta.npy
0833_beta,20210714,P4H1,1 mM,beta16,beta,G:\My Drive\PhD\CAPTUR3D_personal\00 Progetti\CellTypeRecognition_DeepLearning\input\R64 files\20210714\P4H1\beta\beta16_28.R64,G:\My Drive\PhD\CAPTUR3D_personal\00 Progetti\CellTypeRecognition_DeepLearning\input\numpy files\0833_beta.npy
0834_alpha,20210714,P4H1,2 mM,alpha2,alpha,G:\My Drive\PhD\CAPTUR3D_personal\00 Progetti\CellTypeRecognition_DeepLearning\input\R64 files\20210714\P4H1\alpha\alpha2_1.R64,G:\My Drive\PhD\CAPTUR3D_personal\00 Progetti\CellTypeRecognition_DeepLearning\input\numpy files\0834_alpha.npy
0835_alpha,20210714,P4H1,2 mM,alpha2,alpha,G:\My Drive\PhD\CAPTUR3D_personal\00 Progetti\CellTypeRecognition_DeepLearning\input\R64 files\20210714\P4H1\alpha\alpha2_2.R64,G:\My Drive\PhD\CAPTUR3D_personal\00 Progetti\CellTypeRecognition_DeepLearning\input\numpy files\0835_alpha.npy
0836_alpha,20210714,P4H1,2 mM,alpha2,alpha,G:\My Drive\PhD\CAPTUR3D_personal\00 Progetti\CellTypeRecognition_DeepLearning\input\R64 files\20210714\P4H1\alpha\alpha2_3.R64,G:\My Drive\PhD\CAPTUR3D_personal\00 Progetti\CellTypeRecognition_DeepLearning\input\numpy files\0836_alpha.npy
0837_alpha,20210714,P4H1,2 mM,alpha2,alpha,G:\My Drive\PhD\CAPTUR3D_personal\00 Progetti\CellTypeRecognition_DeepLearning\input\R64 files\20210714\P4H1\alpha\alpha2_4.R64,G:\My Drive\PhD\CAPTUR3D_personal\00 Progetti\CellTypeRecognition_DeepLearning\input\numpy files\0837_alpha.npy
0838_alpha,20210714,P4H1,2 mM,alpha2,alpha,G:\My Drive\PhD\CAPTUR3D_personal\00 Progetti\CellTypeRecognition_DeepLearning\input\R64 files\20210714\P4H1\alpha\alpha2_5.R64,G:\My Drive\PhD\CAPTUR3D_personal\00 Progetti\CellTypeRecognition_DeepLearning\input\numpy files\0838_alpha.npy
0839_alpha,20210714,P4H1,2 mM,alpha2,alpha,G:\My Drive\PhD\CAPTUR3D_personal\00 Progetti\CellTypeRecognition_DeepLearning\input\R64 files\20210714\P4H1\alpha\alpha2_6.R64,G:\My Drive\PhD\CAPTUR3D_personal\00 Progetti\CellTypeRecognition_DeepLearning\input\numpy files\0839_alpha.npy
0840_alpha,20210714,P4H1,2 mM,alpha2,alpha,G:\My Drive\PhD\CAPTUR3D_personal\00 Progetti\CellTypeRecognition_DeepLearning\input\R64 files\20210714\P4H1\alpha\alpha2_7.R64,G:\My Drive\PhD\CAPTUR3D_personal\00 Progetti\CellTypeRecognition_DeepLearning\input\numpy files\0840_alpha.npy
0841_alpha,20210714,P4H1,2 mM,alpha2,alpha,G:\My Drive\PhD\CAPTUR3D_personal\00 Progetti\CellTypeRecognition_DeepLearning\input\R64 files\20210714\P4H1\alpha\alpha2_8.R64,G:\My Drive\PhD\CAPTUR3D_personal\00 Progetti\CellTypeRecognition_DeepLearning\input\numpy files\0841_alpha.npy
0842_alpha,20210714,P4H1,1 mM,alpha16,alpha,G:\My Drive\PhD\CAPTUR3D_personal\00 Progetti\CellTypeRecognition_DeepLearning\input\R64 files\20210714\P4H1\alpha\alpha16_1.R64,G:\My Drive\PhD\CAPTUR3D_personal\00 Progetti\CellTypeRecognition_DeepLearning\input\numpy files\0842_alpha.npy
0843_alpha,20210714,P4H1,1 mM,alpha16,alpha,G:\My Drive\PhD\CAPTUR3D_personal\00 Progetti\CellTypeRecognition_DeepLearning\input\R64 files\20210714\P4H1\alpha\alpha16_2.R64,G:\My Drive\PhD\CAPTUR3D_personal\00 Progetti\CellTypeRecognition_DeepLearning\input\numpy files\0843_alpha.npy
0844_alpha,20210714,P4H1,1 mM,alpha16,alpha,G:\My Drive\PhD\CAPTUR3D_personal\00 Progetti\CellTypeRecognition_DeepLearning\input\R64 files\20210714\P4H1\alpha\alpha16_3.R64,G:\My Drive\PhD\CAPTUR3D_personal\00 Progetti\CellTypeRecognition_DeepLearning\input\numpy files\0844_alpha.npy
0845_alpha,20210714,P4H1,1 mM,alpha16,alpha,G:\My Drive\PhD\CAPTUR3D_personal\00 Progetti\CellTypeRecognition_DeepLearning\input\R64 files\20210714\P4H1\alpha\alpha16_4.R64,G:\My Drive\PhD\CAPTUR3D_personal\00 Progetti\CellTypeRecognition_DeepLearning\input\numpy files\0845_alpha.npy
0846_alpha,20210714,P4H1,1 mM,alpha16,alpha,G:\My Drive\PhD\CAPTUR3D_personal\00 Progetti\CellTypeRecognition_DeepLearning\input\R64 files\20210714\P4H1\alpha\alpha16_5.R64,G:\My Drive\PhD\CAPTUR3D_personal\00 Progetti\CellTypeRecognition_DeepLearning\input\numpy files\0846_alpha.npy
0847_alpha,20210714,P4H1,1 mM,alpha16,alpha,G:\My Drive\PhD\CAPTUR3D_personal\00 Progetti\CellTypeRecognition_DeepLearning\input\R64 files\20210714\P4H1\alpha\alpha16_6.R64,G:\My Drive\PhD\CAPTUR3D_personal\00 Progetti\CellTypeRecognition_DeepLearning\input\numpy files\0847_alpha.npy
0848_alpha,20210714,P4H1,1 mM,alpha16,alpha,G:\My Drive\PhD\CAPTUR3D_personal\00 Progetti\CellTypeRecognition_DeepLearning\input\R64 files\20210714\P4H1\alpha\alpha16_7.R64,G:\My Drive\PhD\CAPTUR3D_personal\00 Progetti\CellTypeRecognition_DeepLearning\input\numpy files\0848_alpha.npy
0849_alpha,20210714,P4H1,1 mM,alpha16,alpha,G:\My Drive\PhD\CAPTUR3D_personal\00 Progetti\CellTypeRecognition_DeepLearning\input\R64 files\20210714\P4H1\alpha\alpha16_8.R64,G:\My Drive\PhD\CAPTUR3D_personal\00 Progetti\CellTypeRecognition_DeepLearning\input\numpy files\0849_alpha.npy
0850_beta,20210716,P1H1,2 mM,beta2,beta,G:\My Drive\PhD\CAPTUR3D_personal\00 Progetti\CellTypeRecognition_DeepLearning\input\R64 files\20210716\P1H1\beta\beta2_1.R64,G:\My Drive\PhD\CAPTUR3D_personal\00 Progetti\CellTypeRecognition_DeepLearning\input\numpy files\0850_beta.npy
0851_beta,20210716,P1H1,2 mM,beta2,beta,G:\My Drive\PhD\CAPTUR3D_personal\00 Progetti\CellTypeRecognition_DeepLearning\input\R64 files\20210716\P1H1\beta\beta2_2.R64,G:\My Drive\PhD\CAPTUR3D_personal\00 Progetti\CellTypeRecognition_DeepLearning\input\numpy files\0851_beta.npy
0852_beta,20210716,P1H1,2 mM,beta2,beta,G:\My Drive\PhD\CAPTUR3D_personal\00 Progetti\CellTypeRecognition_DeepLearning\input\R64 files\20210716\P1H1\beta\beta2_3.R64,G:\My Drive\PhD\CAPTUR3D_personal\00 Progetti\CellTypeRecognition_DeepLearning\input\numpy files\0852_beta.npy
0853_beta,20210716,P1H1,2 mM,beta2,beta,G:\My Drive\PhD\CAPTUR3D_personal\00 Progetti\CellTypeRecognition_DeepLearning\input\R64 files\20210716\P1H1\beta\beta2_4.R64,G:\My Drive\PhD\CAPTUR3D_personal\00 Progetti\CellTypeRecognition_DeepLearning\input\numpy files\0853_beta.npy
0854_beta,20210716,P1H1,2 mM,beta2,beta,G:\My Drive\PhD\CAPTUR3D_personal\00 Progetti\CellTypeRecognition_DeepLearning\input\R64 files\20210716\P1H1\beta\beta2_5.R64,G:\My Drive\PhD\CAPTUR3D_personal\00 Progetti\CellTypeRecognition_DeepLearning\input\numpy files\0854_beta.npy
0855_beta,20210716,P1H1,2 mM,beta2,beta,G:\My Drive\PhD\CAPTUR3D_personal\00 Progetti\CellTypeRecognition_DeepLearning\input\R64 files\20210716\P1H1\beta\beta2_6.R64,G:\My Drive\PhD\CAPTUR3D_personal\00 Progetti\CellTypeRecognition_DeepLearning\input\numpy files\0855_beta.npy
0856_beta,20210716,P1H1,2 mM,beta2,beta,G:\My Drive\PhD\CAPTUR3D_personal\00 Progetti\CellTypeRecognition_DeepLearning\input\R64 files\20210716\P1H1\beta\beta2_7.R64,G:\My Drive\PhD\CAPTUR3D_personal\00 Progetti\CellTypeRecognition_DeepLearning\input\numpy files\0856_beta.npy
0857_beta,20210716,P1H1,2 mM,beta2,beta,G:\My Drive\PhD\CAPTUR3D_personal\00 Progetti\CellTypeRecognition_DeepLearning\input\R64 files\20210716\P1H1\beta\beta2_8.R64,G:\My Drive\PhD\CAPTUR3D_personal\00 Progetti\CellTypeRecognition_DeepLearning\input\numpy files\0857_beta.npy
0858_beta,20210716,P1H1,2 mM,beta2,beta,G:\My Drive\PhD\CAPTUR3D_personal\00 Progetti\CellTypeRecognition_DeepLearning\input\R64 files\20210716\P1H1\beta\beta2_9.R64,G:\My Drive\PhD\CAPTUR3D_personal\00 Progetti\CellTypeRecognition_DeepLearning\input\numpy files\0858_beta.npy
0859_beta,20210716,P1H1,2 mM,beta2,beta,G:\My Drive\PhD\CAPTUR3D_personal\00 Progetti\CellTypeRecognition_DeepLearning\input\R64 files\20210716\P1H1\beta\beta2_10.R64,G:\My Drive\PhD\CAPTUR3D_personal\00 Progetti\CellTypeRecognition_DeepLearning\input\numpy files\0859_beta.npy
0860_beta,20210716,P1H1,2 mM,beta2,beta,G:\My Drive\PhD\CAPTUR3D_personal\00 Progetti\CellTypeRecognition_DeepLearning\input\R64 files\20210716\P1H1\beta\beta2_11.R64,G:\My Drive\PhD\CAPTUR3D_personal\00 Progetti\CellTypeRecognition_DeepLearning\input\numpy files\0860_beta.npy
0861_beta,20210716,P1H1,2 mM,beta2,beta,G:\My Drive\PhD\CAPTUR3D_personal\00 Progetti\CellTypeRecognition_DeepLearning\input\R64 files\20210716\P1H1\beta\beta2_12.R64,G:\My Drive\PhD\CAPTUR3D_personal\00 Progetti\CellTypeRecognition_DeepLearning\input\numpy files\0861_beta.npy
0862_beta,20210716,P1H1,2 mM,beta2,beta,G:\My Drive\PhD\CAPTUR3D_personal\00 Progetti\CellTypeRecognition_DeepLearning\input\R64 files\20210716\P1H1\beta\beta2_13.R64,G:\My Drive\PhD\CAPTUR3D_personal\00 Progetti\CellTypeRecognition_DeepLearning\input\numpy files\0862_beta.npy
0863_beta,20210716,P1H1,2 mM,beta2,beta,G:\My Drive\PhD\CAPTUR3D_personal\00 Progetti\CellTypeRecognition_DeepLearning\input\R64 files\20210716\P1H1\beta\beta2_14.R64,G:\My Drive\PhD\CAPTUR3D_personal\00 Progetti\CellTypeRecognition_DeepLearning\input\numpy files\0863_beta.npy
0864_beta,20210716,P1H1,2 mM,beta2,beta,G:\My Drive\PhD\CAPTUR3D_personal\00 Progetti\CellTypeRecognition_DeepLearning\input\R64 files\20210716\P1H1\beta\beta2_15.R64,G:\My Drive\PhD\CAPTUR3D_personal\00 Progetti\CellTypeRecognition_DeepLearning\input\numpy files\0864_beta.npy
0865_beta,20210716,P1H1,2 mM,beta2,beta,G:\My Drive\PhD\CAPTUR3D_personal\00 Progetti\CellTypeRecognition_DeepLearning\input\R64 files\20210716\P1H1\beta\beta2_16.R64,G:\My Drive\PhD\CAPTUR3D_personal\00 Progetti\CellTypeRecognition_DeepLearning\input\numpy files\0865_beta.npy
0866_beta,20210716,P1H1,2 mM,beta2,beta,G:\My Drive\PhD\CAPTUR3D_personal\00 Progetti\CellTypeRecognition_DeepLearning\input\R64 files\20210716\P1H1\beta\beta2_17.R64,G:\My Drive\PhD\CAPTUR3D_personal\00 Progetti\CellTypeRecognition_DeepLearning\input\numpy files\0866_beta.npy
0867_beta,20210716,P1H1,2 mM,beta2,beta,G:\My Drive\PhD\CAPTUR3D_personal\00 Progetti\CellTypeRecognition_DeepLearning\input\R64 files\20210716\P1H1\beta\beta2_18.R64,G:\My Drive\PhD\CAPTUR3D_personal\00 Progetti\CellTypeRecognition_DeepLearning\input\numpy files\0867_beta.npy
0868_beta,20210716,P1H1,2 mM,beta2,beta,G:\My Drive\PhD\CAPTUR3D_personal\00 Progetti\CellTypeRecognition_DeepLearning\input\R64 files\20210716\P1H1\beta\beta2_19.R64,G:\My Drive\PhD\CAPTUR3D_personal\00 Progetti\CellTypeRecognition_DeepLearning\input\numpy files\0868_beta.npy
0869_beta,20210716,P1H1,2 mM,beta2,beta,G:\My Drive\PhD\CAPTUR3D_personal\00 Progetti\CellTypeRecognition_DeepLearning\input\R64 files\20210716\P1H1\beta\beta2_20.R64,G:\My Drive\PhD\CAPTUR3D_personal\00 Progetti\CellTypeRecognition_DeepLearning\input\numpy files\0869_beta.npy
0870_beta,20210716,P1H1,2 mM,beta2,beta,G:\My Drive\PhD\CAPTUR3D_personal\00 Progetti\CellTypeRecognition_DeepLearning\input\R64 files\20210716\P1H1\beta\beta2_21.R64,G:\My Drive\PhD\CAPTUR3D_personal\00 Progetti\CellTypeRecognition_DeepLearning\input\numpy files\0870_beta.npy
0871_beta,20210716,P1H1,2 mM,beta2,beta,G:\My Drive\PhD\CAPTUR3D_personal\00 Progetti\CellTypeRecognition_DeepLearning\input\R64 files\20210716\P1H1\beta\beta2_22.R64,G:\My Drive\PhD\CAPTUR3D_personal\00 Progetti\CellTypeRecognition_DeepLearning\input\numpy files\0871_beta.npy
0872_beta,20210716,P1H1,1 mM,beta16,beta,G:\My Drive\PhD\CAPTUR3D_personal\00 Progetti\CellTypeRecognition_DeepLearning\input\R64 files\20210716\P1H1\beta\beta16_1.R64,G:\My Drive\PhD\CAPTUR3D_personal\00 Progetti\CellTypeRecognition_DeepLearning\input\numpy files\0872_beta.npy
0873_beta,20210716,P1H1,1 mM,beta16,beta,G:\My Drive\PhD\CAPTUR3D_personal\00 Progetti\CellTypeRecognition_DeepLearning\input\R64 files\20210716\P1H1\beta\beta16_2.R64,G:\My Drive\PhD\CAPTUR3D_personal\00 Progetti\CellTypeRecognition_DeepLearning\input\numpy files\0873_beta.npy
0874_beta,20210716,P1H1,1 mM,beta16,beta,G:\My Drive\PhD\CAPTUR3D_personal\00 Progetti\CellTypeRecognition_DeepLearning\input\R64 files\20210716\P1H1\beta\beta16_3.R64,G:\My Drive\PhD\CAPTUR3D_personal\00 Progetti\CellTypeRecognition_DeepLearning\input\numpy files\0874_beta.npy
0875_beta,20210716,P1H1,1 mM,beta16,beta,G:\My Drive\PhD\CAPTUR3D_personal\00 Progetti\CellTypeRecognition_DeepLearning\input\R64 files\20210716\P1H1\beta\beta16_4.R64,G:\My Drive\PhD\CAPTUR3D_personal\00 Progetti\CellTypeRecognition_DeepLearning\input\numpy files\0875_beta.npy
0876_beta,20210716,P1H1,1 mM,beta16,beta,G:\My Drive\PhD\CAPTUR3D_personal\00 Progetti\CellTypeRecognition_DeepLearning\input\R64 files\20210716\P1H1\beta\beta16_5.R64,G:\My Drive\PhD\CAPTUR3D_personal\00 Progetti\CellTypeRecognition_DeepLearning\input\numpy files\0876_beta.npy
0877_beta,20210716,P1H1,1 mM,beta16,beta,G:\My Drive\PhD\CAPTUR3D_personal\00 Progetti\CellTypeRecognition_DeepLearning\input\R64 files\20210716\P1H1\beta\beta16_6.R64,G:\My Drive\PhD\CAPTUR3D_personal\00 Progetti\CellTypeRecognition_DeepLearning\input\numpy files\0877_beta.npy
0878_beta,20210716,P1H1,1 mM,beta16,beta,G:\My Drive\PhD\CAPTUR3D_personal\00 Progetti\CellTypeRecognition_DeepLearning\input\R64 files\20210716\P1H1\beta\beta16_7.R64,G:\My Drive\PhD\CAPTUR3D_personal\00 Progetti\CellTypeRecognition_DeepLearning\input\numpy files\0878_beta.npy
0879_beta,20210716,P1H1,1 mM,beta16,beta,G:\My Drive\PhD\CAPTUR3D_personal\00 Progetti\CellTypeRecognition_DeepLearning\input\R64 files\20210716\P1H1\beta\beta16_8.R64,G:\My Drive\PhD\CAPTUR3D_personal\00 Progetti\CellTypeRecognition_DeepLearning\input\numpy files\0879_beta.npy
0880_beta,20210716,P1H1,1 mM,beta16,beta,G:\My Drive\PhD\CAPTUR3D_personal\00 Progetti\CellTypeRecognition_DeepLearning\input\R64 files\20210716\P1H1\beta\beta16_9.R64,G:\My Drive\PhD\CAPTUR3D_personal\00 Progetti\CellTypeRecognition_DeepLearning\input\numpy files\0880_beta.npy
0881_beta,20210716,P1H1,1 mM,beta16,beta,G:\My Drive\PhD\CAPTUR3D_personal\00 Progetti\CellTypeRecognition_DeepLearning\input\R64 files\20210716\P1H1\beta\beta16_10.R64,G:\My Drive\PhD\CAPTUR3D_personal\00 Progetti\CellTypeRecognition_DeepLearning\input\numpy files\0881_beta.npy
0882_beta,20210716,P1H1,1 mM,beta16,beta,G:\My Drive\PhD\CAPTUR3D_personal\00 Progetti\CellTypeRecognition_DeepLearning\input\R64 files\20210716\P1H1\beta\beta16_11.R64,G:\My Drive\PhD\CAPTUR3D_personal\00 Progetti\CellTypeRecognition_DeepLearning\input\numpy files\0882_beta.npy
0883_beta,20210716,P1H1,1 mM,beta16,beta,G:\My Drive\PhD\CAPTUR3D_personal\00 Progetti\CellTypeRecognition_DeepLearning\input\R64 files\20210716\P1H1\beta\beta16_12.R64,G:\My Drive\PhD\CAPTUR3D_personal\00 Progetti\CellTypeRecognition_DeepLearning\input\numpy files\0883_beta.npy
0884_beta,20210716,P1H1,1 mM,beta16,beta,G:\My Drive\PhD\CAPTUR3D_personal\00 Progetti\CellTypeRecognition_DeepLearning\input\R64 files\20210716\P1H1\beta\beta16_13.R64,G:\My Drive\PhD\CAPTUR3D_personal\00 Progetti\CellTypeRecognition_DeepLearning\input\numpy files\0884_beta.npy
0885_beta,20210716,P1H1,1 mM,beta16,beta,G:\My Drive\PhD\CAPTUR3D_personal\00 Progetti\CellTypeRecognition_DeepLearning\input\R64 files\20210716\P1H1\beta\beta16_14.R64,G:\My Drive\PhD\CAPTUR3D_personal\00 Progetti\CellTypeRecognition_DeepLearning\input\numpy files\0885_beta.npy
0886_beta,20210716,P1H1,1 mM,beta16,beta,G:\My Drive\PhD\CAPTUR3D_personal\00 Progetti\CellTypeRecognition_DeepLearning\input\R64 files\20210716\P1H1\beta\beta16_15.R64,G:\My Drive\PhD\CAPTUR3D_personal\00 Progetti\CellTypeRecognition_DeepLearning\input\numpy files\0886_beta.npy
0887_beta,20210716,P1H1,1 mM,beta16,beta,G:\My Drive\PhD\CAPTUR3D_personal\00 Progetti\CellTypeRecognition_DeepLearning\input\R64 files\20210716\P1H1\beta\beta16_16.R64,G:\My Drive\PhD\CAPTUR3D_personal\00 Progetti\CellTypeRecognition_DeepLearning\input\numpy files\0887_beta.npy
0888_beta,20210716,P1H1,1 mM,beta16,beta,G:\My Drive\PhD\CAPTUR3D_personal\00 Progetti\CellTypeRecognition_DeepLearning\input\R64 files\20210716\P1H1\beta\beta16_17.R64,G:\My Drive\PhD\CAPTUR3D_personal\00 Progetti\CellTypeRecognition_DeepLearning\input\numpy files\0888_beta.npy
0889_beta,20210716,P1H1,1 mM,beta16,beta,G:\My Drive\PhD\CAPTUR3D_personal\00 Progetti\CellTypeRecognition_DeepLearning\input\R64 files\20210716\P1H1\beta\beta16_18.R64,G:\My Drive\PhD\CAPTUR3D_personal\00 Progetti\CellTypeRecognition_DeepLearning\input\numpy files\0889_beta.npy
0890_beta,20210716,P1H1,1 mM,beta16,beta,G:\My Drive\PhD\CAPTUR3D_personal\00 Progetti\CellTypeRecognition_DeepLearning\input\R64 files\20210716\P1H1\beta\beta16_19.R64,G:\My Drive\PhD\CAPTUR3D_personal\00 Progetti\CellTypeRecognition_DeepLearning\input\numpy files\0890_beta.npy
0891_beta,20210716,P1H1,1 mM,beta16,beta,G:\My Drive\PhD\CAPTUR3D_personal\00 Progetti\CellTypeRecognition_DeepLearning\input\R64 files\20210716\P1H1\beta\beta16_20.R64,G:\My Drive\PhD\CAPTUR3D_personal\00 Progetti\CellTypeRecognition_DeepLearning\input\numpy files\0891_beta.npy
0892_beta,20210716,P1H1,1 mM,beta16,beta,G:\My Drive\PhD\CAPTUR3D_personal\00 Progetti\CellTypeRecognition_DeepLearning\input\R64 files\20210716\P1H1\beta\beta16_21.R64,G:\My Drive\PhD\CAPTUR3D_personal\00 Progetti\CellTypeRecognition_DeepLearning\input\numpy files\0892_beta.npy
0893_beta,20210716,P1H1,1 mM,beta16,beta,G:\My Drive\PhD\CAPTUR3D_personal\00 Progetti\CellTypeRecognition_DeepLearning\input\R64 files\20210716\P1H1\beta\beta16_22.R64,G:\My Drive\PhD\CAPTUR3D_personal\00 Progetti\CellTypeRecognition_DeepLearning\input\numpy files\0893_beta.npy
0894_alpha,20210716,P1H1,2 mM,alpha2,alpha,G:\My Drive\PhD\CAPTUR3D_personal\00 Progetti\CellTypeRecognition_DeepLearning\input\R64 files\20210716\P1H1\alpha\alpha2_1.R64,G:\My Drive\PhD\CAPTUR3D_personal\00 Progetti\CellTypeRecognition_DeepLearning\input\numpy files\0894_alpha.npy
0895_alpha,20210716,P1H1,2 mM,alpha2,alpha,G:\My Drive\PhD\CAPTUR3D_personal\00 Progetti\CellTypeRecognition_DeepLearning\input\R64 files\20210716\P1H1\alpha\alpha2_2.R64,G:\My Drive\PhD\CAPTUR3D_personal\00 Progetti\CellTypeRecognition_DeepLearning\input\numpy files\0895_alpha.npy
0896_alpha,20210716,P1H1,2 mM,alpha2,alpha,G:\My Drive\PhD\CAPTUR3D_personal\00 Progetti\CellTypeRecognition_DeepLearning\input\R64 files\20210716\P1H1\alpha\alpha2_3.R64,G:\My Drive\PhD\CAPTUR3D_personal\00 Progetti\CellTypeRecognition_DeepLearning\input\numpy files\0896_alpha.npy
0897_alpha,20210716,P1H1,2 mM,alpha2,alpha,G:\My Drive\PhD\CAPTUR3D_personal\00 Progetti\CellTypeRecognition_DeepLearning\input\R64 files\20210716\P1H1\alpha\alpha2_4.R64,G:\My Drive\PhD\CAPTUR3D_personal\00 Progetti\CellTypeRecognition_DeepLearning\input\numpy files\0897_alpha.npy
0898_alpha,20210716,P1H1,2 mM,alpha2,alpha,G:\My Drive\PhD\CAPTUR3D_personal\00 Progetti\CellTypeRecognition_DeepLearning\input\R64 files\20210716\P1H1\alpha\alpha2_5.R64,G:\My Drive\PhD\CAPTUR3D_personal\00 Progetti\CellTypeRecognition_DeepLearning\input\numpy files\0898_alpha.npy
0899_alpha,20210716,P1H1,2 mM,alpha2,alpha,G:\My Drive\PhD\CAPTUR3D_personal\00 Progetti\CellTypeRecognition_DeepLearning\input\R64 files\20210716\P1H1\alpha\alpha2_6.R64,G:\My Drive\PhD\CAPTUR3D_personal\00 Progetti\CellTypeRecognition_DeepLearning\input\numpy files\0899_alpha.npy
0900_alpha,20210716,P1H1,2 mM,alpha2,alpha,G:\My Drive\PhD\CAPTUR3D_personal\00 Progetti\CellTypeRecognition_DeepLearning\input\R64 files\20210716\P1H1\alpha\alpha2_7.R64,G:\My Drive\PhD\CAPTUR3D_personal\00 Progetti\CellTypeRecognition_DeepLearning\input\numpy files\0900_alpha.npy
0901_alpha,20210716,P1H1,2 mM,alpha2,alpha,G:\My Drive\PhD\CAPTUR3D_personal\00 Progetti\CellTypeRecognition_DeepLearning\input\R64 files\20210716\P1H1\alpha\alpha2_8.R64,G:\My Drive\PhD\CAPTUR3D_personal\00 Progetti\CellTypeRecognition_DeepLearning\input\numpy files\0901_alpha.npy
0902_alpha,20210716,P1H1,2 mM,alpha2,alpha,G:\My Drive\PhD\CAPTUR3D_personal\00 Progetti\CellTypeRecognition_DeepLearning\input\R64 files\20210716\P1H1\alpha\alpha2_9.R64,G:\My Drive\PhD\CAPTUR3D_personal\00 Progetti\CellTypeRecognition_DeepLearning\input\numpy files\0902_alpha.npy
0903_alpha,20210716,P1H1,2 mM,alpha2,alpha,G:\My Drive\PhD\CAPTUR3D_personal\00 Progetti\CellTypeRecognition_DeepLearning\input\R64 files\20210716\P1H1\alpha\alpha2_10.R64,G:\My Drive\PhD\CAPTUR3D_personal\00 Progetti\CellTypeRecognition_DeepLearning\input\numpy files\0903_alpha.npy
0904_alpha,20210716,P1H1,2 mM,alpha2,alpha,G:\My Drive\PhD\CAPTUR3D_personal\00 Progetti\CellTypeRecognition_DeepLearning\input\R64 files\20210716\P1H1\alpha\alpha2_11.R64,G:\My Drive\PhD\CAPTUR3D_personal\00 Progetti\CellTypeRecognition_DeepLearning\input\numpy files\0904_alpha.npy
0905_alpha,20210716,P1H1,2 mM,alpha2,alpha,G:\My Drive\PhD\CAPTUR3D_personal\00 Progetti\CellTypeRecognition_DeepLearning\input\R64 files\20210716\P1H1\alpha\alpha2_12.R64,G:\My Drive\PhD\CAPTUR3D_personal\00 Progetti\CellTypeRecognition_DeepLearning\input\numpy files\0905_alpha.npy
0906_alpha,20210716,P1H1,2 mM,alpha2,alpha,G:\My Drive\PhD\CAPTUR3D_personal\00 Progetti\CellTypeRecognition_DeepLearning\input\R64 files\20210716\P1H1\alpha\alpha2_13.R64,G:\My Drive\PhD\CAPTUR3D_personal\00 Progetti\CellTypeRecognition_DeepLearning\input\numpy files\0906_alpha.npy
0907_alpha,20210716,P1H1,2 mM,alpha2,alpha,G:\My Drive\PhD\CAPTUR3D_personal\00 Progetti\CellTypeRecognition_DeepLearning\input\R64 files\20210716\P1H1\alpha\alpha2_14.R64,G:\My Drive\PhD\CAPTUR3D_personal\00 Progetti\CellTypeRecognition_DeepLearning\input\numpy files\0907_alpha.npy
0908_alpha,20210716,P1H1,2 mM,alpha2,alpha,G:\My Drive\PhD\CAPTUR3D_personal\00 Progetti\CellTypeRecognition_DeepLearning\input\R64 files\20210716\P1H1\alpha\alpha2_15.R64,G:\My Drive\PhD\CAPTUR3D_personal\00 Progetti\CellTypeRecognition_DeepLearning\input\numpy files\0908_alpha.npy
0909_alpha,20210716,P1H1,2 mM,alpha2,alpha,G:\My Drive\PhD\CAPTUR3D_personal\00 Progetti\CellTypeRecognition_DeepLearning\input\R64 files\20210716\P1H1\alpha\alpha2_16.R64,G:\My Drive\PhD\CAPTUR3D_personal\00 Progetti\CellTypeRecognition_DeepLearning\input\numpy files\0909_alpha.npy
0910_alpha,20210716,P1H1,2 mM,alpha2,alpha,G:\My Drive\PhD\CAPTUR3D_personal\00 Progetti\CellTypeRecognition_DeepLearning\input\R64 files\20210716\P1H1\alpha\alpha2_17.R64,G:\My Drive\PhD\CAPTUR3D_personal\00 Progetti\CellTypeRecognition_DeepLearning\input\numpy files\0910_alpha.npy
0911_alpha,20210716,P1H1,2 mM,alpha2,alpha,G:\My Drive\PhD\CAPTUR3D_personal\00 Progetti\CellTypeRecognition_DeepLearning\input\R64 files\20210716\P1H1\alpha\alpha2_18.R64,G:\My Drive\PhD\CAPTUR3D_personal\00 Progetti\CellTypeRecognition_DeepLearning\input\numpy files\0911_alpha.npy
0912_alpha,20210716,P1H1,2 mM,alpha2,alpha,G:\My Drive\PhD\CAPTUR3D_personal\00 Progetti\CellTypeRecognition_DeepLearning\input\R64 files\20210716\P1H1\alpha\alpha2_19.R64,G:\My Drive\PhD\CAPTUR3D_personal\00 Progetti\CellTypeRecognition_DeepLearning\input\numpy files\0912_alpha.npy
0913_alpha,20210716,P1H1,2 mM,alpha2,alpha,G:\My Drive\PhD\CAPTUR3D_personal\00 Progetti\CellTypeRecognition_DeepLearning\input\R64 files\20210716\P1H1\alpha\alpha2_20.R64,G:\My Drive\PhD\CAPTUR3D_personal\00 Progetti\CellTypeRecognition_DeepLearning\input\numpy files\0913_alpha.npy
0914_alpha,20210716,P1H1,2 mM,alpha2,alpha,G:\My Drive\PhD\CAPTUR3D_personal\00 Progetti\CellTypeRecognition_DeepLearning\input\R64 files\20210716\P1H1\alpha\alpha2_21.R64,G:\My Drive\PhD\CAPTUR3D_personal\00 Progetti\CellTypeRecognition_DeepLearning\input\numpy files\0914_alpha.npy
0915_alpha,20210716,P1H1,2 mM,alpha2,alpha,G:\My Drive\PhD\CAPTUR3D_personal\00 Progetti\CellTypeRecognition_DeepLearning\input\R64 files\20210716\P1H1\alpha\alpha2_22.R64,G:\My Drive\PhD\CAPTUR3D_personal\00 Progetti\CellTypeRecognition_DeepLearning\input\numpy files\0915_alpha.npy
0916_alpha,20210716,P1H1,2 mM,alpha2,alpha,G:\My Drive\PhD\CAPTUR3D_personal\00 Progetti\CellTypeRecognition_DeepLearning\input\R64 files\20210716\P1H1\alpha\alpha2_23.R64,G:\My Drive\PhD\CAPTUR3D_personal\00 Progetti\CellTypeRecognition_DeepLearning\input\numpy files\0916_alpha.npy
0917_alpha,20210716,P1H1,2 mM,alpha2,alpha,G:\My Drive\PhD\CAPTUR3D_personal\00 Progetti\CellTypeRecognition_DeepLearning\input\R64 files\20210716\P1H1\alpha\alpha2_24.R64,G:\My Drive\PhD\CAPTUR3D_personal\00 Progetti\CellTypeRecognition_DeepLearning\input\numpy files\0917_alpha.npy
0918_alpha,20210716,P1H1,2 mM,alpha2,alpha,G:\My Drive\PhD\CAPTUR3D_personal\00 Progetti\CellTypeRecognition_DeepLearning\input\R64 files\20210716\P1H1\alpha\alpha2_25.R64,G:\My Drive\PhD\CAPTUR3D_personal\00 Progetti\CellTypeRecognition_DeepLearning\input\numpy files\0918_alpha.npy
0919_alpha,20210716,P1H1,2 mM,alpha2,alpha,G:\My Drive\PhD\CAPTUR3D_personal\00 Progetti\CellTypeRecognition_DeepLearning\input\R64 files\20210716\P1H1\alpha\alpha2_26.R64,G:\My Drive\PhD\CAPTUR3D_personal\00 Progetti\CellTypeRecognition_DeepLearning\input\numpy files\0919_alpha.npy
0920_alpha,20210716,P1H1,2 mM,alpha2,alpha,G:\My Drive\PhD\CAPTUR3D_personal\00 Progetti\CellTypeRecognition_DeepLearning\input\R64 files\20210716\P1H1\alpha\alpha2_27.R64,G:\My Drive\PhD\CAPTUR3D_personal\00 Progetti\CellTypeRecognition_DeepLearning\input\numpy files\0920_alpha.npy
0921_alpha,20210716,P1H1,2 mM,alpha2,alpha,G:\My Drive\PhD\CAPTUR3D_personal\00 Progetti\CellTypeRecognition_DeepLearning\input\R64 files\20210716\P1H1\alpha\alpha2_28.R64,G:\My Drive\PhD\CAPTUR3D_personal\00 Progetti\CellTypeRecognition_DeepLearning\input\numpy files\0921_alpha.npy
0922_alpha,20210716,P1H1,1 mM,alpha16,alpha,G:\My Drive\PhD\CAPTUR3D_personal\00 Progetti\CellTypeRecognition_DeepLearning\input\R64 files\20210716\P1H1\alpha\alpha16_1.R64,G:\My Drive\PhD\CAPTUR3D_personal\00 Progetti\CellTypeRecognition_DeepLearning\input\numpy files\0922_alpha.npy
0923_alpha,20210716,P1H1,1 mM,alpha16,alpha,G:\My Drive\PhD\CAPTUR3D_personal\00 Progetti\CellTypeRecognition_DeepLearning\input\R64 files\20210716\P1H1\alpha\alpha16_2.R64,G:\My Drive\PhD\CAPTUR3D_personal\00 Progetti\CellTypeRecognition_DeepLearning\input\numpy files\0923_alpha.npy
0924_alpha,20210716,P1H1,1 mM,alpha16,alpha,G:\My Drive\PhD\CAPTUR3D_personal\00 Progetti\CellTypeRecognition_DeepLearning\input\R64 files\20210716\P1H1\alpha\alpha16_3.R64,G:\My Drive\PhD\CAPTUR3D_personal\00 Progetti\CellTypeRecognition_DeepLearning\input\numpy files\0924_alpha.npy
0925_alpha,20210716,P1H1,1 mM,alpha16,alpha,G:\My Drive\PhD\CAPTUR3D_personal\00 Progetti\CellTypeRecognition_DeepLearning\input\R64 files\20210716\P1H1\alpha\alpha16_4.R64,G:\My Drive\PhD\CAPTUR3D_personal\00 Progetti\CellTypeRecognition_DeepLearning\input\numpy files\0925_alpha.npy
0926_alpha,20210716,P1H1,1 mM,alpha16,alpha,G:\My Drive\PhD\CAPTUR3D_personal\00 Progetti\CellTypeRecognition_DeepLearning\input\R64 files\20210716\P1H1\alpha\alpha16_5.R64,G:\My Drive\PhD\CAPTUR3D_personal\00 Progetti\CellTypeRecognition_DeepLearning\input\numpy files\0926_alpha.npy
0927_alpha,20210716,P1H1,1 mM,alpha16,alpha,G:\My Drive\PhD\CAPTUR3D_personal\00 Progetti\CellTypeRecognition_DeepLearning\input\R64 files\20210716\P1H1\alpha\alpha16_6.R64,G:\My Drive\PhD\CAPTUR3D_personal\00 Progetti\CellTypeRecognition_DeepLearning\input\numpy files\0927_alpha.npy
0928_alpha,20210716,P1H1,1 mM,alpha16,alpha,G:\My Drive\PhD\CAPTUR3D_personal\00 Progetti\CellTypeRecognition_DeepLearning\input\R64 files\20210716\P1H1\alpha\alpha16_7.R64,G:\My Drive\PhD\CAPTUR3D_personal\00 Progetti\CellTypeRecognition_DeepLearning\input\numpy files\0928_alpha.npy
0929_alpha,20210716,P1H1,1 mM,alpha16,alpha,G:\My Drive\PhD\CAPTUR3D_personal\00 Progetti\CellTypeRecognition_DeepLearning\input\R64 files\20210716\P1H1\alpha\alpha16_8.R64,G:\My Drive\PhD\CAPTUR3D_personal\00 Progetti\CellTypeRecognition_DeepLearning\input\numpy files\0929_alpha.npy
0930_alpha,20210716,P1H1,1 mM,alpha16,alpha,G:\My Drive\PhD\CAPTUR3D_personal\00 Progetti\CellTypeRecognition_DeepLearning\input\R64 files\20210716\P1H1\alpha\alpha16_9.R64,G:\My Drive\PhD\CAPTUR3D_personal\00 Progetti\CellTypeRecognition_DeepLearning\input\numpy files\0930_alpha.npy
0931_alpha,20210716,P1H1,1 mM,alpha16,alpha,G:\My Drive\PhD\CAPTUR3D_personal\00 Progetti\CellTypeRecognition_DeepLearning\input\R64 files\20210716\P1H1\alpha\alpha16_10.R64,G:\My Drive\PhD\CAPTUR3D_personal\00 Progetti\CellTypeRecognition_DeepLearning\input\numpy files\0931_alpha.npy
0932_alpha,20210716,P1H1,1 mM,alpha16,alpha,G:\My Drive\PhD\CAPTUR3D_personal\00 Progetti\CellTypeRecognition_DeepLearning\input\R64 files\20210716\P1H1\alpha\alpha16_11.R64,G:\My Drive\PhD\CAPTUR3D_personal\00 Progetti\CellTypeRecognition_DeepLearning\input\numpy files\0932_alpha.npy
0933_alpha,20210716,P1H1,1 mM,alpha16,alpha,G:\My Drive\PhD\CAPTUR3D_personal\00 Progetti\CellTypeRecognition_DeepLearning\input\R64 files\20210716\P1H1\alpha\alpha16_12.R64,G:\My Drive\PhD\CAPTUR3D_personal\00 Progetti\CellTypeRecognition_DeepLearning\input\numpy files\0933_alpha.npy
0934_alpha,20210716,P1H1,1 mM,alpha16,alpha,G:\My Drive\PhD\CAPTUR3D_personal\00 Progetti\CellTypeRecognition_DeepLearning\input\R64 files\20210716\P1H1\alpha\alpha16_13.R64,G:\My Drive\PhD\CAPTUR3D_personal\00 Progetti\CellTypeRecognition_DeepLearning\input\numpy files\0934_alpha.npy
0935_alpha,20210716,P1H1,1 mM,alpha16,alpha,G:\My Drive\PhD\CAPTUR3D_personal\00 Progetti\CellTypeRecognition_DeepLearning\input\R64 files\20210716\P1H1\alpha\alpha16_14.R64,G:\My Drive\PhD\CAPTUR3D_personal\00 Progetti\CellTypeRecognition_DeepLearning\input\numpy files\0935_alpha.npy
0936_alpha,20210716,P1H1,1 mM,alpha16,alpha,G:\My Drive\PhD\CAPTUR3D_personal\00 Progetti\CellTypeRecognition_DeepLearning\input\R64 files\20210716\P1H1\alpha\alpha16_15.R64,G:\My Drive\PhD\CAPTUR3D_personal\00 Progetti\CellTypeRecognition_DeepLearning\input\numpy files\0936_alpha.npy
0937_alpha,20210716,P1H1,1 mM,alpha16,alpha,G:\My Drive\PhD\CAPTUR3D_personal\00 Progetti\CellTypeRecognition_DeepLearning\input\R64 files\20210716\P1H1\alpha\alpha16_16.R64,G:\My Drive\PhD\CAPTUR3D_personal\00 Progetti\CellTypeRecognition_DeepLearning\input\numpy files\0937_alpha.npy
0938_alpha,20210716,P1H1,1 mM,alpha16,alpha,G:\My Drive\PhD\CAPTUR3D_personal\00 Progetti\CellTypeRecognition_DeepLearning\input\R64 files\20210716\P1H1\alpha\alpha16_17.R64,G:\My Drive\PhD\CAPTUR3D_personal\00 Progetti\CellTypeRecognition_DeepLearning\input\numpy files\0938_alpha.npy
0939_alpha,20210716,P1H1,1 mM,alpha16,alpha,G:\My Drive\PhD\CAPTUR3D_personal\00 Progetti\CellTypeRecognition_DeepLearning\input\R64 files\20210716\P1H1\alpha\alpha16_18.R64,G:\My Drive\PhD\CAPTUR3D_personal\00 Progetti\CellTypeRecognition_DeepLearning\input\numpy files\0939_alpha.npy
0940_alpha,20210716,P1H1,1 mM,alpha16,alpha,G:\My Drive\PhD\CAPTUR3D_personal\00 Progetti\CellTypeRecognition_DeepLearning\input\R64 files\20210716\P1H1\alpha\alpha16_19.R64,G:\My Drive\PhD\CAPTUR3D_personal\00 Progetti\CellTypeRecognition_DeepLearning\input\numpy files\0940_alpha.npy
0941_alpha,20210716,P1H1,1 mM,alpha16,alpha,G:\My Drive\PhD\CAPTUR3D_personal\00 Progetti\CellTypeRecognition_DeepLearning\input\R64 files\20210716\P1H1\alpha\alpha16_20.R64,G:\My Drive\PhD\CAPTUR3D_personal\00 Progetti\CellTypeRecognition_DeepLearning\input\numpy files\0941_alpha.npy
0942_alpha,20210716,P1H1,1 mM,alpha16,alpha,G:\My Drive\PhD\CAPTUR3D_personal\00 Progetti\CellTypeRecognition_DeepLearning\input\R64 files\20210716\P1H1\alpha\alpha16_21.R64,G:\My Drive\PhD\CAPTUR3D_personal\00 Progetti\CellTypeRecognition_DeepLearning\input\numpy files\0942_alpha.npy
0943_alpha,20210716,P1H1,1 mM,alpha16,alpha,G:\My Drive\PhD\CAPTUR3D_personal\00 Progetti\CellTypeRecognition_DeepLearning\input\R64 files\20210716\P1H1\alpha\alpha16_22.R64,G:\My Drive\PhD\CAPTUR3D_personal\00 Progetti\CellTypeRecognition_DeepLearning\input\numpy files\0943_alpha.npy
0944_alpha,20210716,P1H1,1 mM,alpha16,alpha,G:\My Drive\PhD\CAPTUR3D_personal\00 Progetti\CellTypeRecognition_DeepLearning\input\R64 files\20210716\P1H1\alpha\alpha16_23.R64,G:\My Drive\PhD\CAPTUR3D_personal\00 Progetti\CellTypeRecognition_DeepLearning\input\numpy files\0944_alpha.npy
0945_alpha,20210716,P1H1,1 mM,alpha16,alpha,G:\My Drive\PhD\CAPTUR3D_personal\00 Progetti\CellTypeRecognition_DeepLearning\input\R64 files\20210716\P1H1\alpha\alpha16_24.R64,G:\My Drive\PhD\CAPTUR3D_personal\00 Progetti\CellTypeRecognition_DeepLearning\input\numpy files\0945_alpha.npy
0946_alpha,20210716,P1H1,1 mM,alpha16,alpha,G:\My Drive\PhD\CAPTUR3D_personal\00 Progetti\CellTypeRecognition_DeepLearning\input\R64 files\20210716\P1H1\alpha\alpha16_25.R64,G:\My Drive\PhD\CAPTUR3D_personal\00 Progetti\CellTypeRecognition_DeepLearning\input\numpy files\0946_alpha.npy
0947_alpha,20210716,P1H1,1 mM,alpha16,alpha,G:\My Drive\PhD\CAPTUR3D_personal\00 Progetti\CellTypeRecognition_DeepLearning\input\R64 files\20210716\P1H1\alpha\alpha16_26.R64,G:\My Drive\PhD\CAPTUR3D_personal\00 Progetti\CellTypeRecognition_DeepLearning\input\numpy files\0947_alpha.npy
0948_alpha,20210716,P1H1,1 mM,alpha16,alpha,G:\My Drive\PhD\CAPTUR3D_personal\00 Progetti\CellTypeRecognition_DeepLearning\input\R64 files\20210716\P1H1\alpha\alpha16_27.R64,G:\My Drive\PhD\CAPTUR3D_personal\00 Progetti\CellTypeRecognition_DeepLearning\input\numpy files\0948_alpha.npy
0949_alpha,20210716,P1H1,1 mM,alpha16,alpha,G:\My Drive\PhD\CAPTUR3D_personal\00 Progetti\CellTypeRecognition_DeepLearning\input\R64 files\20210716\P1H1\alpha\alpha16_28.R64,G:\My Drive\PhD\CAPTUR3D_personal\00 Progetti\CellTypeRecognition_DeepLearning\input\numpy files\0949_alpha.npy
0950_beta,20210716,P1H2,2 mM,beta2,beta,G:\My Drive\PhD\CAPTUR3D_personal\00 Progetti\CellTypeRecognition_DeepLearning\input\R64 files\20210716\P1H2\beta\beta2_1.R64,G:\My Drive\PhD\CAPTUR3D_personal\00 Progetti\CellTypeRecognition_DeepLearning\input\numpy files\0950_beta.npy
0951_beta,20210716,P1H2,2 mM,beta2,beta,G:\My Drive\PhD\CAPTUR3D_personal\00 Progetti\CellTypeRecognition_DeepLearning\input\R64 files\20210716\P1H2\beta\beta2_2.R64,G:\My Drive\PhD\CAPTUR3D_personal\00 Progetti\CellTypeRecognition_DeepLearning\input\numpy files\0951_beta.npy
0952_beta,20210716,P1H2,2 mM,beta2,beta,G:\My Drive\PhD\CAPTUR3D_personal\00 Progetti\CellTypeRecognition_DeepLearning\input\R64 files\20210716\P1H2\beta\beta2_3.R64,G:\My Drive\PhD\CAPTUR3D_personal\00 Progetti\CellTypeRecognition_DeepLearning\input\numpy files\0952_beta.npy
0953_beta,20210716,P1H2,2 mM,beta2,beta,G:\My Drive\PhD\CAPTUR3D_personal\00 Progetti\CellTypeRecognition_DeepLearning\input\R64 files\20210716\P1H2\beta\beta2_4.R64,G:\My Drive\PhD\CAPTUR3D_personal\00 Progetti\CellTypeRecognition_DeepLearning\input\numpy files\0953_beta.npy
0954_beta,20210716,P1H2,2 mM,beta2,beta,G:\My Drive\PhD\CAPTUR3D_personal\00 Progetti\CellTypeRecognition_DeepLearning\input\R64 files\20210716\P1H2\beta\beta2_5.R64,G:\My Drive\PhD\CAPTUR3D_personal\00 Progetti\CellTypeRecognition_DeepLearning\input\numpy files\0954_beta.npy
0955_beta,20210716,P1H2,2 mM,beta2,beta,G:\My Drive\PhD\CAPTUR3D_personal\00 Progetti\CellTypeRecognition_DeepLearning\input\R64 files\20210716\P1H2\beta\beta2_6.R64,G:\My Drive\PhD\CAPTUR3D_personal\00 Progetti\CellTypeRecognition_DeepLearning\input\numpy files\0955_beta.npy
0956_beta,20210716,P1H2,2 mM,beta2,beta,G:\My Drive\PhD\CAPTUR3D_personal\00 Progetti\CellTypeRecognition_DeepLearning\input\R64 files\20210716\P1H2\beta\beta2_7.R64,G:\My Drive\PhD\CAPTUR3D_personal\00 Progetti\CellTypeRecognition_DeepLearning\input\numpy files\0956_beta.npy
0957_beta,20210716,P1H2,2 mM,beta2,beta,G:\My Drive\PhD\CAPTUR3D_personal\00 Progetti\CellTypeRecognition_DeepLearning\input\R64 files\20210716\P1H2\beta\beta2_8.R64,G:\My Drive\PhD\CAPTUR3D_personal\00 Progetti\CellTypeRecognition_DeepLearning\input\numpy files\0957_beta.npy
0958_beta,20210716,P1H2,2 mM,beta2,beta,G:\My Drive\PhD\CAPTUR3D_personal\00 Progetti\CellTypeRecognition_DeepLearning\input\R64 files\20210716\P1H2\beta\beta2_9.R64,G:\My Drive\PhD\CAPTUR3D_personal\00 Progetti\CellTypeRecognition_DeepLearning\input\numpy files\0958_beta.npy
0959_beta,20210716,P1H2,2 mM,beta2,beta,G:\My Drive\PhD\CAPTUR3D_personal\00 Progetti\CellTypeRecognition_DeepLearning\input\R64 files\20210716\P1H2\beta\beta2_10.R64,G:\My Drive\PhD\CAPTUR3D_personal\00 Progetti\CellTypeRecognition_DeepLearning\input\numpy files\0959_beta.npy
0960_beta,20210716,P1H2,2 mM,beta2,beta,G:\My Drive\PhD\CAPTUR3D_personal\00 Progetti\CellTypeRecognition_DeepLearning\input\R64 files\20210716\P1H2\beta\beta2_11.R64,G:\My Drive\PhD\CAPTUR3D_personal\00 Progetti\CellTypeRecognition_DeepLearning\input\numpy files\0960_beta.npy
0961_beta,20210716,P1H2,2 mM,beta2,beta,G:\My Drive\PhD\CAPTUR3D_personal\00 Progetti\CellTypeRecognition_DeepLearning\input\R64 files\20210716\P1H2\beta\beta2_12.R64,G:\My Drive\PhD\CAPTUR3D_personal\00 Progetti\CellTypeRecognition_DeepLearning\input\numpy files\0961_beta.npy
0962_beta,20210716,P1H2,2 mM,beta2,beta,G:\My Drive\PhD\CAPTUR3D_personal\00 Progetti\CellTypeRecognition_DeepLearning\input\R64 files\20210716\P1H2\beta\beta2_13.R64,G:\My Drive\PhD\CAPTUR3D_personal\00 Progetti\CellTypeRecognition_DeepLearning\input\numpy files\0962_beta.npy
0963_beta,20210716,P1H2,2 mM,beta2,beta,G:\My Drive\PhD\CAPTUR3D_personal\00 Progetti\CellTypeRecognition_DeepLearning\input\R64 files\20210716\P1H2\beta\beta2_14.R64,G:\My Drive\PhD\CAPTUR3D_personal\00 Progetti\CellTypeRecognition_DeepLearning\input\numpy files\0963_beta.npy
0964_beta,20210716,P1H2,2 mM,beta2,beta,G:\My Drive\PhD\CAPTUR3D_personal\00 Progetti\CellTypeRecognition_DeepLearning\input\R64 files\20210716\P1H2\beta\beta2_15.R64,G:\My Drive\PhD\CAPTUR3D_personal\00 Progetti\CellTypeRecognition_DeepLearning\input\numpy files\0964_beta.npy
0965_beta,20210716,P1H2,2 mM,beta2,beta,G:\My Drive\PhD\CAPTUR3D_personal\00 Progetti\CellTypeRecognition_DeepLearning\input\R64 files\20210716\P1H2\beta\beta2_16.R64,G:\My Drive\PhD\CAPTUR3D_personal\00 Progetti\CellTypeRecognition_DeepLearning\input\numpy files\0965_beta.npy
0966_beta,20210716,P1H2,2 mM,beta2,beta,G:\My Drive\PhD\CAPTUR3D_personal\00 Progetti\CellTypeRecognition_DeepLearning\input\R64 files\20210716\P1H2\beta\beta2_17.R64,G:\My Drive\PhD\CAPTUR3D_personal\00 Progetti\CellTypeRecognition_DeepLearning\input\numpy files\0966_beta.npy
0967_beta,20210716,P1H2,2 mM,beta2,beta,G:\My Drive\PhD\CAPTUR3D_personal\00 Progetti\CellTypeRecognition_DeepLearning\input\R64 files\20210716\P1H2\beta\beta2_18.R64,G:\My Drive\PhD\CAPTUR3D_personal\00 Progetti\CellTypeRecognition_DeepLearning\input\numpy files\0967_beta.npy
0968_beta,20210716,P1H2,2 mM,beta2,beta,G:\My Drive\PhD\CAPTUR3D_personal\00 Progetti\CellTypeRecognition_DeepLearning\input\R64 files\20210716\P1H2\beta\beta2_19.R64,G:\My Drive\PhD\CAPTUR3D_personal\00 Progetti\CellTypeRecognition_DeepLearning\input\numpy files\0968_beta.npy
0969_beta,20210716,P1H2,2 mM,beta2,beta,G:\My Drive\PhD\CAPTUR3D_personal\00 Progetti\CellTypeRecognition_DeepLearning\input\R64 files\20210716\P1H2\beta\beta2_20.R64,G:\My Drive\PhD\CAPTUR3D_personal\00 Progetti\CellTypeRecognition_DeepLearning\input\numpy files\0969_beta.npy
0970_beta,20210716,P1H2,2 mM,beta2,beta,G:\My Drive\PhD\CAPTUR3D_personal\00 Progetti\CellTypeRecognition_DeepLearning\input\R64 files\20210716\P1H2\beta\beta2_21.R64,G:\My Drive\PhD\CAPTUR3D_personal\00 Progetti\CellTypeRecognition_DeepLearning\input\numpy files\0970_beta.npy
0971_beta,20210716,P1H2,2 mM,beta2,beta,G:\My Drive\PhD\CAPTUR3D_personal\00 Progetti\CellTypeRecognition_DeepLearning\input\R64 files\20210716\P1H2\beta\beta2_22.R64,G:\My Drive\PhD\CAPTUR3D_personal\00 Progetti\CellTypeRecognition_DeepLearning\input\numpy files\0971_beta.npy
0972_beta,20210716,P1H2,2 mM,beta2,beta,G:\My Drive\PhD\CAPTUR3D_personal\00 Progetti\CellTypeRecognition_DeepLearning\input\R64 files\20210716\P1H2\beta\beta2_23.R64,G:\My Drive\PhD\CAPTUR3D_personal\00 Progetti\CellTypeRecognition_DeepLearning\input\numpy files\0972_beta.npy
0973_beta,20210716,P1H2,2 mM,beta2,beta,G:\My Drive\PhD\CAPTUR3D_personal\00 Progetti\CellTypeRecognition_DeepLearning\input\R64 files\20210716\P1H2\beta\beta2_24.R64,G:\My Drive\PhD\CAPTUR3D_personal\00 Progetti\CellTypeRecognition_DeepLearning\input\numpy files\0973_beta.npy
0974_beta,20210716,P1H2,2 mM,beta2,beta,G:\My Drive\PhD\CAPTUR3D_personal\00 Progetti\CellTypeRecognition_DeepLearning\input\R64 files\20210716\P1H2\beta\beta2_25.R64,G:\My Drive\PhD\CAPTUR3D_personal\00 Progetti\CellTypeRecognition_DeepLearning\input\numpy files\0974_beta.npy
0975_beta,20210716,P1H2,2 mM,beta2,beta,G:\My Drive\PhD\CAPTUR3D_personal\00 Progetti\CellTypeRecognition_DeepLearning\input\R64 files\20210716\P1H2\beta\beta2_26.R64,G:\My Drive\PhD\CAPTUR3D_personal\00 Progetti\CellTypeRecognition_DeepLearning\input\numpy files\0975_beta.npy
0976_beta,20210716,P1H2,2 mM,beta2,beta,G:\My Drive\PhD\CAPTUR3D_personal\00 Progetti\CellTypeRecognition_DeepLearning\input\R64 files\20210716\P1H2\beta\beta2_27.R64,G:\My Drive\PhD\CAPTUR3D_personal\00 Progetti\CellTypeRecognition_DeepLearning\input\numpy files\0976_beta.npy
0977_beta,20210716,P1H2,2 mM,beta2,beta,G:\My Drive\PhD\CAPTUR3D_personal\00 Progetti\CellTypeRecognition_DeepLearning\input\R64 files\20210716\P1H2\beta\beta2_28.R64,G:\My Drive\PhD\CAPTUR3D_personal\00 Progetti\CellTypeRecognition_DeepLearning\input\numpy files\0977_beta.npy
0978_beta,20210716,P1H2,2 mM,beta2,beta,G:\My Drive\PhD\CAPTUR3D_personal\00 Progetti\CellTypeRecognition_DeepLearning\input\R64 files\20210716\P1H2\beta\beta2_29.R64,G:\My Drive\PhD\CAPTUR3D_personal\00 Progetti\CellTypeRecognition_DeepLearning\input\numpy files\0978_beta.npy
0979_beta,20210716,P1H2,2 mM,beta2,beta,G:\My Drive\PhD\CAPTUR3D_personal\00 Progetti\CellTypeRecognition_DeepLearning\input\R64 files\20210716\P1H2\beta\beta2_30.R64,G:\My Drive\PhD\CAPTUR3D_personal\00 Progetti\CellTypeRecognition_DeepLearning\input\numpy files\0979_beta.npy
0980_beta,20210716,P1H2,2 mM,beta2,beta,G:\My Drive\PhD\CAPTUR3D_personal\00 Progetti\CellTypeRecognition_DeepLearning\input\R64 files\20210716\P1H2\beta\beta2_31.R64,G:\My Drive\PhD\CAPTUR3D_personal\00 Progetti\CellTypeRecognition_DeepLearning\input\numpy files\0980_beta.npy
0981_beta,20210716,P1H2,2 mM,beta2,beta,G:\My Drive\PhD\CAPTUR3D_personal\00 Progetti\CellTypeRecognition_DeepLearning\input\R64 files\20210716\P1H2\beta\beta2_32.R64,G:\My Drive\PhD\CAPTUR3D_personal\00 Progetti\CellTypeRecognition_DeepLearning\input\numpy files\0981_beta.npy
0982_beta,20210716,P1H2,2 mM,beta2,beta,G:\My Drive\PhD\CAPTUR3D_personal\00 Progetti\CellTypeRecognition_DeepLearning\input\R64 files\20210716\P1H2\beta\beta2_33.R64,G:\My Drive\PhD\CAPTUR3D_personal\00 Progetti\CellTypeRecognition_DeepLearning\input\numpy files\0982_beta.npy
0983_beta,20210716,P1H2,2 mM,beta2,beta,G:\My Drive\PhD\CAPTUR3D_personal\00 Progetti\CellTypeRecognition_DeepLearning\input\R64 files\20210716\P1H2\beta\beta2_34.R64,G:\My Drive\PhD\CAPTUR3D_personal\00 Progetti\CellTypeRecognition_DeepLearning\input\numpy files\0983_beta.npy
0984_beta,20210716,P1H2,2 mM,beta2,beta,G:\My Drive\PhD\CAPTUR3D_personal\00 Progetti\CellTypeRecognition_DeepLearning\input\R64 files\20210716\P1H2\beta\beta2_35.R64,G:\My Drive\PhD\CAPTUR3D_personal\00 Progetti\CellTypeRecognition_DeepLearning\input\numpy files\0984_beta.npy
0985_beta,20210716,P1H2,2 mM,beta2,beta,G:\My Drive\PhD\CAPTUR3D_personal\00 Progetti\CellTypeRecognition_DeepLearning\input\R64 files\20210716\P1H2\beta\beta2_36.R64,G:\My Drive\PhD\CAPTUR3D_personal\00 Progetti\CellTypeRecognition_DeepLearning\input\numpy files\0985_beta.npy
0986_beta,20210716,P1H2,2 mM,beta2,beta,G:\My Drive\PhD\CAPTUR3D_personal\00 Progetti\CellTypeRecognition_DeepLearning\input\R64 files\20210716\P1H2\beta\beta2_37.R64,G:\My Drive\PhD\CAPTUR3D_personal\00 Progetti\CellTypeRecognition_DeepLearning\input\numpy files\0986_beta.npy
0987_beta,20210716,P1H2,2 mM,beta2,beta,G:\My Drive\PhD\CAPTUR3D_personal\00 Progetti\CellTypeRecognition_DeepLearning\input\R64 files\20210716\P1H2\beta\beta2_38.R64,G:\My Drive\PhD\CAPTUR3D_personal\00 Progetti\CellTypeRecognition_DeepLearning\input\numpy files\0987_beta.npy
0988_beta,20210716,P1H2,2 mM,beta2,beta,G:\My Drive\PhD\CAPTUR3D_personal\00 Progetti\CellTypeRecognition_DeepLearning\input\R64 files\20210716\P1H2\beta\beta2_39.R64,G:\My Drive\PhD\CAPTUR3D_personal\00 Progetti\CellTypeRecognition_DeepLearning\input\numpy files\0988_beta.npy
0989_beta,20210716,P1H2,2 mM,beta2,beta,G:\My Drive\PhD\CAPTUR3D_personal\00 Progetti\CellTypeRecognition_DeepLearning\input\R64 files\20210716\P1H2\beta\beta2_40.R64,G:\My Drive\PhD\CAPTUR3D_personal\00 Progetti\CellTypeRecognition_DeepLearning\input\numpy files\0989_beta.npy
0990_beta,20210716,P1H2,2 mM,beta2,beta,G:\My Drive\PhD\CAPTUR3D_personal\00 Progetti\CellTypeRecognition_DeepLearning\input\R64 files\20210716\P1H2\beta\beta2_41.R64,G:\My Drive\PhD\CAPTUR3D_personal\00 Progetti\CellTypeRecognition_DeepLearning\input\numpy files\0990_beta.npy
0991_beta,20210716,P1H2,2 mM,beta2,beta,G:\My Drive\PhD\CAPTUR3D_personal\00 Progetti\CellTypeRecognition_DeepLearning\input\R64 files\20210716\P1H2\beta\beta2_42.R64,G:\My Drive\PhD\CAPTUR3D_personal\00 Progetti\CellTypeRecognition_DeepLearning\input\numpy files\0991_beta.npy
0992_beta,20210716,P1H2,2 mM,beta2,beta,G:\My Drive\PhD\CAPTUR3D_personal\00 Progetti\CellTypeRecognition_DeepLearning\input\R64 files\20210716\P1H2\beta\beta2_43.R64,G:\My Drive\PhD\CAPTUR3D_personal\00 Progetti\CellTypeRecognition_DeepLearning\input\numpy files\0992_beta.npy
0993_beta,20210716,P1H2,2 mM,beta2,beta,G:\My Drive\PhD\CAPTUR3D_personal\00 Progetti\CellTypeRecognition_DeepLearning\input\R64 files\20210716\P1H2\beta\beta2_44.R64,G:\My Drive\PhD\CAPTUR3D_personal\00 Progetti\CellTypeRecognition_DeepLearning\input\numpy files\0993_beta.npy
0994_beta,20210716,P1H2,2 mM,beta2,beta,G:\My Drive\PhD\CAPTUR3D_personal\00 Progetti\CellTypeRecognition_DeepLearning\input\R64 files\20210716\P1H2\beta\beta2_45.R64,G:\My Drive\PhD\CAPTUR3D_personal\00 Progetti\CellTypeRecognition_DeepLearning\input\numpy files\0994_beta.npy
0995_beta,20210716,P1H2,2 mM,beta2,beta,G:\My Drive\PhD\CAPTUR3D_personal\00 Progetti\CellTypeRecognition_DeepLearning\input\R64 files\20210716\P1H2\beta\beta2_46.R64,G:\My Drive\PhD\CAPTUR3D_personal\00 Progetti\CellTypeRecognition_DeepLearning\input\numpy files\0995_beta.npy
0996_beta,20210716,P1H2,2 mM,beta2,beta,G:\My Drive\PhD\CAPTUR3D_personal\00 Progetti\CellTypeRecognition_DeepLearning\input\R64 files\20210716\P1H2\beta\beta2_47.R64,G:\My Drive\PhD\CAPTUR3D_personal\00 Progetti\CellTypeRecognition_DeepLearning\input\numpy files\0996_beta.npy
0997_beta,20210716,P1H2,2 mM,beta2,beta,G:\My Drive\PhD\CAPTUR3D_personal\00 Progetti\CellTypeRecognition_DeepLearning\input\R64 files\20210716\P1H2\beta\beta2_48.R64,G:\My Drive\PhD\CAPTUR3D_personal\00 Progetti\CellTypeRecognition_DeepLearning\input\numpy files\0997_beta.npy
0998_beta,20210716,P1H2,2 mM,beta2,beta,G:\My Drive\PhD\CAPTUR3D_personal\00 Progetti\CellTypeRecognition_DeepLearning\input\R64 files\20210716\P1H2\beta\beta2_49.R64,G:\My Drive\PhD\CAPTUR3D_personal\00 Progetti\CellTypeRecognition_DeepLearning\input\numpy files\0998_beta.npy
0999_beta,20210716,P1H2,2 mM,beta2,beta,G:\My Drive\PhD\CAPTUR3D_personal\00 Progetti\CellTypeRecognition_DeepLearning\input\R64 files\20210716\P1H2\beta\beta2_50.R64,G:\My Drive\PhD\CAPTUR3D_personal\00 Progetti\CellTypeRecognition_DeepLearning\input\numpy files\0999_beta.npy
1000_beta,20210716,P1H2,2 mM,beta2,beta,G:\My Drive\PhD\CAPTUR3D_personal\00 Progetti\CellTypeRecognition_DeepLearning\input\R64 files\20210716\P1H2\beta\beta2_51.R64,G:\My Drive\PhD\CAPTUR3D_personal\00 Progetti\CellTypeRecognition_DeepLearning\input\numpy files\1000_beta.npy
1001_beta,20210716,P1H2,2 mM,beta2,beta,G:\My Drive\PhD\CAPTUR3D_personal\00 Progetti\CellTypeRecognition_DeepLearning\input\R64 files\20210716\P1H2\beta\beta2_52.R64,G:\My Drive\PhD\CAPTUR3D_personal\00 Progetti\CellTypeRecognition_DeepLearning\input\numpy files\1001_beta.npy
1002_beta,20210716,P1H2,2 mM,beta2,beta,G:\My Drive\PhD\CAPTUR3D_personal\00 Progetti\CellTypeRecognition_DeepLearning\input\R64 files\20210716\P1H2\beta\beta2_53.R64,G:\My Drive\PhD\CAPTUR3D_personal\00 Progetti\CellTypeRecognition_DeepLearning\input\numpy files\1002_beta.npy
1003_beta,20210716,P1H2,2 mM,beta2,beta,G:\My Drive\PhD\CAPTUR3D_personal\00 Progetti\CellTypeRecognition_DeepLearning\input\R64 files\20210716\P1H2\beta\beta2_54.R64,G:\My Drive\PhD\CAPTUR3D_personal\00 Progetti\CellTypeRecognition_DeepLearning\input\numpy files\1003_beta.npy
1004_beta,20210716,P1H2,2 mM,beta2,beta,G:\My Drive\PhD\CAPTUR3D_personal\00 Progetti\CellTypeRecognition_DeepLearning\input\R64 files\20210716\P1H2\beta\beta2_55.R64,G:\My Drive\PhD\CAPTUR3D_personal\00 Progetti\CellTypeRecognition_DeepLearning\input\numpy files\1004_beta.npy
1005_beta,20210716,P1H2,2 mM,beta2,beta,G:\My Drive\PhD\CAPTUR3D_personal\00 Progetti\CellTypeRecognition_DeepLearning\input\R64 files\20210716\P1H2\beta\beta2_56.R64,G:\My Drive\PhD\CAPTUR3D_personal\00 Progetti\CellTypeRecognition_DeepLearning\input\numpy files\1005_beta.npy
1006_beta,20210716,P1H2,2 mM,beta2,beta,G:\My Drive\PhD\CAPTUR3D_personal\00 Progetti\CellTypeRecognition_DeepLearning\input\R64 files\20210716\P1H2\beta\beta2_57.R64,G:\My Drive\PhD\CAPTUR3D_personal\00 Progetti\CellTypeRecognition_DeepLearning\input\numpy files\1006_beta.npy
1007_beta,20210716,P1H2,2 mM,beta2,beta,G:\My Drive\PhD\CAPTUR3D_personal\00 Progetti\CellTypeRecognition_DeepLearning\input\R64 files\20210716\P1H2\beta\beta2_58.R64,G:\My Drive\PhD\CAPTUR3D_personal\00 Progetti\CellTypeRecognition_DeepLearning\input\numpy files\1007_beta.npy
1008_beta,20210716,P1H2,2 mM,beta2,beta,G:\My Drive\PhD\CAPTUR3D_personal\00 Progetti\CellTypeRecognition_DeepLearning\input\R64 files\20210716\P1H2\beta\beta2_59.R64,G:\My Drive\PhD\CAPTUR3D_personal\00 Progetti\CellTypeRecognition_DeepLearning\input\numpy files\1008_beta.npy
1009_beta,20210716,P1H2,2 mM,beta2,beta,G:\My Drive\PhD\CAPTUR3D_personal\00 Progetti\CellTypeRecognition_DeepLearning\input\R64 files\20210716\P1H2\beta\beta2_60.R64,G:\My Drive\PhD\CAPTUR3D_personal\00 Progetti\CellTypeRecognition_DeepLearning\input\numpy files\1009_beta.npy
1010_beta,20210716,P1H2,2 mM,beta2,beta,G:\My Drive\PhD\CAPTUR3D_personal\00 Progetti\CellTypeRecognition_DeepLearning\input\R64 files\20210716\P1H2\beta\beta2_61.R64,G:\My Drive\PhD\CAPTUR3D_personal\00 Progetti\CellTypeRecognition_DeepLearning\input\numpy files\1010_beta.npy
1011_beta,20210716,P1H2,2 mM,beta2,beta,G:\My Drive\PhD\CAPTUR3D_personal\00 Progetti\CellTypeRecognition_DeepLearning\input\R64 files\20210716\P1H2\beta\beta2_62.R64,G:\My Drive\PhD\CAPTUR3D_personal\00 Progetti\CellTypeRecognition_DeepLearning\input\numpy files\1011_beta.npy
1012_beta,20210716,P1H2,2 mM,beta2,beta,G:\My Drive\PhD\CAPTUR3D_personal\00 Progetti\CellTypeRecognition_DeepLearning\input\R64 files\20210716\P1H2\beta\beta2_63.R64,G:\My Drive\PhD\CAPTUR3D_personal\00 Progetti\CellTypeRecognition_DeepLearning\input\numpy files\1012_beta.npy
1013_beta,20210716,P1H2,2 mM,beta2,beta,G:\My Drive\PhD\CAPTUR3D_personal\00 Progetti\CellTypeRecognition_DeepLearning\input\R64 files\20210716\P1H2\beta\beta2_64.R64,G:\My Drive\PhD\CAPTUR3D_personal\00 Progetti\CellTypeRecognition_DeepLearning\input\numpy files\1013_beta.npy
1014_beta,20210716,P1H2,1 mM,beta16,beta,G:\My Drive\PhD\CAPTUR3D_personal\00 Progetti\CellTypeRecognition_DeepLearning\input\R64 files\20210716\P1H2\beta\beta16_1.R64,G:\My Drive\PhD\CAPTUR3D_personal\00 Progetti\CellTypeRecognition_DeepLearning\input\numpy files\1014_beta.npy
1015_beta,20210716,P1H2,1 mM,beta16,beta,G:\My Drive\PhD\CAPTUR3D_personal\00 Progetti\CellTypeRecognition_DeepLearning\input\R64 files\20210716\P1H2\beta\beta16_2.R64,G:\My Drive\PhD\CAPTUR3D_personal\00 Progetti\CellTypeRecognition_DeepLearning\input\numpy files\1015_beta.npy
1016_beta,20210716,P1H2,1 mM,beta16,beta,G:\My Drive\PhD\CAPTUR3D_personal\00 Progetti\CellTypeRecognition_DeepLearning\input\R64 files\20210716\P1H2\beta\beta16_3.R64,G:\My Drive\PhD\CAPTUR3D_personal\00 Progetti\CellTypeRecognition_DeepLearning\input\numpy files\1016_beta.npy
1017_beta,20210716,P1H2,1 mM,beta16,beta,G:\My Drive\PhD\CAPTUR3D_personal\00 Progetti\CellTypeRecognition_DeepLearning\input\R64 files\20210716\P1H2\beta\beta16_4.R64,G:\My Drive\PhD\CAPTUR3D_personal\00 Progetti\CellTypeRecognition_DeepLearning\input\numpy files\1017_beta.npy
1018_beta,20210716,P1H2,1 mM,beta16,beta,G:\My Drive\PhD\CAPTUR3D_personal\00 Progetti\CellTypeRecognition_DeepLearning\input\R64 files\20210716\P1H2\beta\beta16_5.R64,G:\My Drive\PhD\CAPTUR3D_personal\00 Progetti\CellTypeRecognition_DeepLearning\input\numpy files\1018_beta.npy
1019_beta,20210716,P1H2,1 mM,beta16,beta,G:\My Drive\PhD\CAPTUR3D_personal\00 Progetti\CellTypeRecognition_DeepLearning\input\R64 files\20210716\P1H2\beta\beta16_6.R64,G:\My Drive\PhD\CAPTUR3D_personal\00 Progetti\CellTypeRecognition_DeepLearning\input\numpy files\1019_beta.npy
1020_beta,20210716,P1H2,1 mM,beta16,beta,G:\My Drive\PhD\CAPTUR3D_personal\00 Progetti\CellTypeRecognition_DeepLearning\input\R64 files\20210716\P1H2\beta\beta16_7.R64,G:\My Drive\PhD\CAPTUR3D_personal\00 Progetti\CellTypeRecognition_DeepLearning\input\numpy files\1020_beta.npy
1021_beta,20210716,P1H2,1 mM,beta16,beta,G:\My Drive\PhD\CAPTUR3D_personal\00 Progetti\CellTypeRecognition_DeepLearning\input\R64 files\20210716\P1H2\beta\beta16_8.R64,G:\My Drive\PhD\CAPTUR3D_personal\00 Progetti\CellTypeRecognition_DeepLearning\input\numpy files\1021_beta.npy
1022_beta,20210716,P1H2,1 mM,beta16,beta,G:\My Drive\PhD\CAPTUR3D_personal\00 Progetti\CellTypeRecognition_DeepLearning\input\R64 files\20210716\P1H2\beta\beta16_9.R64,G:\My Drive\PhD\CAPTUR3D_personal\00 Progetti\CellTypeRecognition_DeepLearning\input\numpy files\1022_beta.npy
1023_beta,20210716,P1H2,1 mM,beta16,beta,G:\My Drive\PhD\CAPTUR3D_personal\00 Progetti\CellTypeRecognition_DeepLearning\input\R64 files\20210716\P1H2\beta\beta16_10.R64,G:\My Drive\PhD\CAPTUR3D_personal\00 Progetti\CellTypeRecognition_DeepLearning\input\numpy files\1023_beta.npy
1024_beta,20210716,P1H2,1 mM,beta16,beta,G:\My Drive\PhD\CAPTUR3D_personal\00 Progetti\CellTypeRecognition_DeepLearning\input\R64 files\20210716\P1H2\beta\beta16_11.R64,G:\My Drive\PhD\CAPTUR3D_personal\00 Progetti\CellTypeRecognition_DeepLearning\input\numpy files\1024_beta.npy
1025_beta,20210716,P1H2,1 mM,beta16,beta,G:\My Drive\PhD\CAPTUR3D_personal\00 Progetti\CellTypeRecognition_DeepLearning\input\R64 files\20210716\P1H2\beta\beta16_12.R64,G:\My Drive\PhD\CAPTUR3D_personal\00 Progetti\CellTypeRecognition_DeepLearning\input\numpy files\1025_beta.npy
1026_beta,20210716,P1H2,1 mM,beta16,beta,G:\My Drive\PhD\CAPTUR3D_personal\00 Progetti\CellTypeRecognition_DeepLearning\input\R64 files\20210716\P1H2\beta\beta16_13.R64,G:\My Drive\PhD\CAPTUR3D_personal\00 Progetti\CellTypeRecognition_DeepLearning\input\numpy files\1026_beta.npy
1027_beta,20210716,P1H2,1 mM,beta16,beta,G:\My Drive\PhD\CAPTUR3D_personal\00 Progetti\CellTypeRecognition_DeepLearning\input\R64 files\20210716\P1H2\beta\beta16_14.R64,G:\My Drive\PhD\CAPTUR3D_personal\00 Progetti\CellTypeRecognition_DeepLearning\input\numpy files\1027_beta.npy
1028_beta,20210716,P1H2,1 mM,beta16,beta,G:\My Drive\PhD\CAPTUR3D_personal\00 Progetti\CellTypeRecognition_DeepLearning\input\R64 files\20210716\P1H2\beta\beta16_15.R64,G:\My Drive\PhD\CAPTUR3D_personal\00 Progetti\CellTypeRecognition_DeepLearning\input\numpy files\1028_beta.npy
1029_beta,20210716,P1H2,1 mM,beta16,beta,G:\My Drive\PhD\CAPTUR3D_personal\00 Progetti\CellTypeRecognition_DeepLearning\input\R64 files\20210716\P1H2\beta\beta16_16.R64,G:\My Drive\PhD\CAPTUR3D_personal\00 Progetti\CellTypeRecognition_DeepLearning\input\numpy files\1029_beta.npy
1030_beta,20210716,P1H2,1 mM,beta16,beta,G:\My Drive\PhD\CAPTUR3D_personal\00 Progetti\CellTypeRecognition_DeepLearning\input\R64 files\20210716\P1H2\beta\beta16_17.R64,G:\My Drive\PhD\CAPTUR3D_personal\00 Progetti\CellTypeRecognition_DeepLearning\input\numpy files\1030_beta.npy
1031_beta,20210716,P1H2,1 mM,beta16,beta,G:\My Drive\PhD\CAPTUR3D_personal\00 Progetti\CellTypeRecognition_DeepLearning\input\R64 files\20210716\P1H2\beta\beta16_18.R64,G:\My Drive\PhD\CAPTUR3D_personal\00 Progetti\CellTypeRecognition_DeepLearning\input\numpy files\1031_beta.npy
1032_beta,20210716,P1H2,1 mM,beta16,beta,G:\My Drive\PhD\CAPTUR3D_personal\00 Progetti\CellTypeRecognition_DeepLearning\input\R64 files\20210716\P1H2\beta\beta16_19.R64,G:\My Drive\PhD\CAPTUR3D_personal\00 Progetti\CellTypeRecognition_DeepLearning\input\numpy files\1032_beta.npy
1033_beta,20210716,P1H2,1 mM,beta16,beta,G:\My Drive\PhD\CAPTUR3D_personal\00 Progetti\CellTypeRecognition_DeepLearning\input\R64 files\20210716\P1H2\beta\beta16_20.R64,G:\My Drive\PhD\CAPTUR3D_personal\00 Progetti\CellTypeRecognition_DeepLearning\input\numpy files\1033_beta.npy
1034_beta,20210716,P1H2,1 mM,beta16,beta,G:\My Drive\PhD\CAPTUR3D_personal\00 Progetti\CellTypeRecognition_DeepLearning\input\R64 files\20210716\P1H2\beta\beta16_21.R64,G:\My Drive\PhD\CAPTUR3D_personal\00 Progetti\CellTypeRecognition_DeepLearning\input\numpy files\1034_beta.npy
1035_beta,20210716,P1H2,1 mM,beta16,beta,G:\My Drive\PhD\CAPTUR3D_personal\00 Progetti\CellTypeRecognition_DeepLearning\input\R64 files\20210716\P1H2\beta\beta16_22.R64,G:\My Drive\PhD\CAPTUR3D_personal\00 Progetti\CellTypeRecognition_DeepLearning\input\numpy files\1035_beta.npy
1036_beta,20210716,P1H2,1 mM,beta16,beta,G:\My Drive\PhD\CAPTUR3D_personal\00 Progetti\CellTypeRecognition_DeepLearning\input\R64 files\20210716\P1H2\beta\beta16_23.R64,G:\My Drive\PhD\CAPTUR3D_personal\00 Progetti\CellTypeRecognition_DeepLearning\input\numpy files\1036_beta.npy
1037_beta,20210716,P1H2,1 mM,beta16,beta,G:\My Drive\PhD\CAPTUR3D_personal\00 Progetti\CellTypeRecognition_DeepLearning\input\R64 files\20210716\P1H2\beta\beta16_24.R64,G:\My Drive\PhD\CAPTUR3D_personal\00 Progetti\CellTypeRecognition_DeepLearning\input\numpy files\1037_beta.npy
1038_beta,20210716,P1H2,1 mM,beta16,beta,G:\My Drive\PhD\CAPTUR3D_personal\00 Progetti\CellTypeRecognition_DeepLearning\input\R64 files\20210716\P1H2\beta\beta16_25.R64,G:\My Drive\PhD\CAPTUR3D_personal\00 Progetti\CellTypeRecognition_DeepLearning\input\numpy files\1038_beta.npy
1039_beta,20210716,P1H2,1 mM,beta16,beta,G:\My Drive\PhD\CAPTUR3D_personal\00 Progetti\CellTypeRecognition_DeepLearning\input\R64 files\20210716\P1H2\beta\beta16_26.R64,G:\My Drive\PhD\CAPTUR3D_personal\00 Progetti\CellTypeRecognition_DeepLearning\input\numpy files\1039_beta.npy
1040_beta,20210716,P1H2,1 mM,beta16,beta,G:\My Drive\PhD\CAPTUR3D_personal\00 Progetti\CellTypeRecognition_DeepLearning\input\R64 files\20210716\P1H2\beta\beta16_27.R64,G:\My Drive\PhD\CAPTUR3D_personal\00 Progetti\CellTypeRecognition_DeepLearning\input\numpy files\1040_beta.npy
1041_beta,20210716,P1H2,1 mM,beta16,beta,G:\My Drive\PhD\CAPTUR3D_personal\00 Progetti\CellTypeRecognition_DeepLearning\input\R64 files\20210716\P1H2\beta\beta16_28.R64,G:\My Drive\PhD\CAPTUR3D_personal\00 Progetti\CellTypeRecognition_DeepLearning\input\numpy files\1041_beta.npy
1042_beta,20210716,P1H2,1 mM,beta16,beta,G:\My Drive\PhD\CAPTUR3D_personal\00 Progetti\CellTypeRecognition_DeepLearning\input\R64 files\20210716\P1H2\beta\beta16_29.R64,G:\My Drive\PhD\CAPTUR3D_personal\00 Progetti\CellTypeRecognition_DeepLearning\input\numpy files\1042_beta.npy
1043_beta,20210716,P1H2,1 mM,beta16,beta,G:\My Drive\PhD\CAPTUR3D_personal\00 Progetti\CellTypeRecognition_DeepLearning\input\R64 files\20210716\P1H2\beta\beta16_30.R64,G:\My Drive\PhD\CAPTUR3D_personal\00 Progetti\CellTypeRecognition_DeepLearning\input\numpy files\1043_beta.npy
1044_beta,20210716,P1H2,1 mM,beta16,beta,G:\My Drive\PhD\CAPTUR3D_personal\00 Progetti\CellTypeRecognition_DeepLearning\input\R64 files\20210716\P1H2\beta\beta16_31.R64,G:\My Drive\PhD\CAPTUR3D_personal\00 Progetti\CellTypeRecognition_DeepLearning\input\numpy files\1044_beta.npy
1045_beta,20210716,P1H2,1 mM,beta16,beta,G:\My Drive\PhD\CAPTUR3D_personal\00 Progetti\CellTypeRecognition_DeepLearning\input\R64 files\20210716\P1H2\beta\beta16_32.R64,G:\My Drive\PhD\CAPTUR3D_personal\00 Progetti\CellTypeRecognition_DeepLearning\input\numpy files\1045_beta.npy
1046_beta,20210716,P1H2,1 mM,beta16,beta,G:\My Drive\PhD\CAPTUR3D_personal\00 Progetti\CellTypeRecognition_DeepLearning\input\R64 files\20210716\P1H2\beta\beta16_33.R64,G:\My Drive\PhD\CAPTUR3D_personal\00 Progetti\CellTypeRecognition_DeepLearning\input\numpy files\1046_beta.npy
1047_beta,20210716,P1H2,1 mM,beta16,beta,G:\My Drive\PhD\CAPTUR3D_personal\00 Progetti\CellTypeRecognition_DeepLearning\input\R64 files\20210716\P1H2\beta\beta16_34.R64,G:\My Drive\PhD\CAPTUR3D_personal\00 Progetti\CellTypeRecognition_DeepLearning\input\numpy files\1047_beta.npy
1048_beta,20210716,P1H2,1 mM,beta16,beta,G:\My Drive\PhD\CAPTUR3D_personal\00 Progetti\CellTypeRecognition_DeepLearning\input\R64 files\20210716\P1H2\beta\beta16_35.R64,G:\My Drive\PhD\CAPTUR3D_personal\00 Progetti\CellTypeRecognition_DeepLearning\input\numpy files\1048_beta.npy
1049_beta,20210716,P1H2,1 mM,beta16,beta,G:\My Drive\PhD\CAPTUR3D_personal\00 Progetti\CellTypeRecognition_DeepLearning\input\R64 files\20210716\P1H2\beta\beta16_36.R64,G:\My Drive\PhD\CAPTUR3D_personal\00 Progetti\CellTypeRecognition_DeepLearning\input\numpy files\1049_beta.npy
1050_beta,20210716,P1H2,1 mM,beta16,beta,G:\My Drive\PhD\CAPTUR3D_personal\00 Progetti\CellTypeRecognition_DeepLearning\input\R64 files\20210716\P1H2\beta\beta16_37.R64,G:\My Drive\PhD\CAPTUR3D_personal\00 Progetti\CellTypeRecognition_DeepLearning\input\numpy files\1050_beta.npy
1051_beta,20210716,P1H2,1 mM,beta16,beta,G:\My Drive\PhD\CAPTUR3D_personal\00 Progetti\CellTypeRecognition_DeepLearning\input\R64 files\20210716\P1H2\beta\beta16_38.R64,G:\My Drive\PhD\CAPTUR3D_personal\00 Progetti\CellTypeRecognition_DeepLearning\input\numpy files\1051_beta.npy
1052_beta,20210716,P1H2,1 mM,beta16,beta,G:\My Drive\PhD\CAPTUR3D_personal\00 Progetti\CellTypeRecognition_DeepLearning\input\R64 files\20210716\P1H2\beta\beta16_39.R64,G:\My Drive\PhD\CAPTUR3D_personal\00 Progetti\CellTypeRecognition_DeepLearning\input\numpy files\1052_beta.npy
1053_beta,20210716,P1H2,1 mM,beta16,beta,G:\My Drive\PhD\CAPTUR3D_personal\00 Progetti\CellTypeRecognition_DeepLearning\input\R64 files\20210716\P1H2\beta\beta16_40.R64,G:\My Drive\PhD\CAPTUR3D_personal\00 Progetti\CellTypeRecognition_DeepLearning\input\numpy files\1053_beta.npy
1054_beta,20210716,P1H2,1 mM,beta16,beta,G:\My Drive\PhD\CAPTUR3D_personal\00 Progetti\CellTypeRecognition_DeepLearning\input\R64 files\20210716\P1H2\beta\beta16_41.R64,G:\My Drive\PhD\CAPTUR3D_personal\00 Progetti\CellTypeRecognition_DeepLearning\input\numpy files\1054_beta.npy
1055_beta,20210716,P1H2,1 mM,beta16,beta,G:\My Drive\PhD\CAPTUR3D_personal\00 Progetti\CellTypeRecognition_DeepLearning\input\R64 files\20210716\P1H2\beta\beta16_42.R64,G:\My Drive\PhD\CAPTUR3D_personal\00 Progetti\CellTypeRecognition_DeepLearning\input\numpy files\1055_beta.npy
1056_beta,20210716,P1H2,1 mM,beta16,beta,G:\My Drive\PhD\CAPTUR3D_personal\00 Progetti\CellTypeRecognition_DeepLearning\input\R64 files\20210716\P1H2\beta\beta16_43.R64,G:\My Drive\PhD\CAPTUR3D_personal\00 Progetti\CellTypeRecognition_DeepLearning\input\numpy files\1056_beta.npy
1057_beta,20210716,P1H2,1 mM,beta16,beta,G:\My Drive\PhD\CAPTUR3D_personal\00 Progetti\CellTypeRecognition_DeepLearning\input\R64 files\20210716\P1H2\beta\beta16_44.R64,G:\My Drive\PhD\CAPTUR3D_personal\00 Progetti\CellTypeRecognition_DeepLearning\input\numpy files\1057_beta.npy
1058_beta,20210716,P1H2,1 mM,beta16,beta,G:\My Drive\PhD\CAPTUR3D_personal\00 Progetti\CellTypeRecognition_DeepLearning\input\R64 files\20210716\P1H2\beta\beta16_45.R64,G:\My Drive\PhD\CAPTUR3D_personal\00 Progetti\CellTypeRecognition_DeepLearning\input\numpy files\1058_beta.npy
1059_beta,20210716,P1H2,1 mM,beta16,beta,G:\My Drive\PhD\CAPTUR3D_personal\00 Progetti\CellTypeRecognition_DeepLearning\input\R64 files\20210716\P1H2\beta\beta16_46.R64,G:\My Drive\PhD\CAPTUR3D_personal\00 Progetti\CellTypeRecognition_DeepLearning\input\numpy files\1059_beta.npy
1060_beta,20210716,P1H2,1 mM,beta16,beta,G:\My Drive\PhD\CAPTUR3D_personal\00 Progetti\CellTypeRecognition_DeepLearning\input\R64 files\20210716\P1H2\beta\beta16_47.R64,G:\My Drive\PhD\CAPTUR3D_personal\00 Progetti\CellTypeRecognition_DeepLearning\input\numpy files\1060_beta.npy
1061_beta,20210716,P1H2,1 mM,beta16,beta,G:\My Drive\PhD\CAPTUR3D_personal\00 Progetti\CellTypeRecognition_DeepLearning\input\R64 files\20210716\P1H2\beta\beta16_48.R64,G:\My Drive\PhD\CAPTUR3D_personal\00 Progetti\CellTypeRecognition_DeepLearning\input\numpy files\1061_beta.npy
1062_beta,20210716,P1H2,1 mM,beta16,beta,G:\My Drive\PhD\CAPTUR3D_personal\00 Progetti\CellTypeRecognition_DeepLearning\input\R64 files\20210716\P1H2\beta\beta16_49.R64,G:\My Drive\PhD\CAPTUR3D_personal\00 Progetti\CellTypeRecognition_DeepLearning\input\numpy files\1062_beta.npy
1063_beta,20210716,P1H2,1 mM,beta16,beta,G:\My Drive\PhD\CAPTUR3D_personal\00 Progetti\CellTypeRecognition_DeepLearning\input\R64 files\20210716\P1H2\beta\beta16_50.R64,G:\My Drive\PhD\CAPTUR3D_personal\00 Progetti\CellTypeRecognition_DeepLearning\input\numpy files\1063_beta.npy
1064_beta,20210716,P1H2,1 mM,beta16,beta,G:\My Drive\PhD\CAPTUR3D_personal\00 Progetti\CellTypeRecognition_DeepLearning\input\R64 files\20210716\P1H2\beta\beta16_51.R64,G:\My Drive\PhD\CAPTUR3D_personal\00 Progetti\CellTypeRecognition_DeepLearning\input\numpy files\1064_beta.npy
1065_beta,20210716,P1H2,1 mM,beta16,beta,G:\My Drive\PhD\CAPTUR3D_personal\00 Progetti\CellTypeRecognition_DeepLearning\input\R64 files\20210716\P1H2\beta\beta16_52.R64,G:\My Drive\PhD\CAPTUR3D_personal\00 Progetti\CellTypeRecognition_DeepLearning\input\numpy files\1065_beta.npy
1066_beta,20210716,P1H2,1 mM,beta16,beta,G:\My Drive\PhD\CAPTUR3D_personal\00 Progetti\CellTypeRecognition_DeepLearning\input\R64 files\20210716\P1H2\beta\beta16_53.R64,G:\My Drive\PhD\CAPTUR3D_personal\00 Progetti\CellTypeRecognition_DeepLearning\input\numpy files\1066_beta.npy
1067_beta,20210716,P1H2,1 mM,beta16,beta,G:\My Drive\PhD\CAPTUR3D_personal\00 Progetti\CellTypeRecognition_DeepLearning\input\R64 files\20210716\P1H2\beta\beta16_54.R64,G:\My Drive\PhD\CAPTUR3D_personal\00 Progetti\CellTypeRecognition_DeepLearning\input\numpy files\1067_beta.npy
1068_beta,20210716,P1H2,1 mM,beta16,beta,G:\My Drive\PhD\CAPTUR3D_personal\00 Progetti\CellTypeRecognition_DeepLearning\input\R64 files\20210716\P1H2\beta\beta16_55.R64,G:\My Drive\PhD\CAPTUR3D_personal\00 Progetti\CellTypeRecognition_DeepLearning\input\numpy files\1068_beta.npy
1069_beta,20210716,P1H2,1 mM,beta16,beta,G:\My Drive\PhD\CAPTUR3D_personal\00 Progetti\CellTypeRecognition_DeepLearning\input\R64 files\20210716\P1H2\beta\beta16_56.R64,G:\My Drive\PhD\CAPTUR3D_personal\00 Progetti\CellTypeRecognition_DeepLearning\input\numpy files\1069_beta.npy
1070_beta,20210716,P1H2,1 mM,beta16,beta,G:\My Drive\PhD\CAPTUR3D_personal\00 Progetti\CellTypeRecognition_DeepLearning\input\R64 files\20210716\P1H2\beta\beta16_57.R64,G:\My Drive\PhD\CAPTUR3D_personal\00 Progetti\CellTypeRecognition_DeepLearning\input\numpy files\1070_beta.npy
1071_beta,20210716,P1H2,1 mM,beta16,beta,G:\My Drive\PhD\CAPTUR3D_personal\00 Progetti\CellTypeRecognition_DeepLearning\input\R64 files\20210716\P1H2\beta\beta16_58.R64,G:\My Drive\PhD\CAPTUR3D_personal\00 Progetti\CellTypeRecognition_DeepLearning\input\numpy files\1071_beta.npy
1072_beta,20210716,P1H2,1 mM,beta16,beta,G:\My Drive\PhD\CAPTUR3D_personal\00 Progetti\CellTypeRecognition_DeepLearning\input\R64 files\20210716\P1H2\beta\beta16_59.R64,G:\My Drive\PhD\CAPTUR3D_personal\00 Progetti\CellTypeRecognition_DeepLearning\input\numpy files\1072_beta.npy
1073_beta,20210716,P1H2,1 mM,beta16,beta,G:\My Drive\PhD\CAPTUR3D_personal\00 Progetti\CellTypeRecognition_DeepLearning\input\R64 files\20210716\P1H2\beta\beta16_60.R64,G:\My Drive\PhD\CAPTUR3D_personal\00 Progetti\CellTypeRecognition_DeepLearning\input\numpy files\1073_beta.npy
1074_beta,20210716,P1H2,1 mM,beta16,beta,G:\My Drive\PhD\CAPTUR3D_personal\00 Progetti\CellTypeRecognition_DeepLearning\input\R64 files\20210716\P1H2\beta\beta16_61.R64,G:\My Drive\PhD\CAPTUR3D_personal\00 Progetti\CellTypeRecognition_DeepLearning\input\numpy files\1074_beta.npy
1075_beta,20210716,P1H2,1 mM,beta16,beta,G:\My Drive\PhD\CAPTUR3D_personal\00 Progetti\CellTypeRecognition_DeepLearning\input\R64 files\20210716\P1H2\beta\beta16_62.R64,G:\My Drive\PhD\CAPTUR3D_personal\00 Progetti\CellTypeRecognition_DeepLearning\input\numpy files\1075_beta.npy
1076_beta,20210716,P1H2,1 mM,beta16,beta,G:\My Drive\PhD\CAPTUR3D_personal\00 Progetti\CellTypeRecognition_DeepLearning\input\R64 files\20210716\P1H2\beta\beta16_63.R64,G:\My Drive\PhD\CAPTUR3D_personal\00 Progetti\CellTypeRecognition_DeepLearning\input\numpy files\1076_beta.npy
1077_beta,20210716,P1H2,1 mM,beta16,beta,G:\My Drive\PhD\CAPTUR3D_personal\00 Progetti\CellTypeRecognition_DeepLearning\input\R64 files\20210716\P1H2\beta\beta16_64.R64,G:\My Drive\PhD\CAPTUR3D_personal\00 Progetti\CellTypeRecognition_DeepLearning\input\numpy files\1077_beta.npy
1078_alpha,20210716,P1H2,2 mM,alpha2,alpha,G:\My Drive\PhD\CAPTUR3D_personal\00 Progetti\CellTypeRecognition_DeepLearning\input\R64 files\20210716\P1H2\alpha\alpha2_1.R64,G:\My Drive\PhD\CAPTUR3D_personal\00 Progetti\CellTypeRecognition_DeepLearning\input\numpy files\1078_alpha.npy
1079_alpha,20210716,P1H2,2 mM,alpha2,alpha,G:\My Drive\PhD\CAPTUR3D_personal\00 Progetti\CellTypeRecognition_DeepLearning\input\R64 files\20210716\P1H2\alpha\alpha2_2.R64,G:\My Drive\PhD\CAPTUR3D_personal\00 Progetti\CellTypeRecognition_DeepLearning\input\numpy files\1079_alpha.npy
1080_alpha,20210716,P1H2,2 mM,alpha2,alpha,G:\My Drive\PhD\CAPTUR3D_personal\00 Progetti\CellTypeRecognition_DeepLearning\input\R64 files\20210716\P1H2\alpha\alpha2_3.R64,G:\My Drive\PhD\CAPTUR3D_personal\00 Progetti\CellTypeRecognition_DeepLearning\input\numpy files\1080_alpha.npy
1081_alpha,20210716,P1H2,2 mM,alpha2,alpha,G:\My Drive\PhD\CAPTUR3D_personal\00 Progetti\CellTypeRecognition_DeepLearning\input\R64 files\20210716\P1H2\alpha\alpha2_4.R64,G:\My Drive\PhD\CAPTUR3D_personal\00 Progetti\CellTypeRecognition_DeepLearning\input\numpy files\1081_alpha.npy
1082_alpha,20210716,P1H2,2 mM,alpha2,alpha,G:\My Drive\PhD\CAPTUR3D_personal\00 Progetti\CellTypeRecognition_DeepLearning\input\R64 files\20210716\P1H2\alpha\alpha2_5.R64,G:\My Drive\PhD\CAPTUR3D_personal\00 Progetti\CellTypeRecognition_DeepLearning\input\numpy files\1082_alpha.npy
1083_alpha,20210716,P1H2,2 mM,alpha2,alpha,G:\My Drive\PhD\CAPTUR3D_personal\00 Progetti\CellTypeRecognition_DeepLearning\input\R64 files\20210716\P1H2\alpha\alpha2_6.R64,G:\My Drive\PhD\CAPTUR3D_personal\00 Progetti\CellTypeRecognition_DeepLearning\input\numpy files\1083_alpha.npy
1084_alpha,20210716,P1H2,2 mM,alpha2,alpha,G:\My Drive\PhD\CAPTUR3D_personal\00 Progetti\CellTypeRecognition_DeepLearning\input\R64 files\20210716\P1H2\alpha\alpha2_7.R64,G:\My Drive\PhD\CAPTUR3D_personal\00 Progetti\CellTypeRecognition_DeepLearning\input\numpy files\1084_alpha.npy
1085_alpha,20210716,P1H2,2 mM,alpha2,alpha,G:\My Drive\PhD\CAPTUR3D_personal\00 Progetti\CellTypeRecognition_DeepLearning\input\R64 files\20210716\P1H2\alpha\alpha2_8.R64,G:\My Drive\PhD\CAPTUR3D_personal\00 Progetti\CellTypeRecognition_DeepLearning\input\numpy files\1085_alpha.npy
1086_alpha,20210716,P1H2,2 mM,alpha2,alpha,G:\My Drive\PhD\CAPTUR3D_personal\00 Progetti\CellTypeRecognition_DeepLearning\input\R64 files\20210716\P1H2\alpha\alpha2_9.R64,G:\My Drive\PhD\CAPTUR3D_personal\00 Progetti\CellTypeRecognition_DeepLearning\input\numpy files\1086_alpha.npy
1087_alpha,20210716,P1H2,2 mM,alpha2,alpha,G:\My Drive\PhD\CAPTUR3D_personal\00 Progetti\CellTypeRecognition_DeepLearning\input\R64 files\20210716\P1H2\alpha\alpha2_10.R64,G:\My Drive\PhD\CAPTUR3D_personal\00 Progetti\CellTypeRecognition_DeepLearning\input\numpy files\1087_alpha.npy
1088_alpha,20210716,P1H2,2 mM,alpha2,alpha,G:\My Drive\PhD\CAPTUR3D_personal\00 Progetti\CellTypeRecognition_DeepLearning\input\R64 files\20210716\P1H2\alpha\alpha2_11.R64,G:\My Drive\PhD\CAPTUR3D_personal\00 Progetti\CellTypeRecognition_DeepLearning\input\numpy files\1088_alpha.npy
1089_alpha,20210716,P1H2,2 mM,alpha2,alpha,G:\My Drive\PhD\CAPTUR3D_personal\00 Progetti\CellTypeRecognition_DeepLearning\input\R64 files\20210716\P1H2\alpha\alpha2_12.R64,G:\My Drive\PhD\CAPTUR3D_personal\00 Progetti\CellTypeRecognition_DeepLearning\input\numpy files\1089_alpha.npy
1090_alpha,20210716,P1H2,2 mM,alpha2,alpha,G:\My Drive\PhD\CAPTUR3D_personal\00 Progetti\CellTypeRecognition_DeepLearning\input\R64 files\20210716\P1H2\alpha\alpha2_13.R64,G:\My Drive\PhD\CAPTUR3D_personal\00 Progetti\CellTypeRecognition_DeepLearning\input\numpy files\1090_alpha.npy
1091_alpha,20210716,P1H2,2 mM,alpha2,alpha,G:\My Drive\PhD\CAPTUR3D_personal\00 Progetti\CellTypeRecognition_DeepLearning\input\R64 files\20210716\P1H2\alpha\alpha2_14.R64,G:\My Drive\PhD\CAPTUR3D_personal\00 Progetti\CellTypeRecognition_DeepLearning\input\numpy files\1091_alpha.npy
1092_alpha,20210716,P1H2,2 mM,alpha2,alpha,G:\My Drive\PhD\CAPTUR3D_personal\00 Progetti\CellTypeRecognition_DeepLearning\input\R64 files\20210716\P1H2\alpha\alpha2_15.R64,G:\My Drive\PhD\CAPTUR3D_personal\00 Progetti\CellTypeRecognition_DeepLearning\input\numpy files\1092_alpha.npy
1093_alpha,20210716,P1H2,2 mM,alpha2,alpha,G:\My Drive\PhD\CAPTUR3D_personal\00 Progetti\CellTypeRecognition_DeepLearning\input\R64 files\20210716\P1H2\alpha\alpha2_16.R64,G:\My Drive\PhD\CAPTUR3D_personal\00 Progetti\CellTypeRecognition_DeepLearning\input\numpy files\1093_alpha.npy
1094_alpha,20210716,P1H2,2 mM,alpha2,alpha,G:\My Drive\PhD\CAPTUR3D_personal\00 Progetti\CellTypeRecognition_DeepLearning\input\R64 files\20210716\P1H2\alpha\alpha2_17.R64,G:\My Drive\PhD\CAPTUR3D_personal\00 Progetti\CellTypeRecognition_DeepLearning\input\numpy files\1094_alpha.npy
1095_alpha,20210716,P1H2,2 mM,alpha2,alpha,G:\My Drive\PhD\CAPTUR3D_personal\00 Progetti\CellTypeRecognition_DeepLearning\input\R64 files\20210716\P1H2\alpha\alpha2_18.R64,G:\My Drive\PhD\CAPTUR3D_personal\00 Progetti\CellTypeRecognition_DeepLearning\input\numpy files\1095_alpha.npy
1096_alpha,20210716,P1H2,2 mM,alpha2,alpha,G:\My Drive\PhD\CAPTUR3D_personal\00 Progetti\CellTypeRecognition_DeepLearning\input\R64 files\20210716\P1H2\alpha\alpha2_19.R64,G:\My Drive\PhD\CAPTUR3D_personal\00 Progetti\CellTypeRecognition_DeepLearning\input\numpy files\1096_alpha.npy
1097_alpha,20210716,P1H2,2 mM,alpha2,alpha,G:\My Drive\PhD\CAPTUR3D_personal\00 Progetti\CellTypeRecognition_DeepLearning\input\R64 files\20210716\P1H2\alpha\alpha2_20.R64,G:\My Drive\PhD\CAPTUR3D_personal\00 Progetti\CellTypeRecognition_DeepLearning\input\numpy files\1097_alpha.npy
1098_alpha,20210716,P1H2,2 mM,alpha2,alpha,G:\My Drive\PhD\CAPTUR3D_personal\00 Progetti\CellTypeRecognition_DeepLearning\input\R64 files\20210716\P1H2\alpha\alpha2_21.R64,G:\My Drive\PhD\CAPTUR3D_personal\00 Progetti\CellTypeRecognition_DeepLearning\input\numpy files\1098_alpha.npy
1099_alpha,20210716,P1H2,2 mM,alpha2,alpha,G:\My Drive\PhD\CAPTUR3D_personal\00 Progetti\CellTypeRecognition_DeepLearning\input\R64 files\20210716\P1H2\alpha\alpha2_22.R64,G:\My Drive\PhD\CAPTUR3D_personal\00 Progetti\CellTypeRecognition_DeepLearning\input\numpy files\1099_alpha.npy
1100_alpha,20210716,P1H2,2 mM,alpha2,alpha,G:\My Drive\PhD\CAPTUR3D_personal\00 Progetti\CellTypeRecognition_DeepLearning\input\R64 files\20210716\P1H2\alpha\alpha2_23.R64,G:\My Drive\PhD\CAPTUR3D_personal\00 Progetti\CellTypeRecognition_DeepLearning\input\numpy files\1100_alpha.npy
1101_alpha,20210716,P1H2,2 mM,alpha2,alpha,G:\My Drive\PhD\CAPTUR3D_personal\00 Progetti\CellTypeRecognition_DeepLearning\input\R64 files\20210716\P1H2\alpha\alpha2_24.R64,G:\My Drive\PhD\CAPTUR3D_personal\00 Progetti\CellTypeRecognition_DeepLearning\input\numpy files\1101_alpha.npy
1102_alpha,20210716,P1H2,2 mM,alpha2,alpha,G:\My Drive\PhD\CAPTUR3D_personal\00 Progetti\CellTypeRecognition_DeepLearning\input\R64 files\20210716\P1H2\alpha\alpha2_25.R64,G:\My Drive\PhD\CAPTUR3D_personal\00 Progetti\CellTypeRecognition_DeepLearning\input\numpy files\1102_alpha.npy
1103_alpha,20210716,P1H2,2 mM,alpha2,alpha,G:\My Drive\PhD\CAPTUR3D_personal\00 Progetti\CellTypeRecognition_DeepLearning\input\R64 files\20210716\P1H2\alpha\alpha2_26.R64,G:\My Drive\PhD\CAPTUR3D_personal\00 Progetti\CellTypeRecognition_DeepLearning\input\numpy files\1103_alpha.npy
1104_alpha,20210716,P1H2,2 mM,alpha2,alpha,G:\My Drive\PhD\CAPTUR3D_personal\00 Progetti\CellTypeRecognition_DeepLearning\input\R64 files\20210716\P1H2\alpha\alpha2_27.R64,G:\My Drive\PhD\CAPTUR3D_personal\00 Progetti\CellTypeRecognition_DeepLearning\input\numpy files\1104_alpha.npy
1105_alpha,20210716,P1H2,2 mM,alpha2,alpha,G:\My Drive\PhD\CAPTUR3D_personal\00 Progetti\CellTypeRecognition_DeepLearning\input\R64 files\20210716\P1H2\alpha\alpha2_28.R64,G:\My Drive\PhD\CAPTUR3D_personal\00 Progetti\CellTypeRecognition_DeepLearning\input\numpy files\1105_alpha.npy
1106_alpha,20210716,P1H2,2 mM,alpha2,alpha,G:\My Drive\PhD\CAPTUR3D_personal\00 Progetti\CellTypeRecognition_DeepLearning\input\R64 files\20210716\P1H2\alpha\alpha2_29.R64,G:\My Drive\PhD\CAPTUR3D_personal\00 Progetti\CellTypeRecognition_DeepLearning\input\numpy files\1106_alpha.npy
1107_alpha,20210716,P1H2,2 mM,alpha2,alpha,G:\My Drive\PhD\CAPTUR3D_personal\00 Progetti\CellTypeRecognition_DeepLearning\input\R64 files\20210716\P1H2\alpha\alpha2_30.R64,G:\My Drive\PhD\CAPTUR3D_personal\00 Progetti\CellTypeRecognition_DeepLearning\input\numpy files\1107_alpha.npy
1108_alpha,20210716,P1H2,2 mM,alpha2,alpha,G:\My Drive\PhD\CAPTUR3D_personal\00 Progetti\CellTypeRecognition_DeepLearning\input\R64 files\20210716\P1H2\alpha\alpha2_31.R64,G:\My Drive\PhD\CAPTUR3D_personal\00 Progetti\CellTypeRecognition_DeepLearning\input\numpy files\1108_alpha.npy
1109_alpha,20210716,P1H2,2 mM,alpha2,alpha,G:\My Drive\PhD\CAPTUR3D_personal\00 Progetti\CellTypeRecognition_DeepLearning\input\R64 files\20210716\P1H2\alpha\alpha2_32.R64,G:\My Drive\PhD\CAPTUR3D_personal\00 Progetti\CellTypeRecognition_DeepLearning\input\numpy files\1109_alpha.npy
1110_alpha,20210716,P1H2,2 mM,alpha2,alpha,G:\My Drive\PhD\CAPTUR3D_personal\00 Progetti\CellTypeRecognition_DeepLearning\input\R64 files\20210716\P1H2\alpha\alpha2_33.R64,G:\My Drive\PhD\CAPTUR3D_personal\00 Progetti\CellTypeRecognition_DeepLearning\input\numpy files\1110_alpha.npy
1111_alpha,20210716,P1H2,2 mM,alpha2,alpha,G:\My Drive\PhD\CAPTUR3D_personal\00 Progetti\CellTypeRecognition_DeepLearning\input\R64 files\20210716\P1H2\alpha\alpha2_34.R64,G:\My Drive\PhD\CAPTUR3D_personal\00 Progetti\CellTypeRecognition_DeepLearning\input\numpy files\1111_alpha.npy
1112_alpha,20210716,P1H2,2 mM,alpha2,alpha,G:\My Drive\PhD\CAPTUR3D_personal\00 Progetti\CellTypeRecognition_DeepLearning\input\R64 files\20210716\P1H2\alpha\alpha2_35.R64,G:\My Drive\PhD\CAPTUR3D_personal\00 Progetti\CellTypeRecognition_DeepLearning\input\numpy files\1112_alpha.npy
1113_alpha,20210716,P1H2,2 mM,alpha2,alpha,G:\My Drive\PhD\CAPTUR3D_personal\00 Progetti\CellTypeRecognition_DeepLearning\input\R64 files\20210716\P1H2\alpha\alpha2_36.R64,G:\My Drive\PhD\CAPTUR3D_personal\00 Progetti\CellTypeRecognition_DeepLearning\input\numpy files\1113_alpha.npy
1114_alpha,20210716,P1H2,1 mM,alpha16,alpha,G:\My Drive\PhD\CAPTUR3D_personal\00 Progetti\CellTypeRecognition_DeepLearning\input\R64 files\20210716\P1H2\alpha\alpha16_1.R64,G:\My Drive\PhD\CAPTUR3D_personal\00 Progetti\CellTypeRecognition_DeepLearning\input\numpy files\1114_alpha.npy
1115_alpha,20210716,P1H2,1 mM,alpha16,alpha,G:\My Drive\PhD\CAPTUR3D_personal\00 Progetti\CellTypeRecognition_DeepLearning\input\R64 files\20210716\P1H2\alpha\alpha16_2.R64,G:\My Drive\PhD\CAPTUR3D_personal\00 Progetti\CellTypeRecognition_DeepLearning\input\numpy files\1115_alpha.npy
1116_alpha,20210716,P1H2,1 mM,alpha16,alpha,G:\My Drive\PhD\CAPTUR3D_personal\00 Progetti\CellTypeRecognition_DeepLearning\input\R64 files\20210716\P1H2\alpha\alpha16_3.R64,G:\My Drive\PhD\CAPTUR3D_personal\00 Progetti\CellTypeRecognition_DeepLearning\input\numpy files\1116_alpha.npy
1117_alpha,20210716,P1H2,1 mM,alpha16,alpha,G:\My Drive\PhD\CAPTUR3D_personal\00 Progetti\CellTypeRecognition_DeepLearning\input\R64 files\20210716\P1H2\alpha\alpha16_4.R64,G:\My Drive\PhD\CAPTUR3D_personal\00 Progetti\CellTypeRecognition_DeepLearning\input\numpy files\1117_alpha.npy
1118_alpha,20210716,P1H2,1 mM,alpha16,alpha,G:\My Drive\PhD\CAPTUR3D_personal\00 Progetti\CellTypeRecognition_DeepLearning\input\R64 files\20210716\P1H2\alpha\alpha16_5.R64,G:\My Drive\PhD\CAPTUR3D_personal\00 Progetti\CellTypeRecognition_DeepLearning\input\numpy files\1118_alpha.npy
1119_alpha,20210716,P1H2,1 mM,alpha16,alpha,G:\My Drive\PhD\CAPTUR3D_personal\00 Progetti\CellTypeRecognition_DeepLearning\input\R64 files\20210716\P1H2\alpha\alpha16_6.R64,G:\My Drive\PhD\CAPTUR3D_personal\00 Progetti\CellTypeRecognition_DeepLearning\input\numpy files\1119_alpha.npy
1120_alpha,20210716,P1H2,1 mM,alpha16,alpha,G:\My Drive\PhD\CAPTUR3D_personal\00 Progetti\CellTypeRecognition_DeepLearning\input\R64 files\20210716\P1H2\alpha\alpha16_7.R64,G:\My Drive\PhD\CAPTUR3D_personal\00 Progetti\CellTypeRecognition_DeepLearning\input\numpy files\1120_alpha.npy
1121_alpha,20210716,P1H2,1 mM,alpha16,alpha,G:\My Drive\PhD\CAPTUR3D_personal\00 Progetti\CellTypeRecognition_DeepLearning\input\R64 files\20210716\P1H2\alpha\alpha16_8.R64,G:\My Drive\PhD\CAPTUR3D_personal\00 Progetti\CellTypeRecognition_DeepLearning\input\numpy files\1121_alpha.npy
1122_alpha,20210716,P1H2,1 mM,alpha16,alpha,G:\My Drive\PhD\CAPTUR3D_personal\00 Progetti\CellTypeRecognition_DeepLearning\input\R64 files\20210716\P1H2\alpha\alpha16_9.R64,G:\My Drive\PhD\CAPTUR3D_personal\00 Progetti\CellTypeRecognition_DeepLearning\input\numpy files\1122_alpha.npy
1123_alpha,20210716,P1H2,1 mM,alpha16,alpha,G:\My Drive\PhD\CAPTUR3D_personal\00 Progetti\CellTypeRecognition_DeepLearning\input\R64 files\20210716\P1H2\alpha\alpha16_10.R64,G:\My Drive\PhD\CAPTUR3D_personal\00 Progetti\CellTypeRecognition_DeepLearning\input\numpy files\1123_alpha.npy
1124_alpha,20210716,P1H2,1 mM,alpha16,alpha,G:\My Drive\PhD\CAPTUR3D_personal\00 Progetti\CellTypeRecognition_DeepLearning\input\R64 files\20210716\P1H2\alpha\alpha16_11.R64,G:\My Drive\PhD\CAPTUR3D_personal\00 Progetti\CellTypeRecognition_DeepLearning\input\numpy files\1124_alpha.npy
1125_alpha,20210716,P1H2,1 mM,alpha16,alpha,G:\My Drive\PhD\CAPTUR3D_personal\00 Progetti\CellTypeRecognition_DeepLearning\input\R64 files\20210716\P1H2\alpha\alpha16_12.R64,G:\My Drive\PhD\CAPTUR3D_personal\00 Progetti\CellTypeRecognition_DeepLearning\input\numpy files\1125_alpha.npy
1126_alpha,20210716,P1H2,1 mM,alpha16,alpha,G:\My Drive\PhD\CAPTUR3D_personal\00 Progetti\CellTypeRecognition_DeepLearning\input\R64 files\20210716\P1H2\alpha\alpha16_13.R64,G:\My Drive\PhD\CAPTUR3D_personal\00 Progetti\CellTypeRecognition_DeepLearning\input\numpy files\1126_alpha.npy
1127_alpha,20210716,P1H2,1 mM,alpha16,alpha,G:\My Drive\PhD\CAPTUR3D_personal\00 Progetti\CellTypeRecognition_DeepLearning\input\R64 files\20210716\P1H2\alpha\alpha16_14.R64,G:\My Drive\PhD\CAPTUR3D_personal\00 Progetti\CellTypeRecognition_DeepLearning\input\numpy files\1127_alpha.npy
1128_alpha,20210716,P1H2,1 mM,alpha16,alpha,G:\My Drive\PhD\CAPTUR3D_personal\00 Progetti\CellTypeRecognition_DeepLearning\input\R64 files\20210716\P1H2\alpha\alpha16_15.R64,G:\My Drive\PhD\CAPTUR3D_personal\00 Progetti\CellTypeRecognition_DeepLearning\input\numpy files\1128_alpha.npy
1129_alpha,20210716,P1H2,1 mM,alpha16,alpha,G:\My Drive\PhD\CAPTUR3D_personal\00 Progetti\CellTypeRecognition_DeepLearning\input\R64 files\20210716\P1H2\alpha\alpha16_16.R64,G:\My Drive\PhD\CAPTUR3D_personal\00 Progetti\CellTypeRecognition_DeepLearning\input\numpy files\1129_alpha.npy
1130_alpha,20210716,P1H2,1 mM,alpha16,alpha,G:\My Drive\PhD\CAPTUR3D_personal\00 Progetti\CellTypeRecognition_DeepLearning\input\R64 files\20210716\P1H2\alpha\alpha16_17.R64,G:\My Drive\PhD\CAPTUR3D_personal\00 Progetti\CellTypeRecognition_DeepLearning\input\numpy files\1130_alpha.npy
1131_alpha,20210716,P1H2,1 mM,alpha16,alpha,G:\My Drive\PhD\CAPTUR3D_personal\00 Progetti\CellTypeRecognition_DeepLearning\input\R64 files\20210716\P1H2\alpha\alpha16_18.R64,G:\My Drive\PhD\CAPTUR3D_personal\00 Progetti\CellTypeRecognition_DeepLearning\input\numpy files\1131_alpha.npy
1132_alpha,20210716,P1H2,1 mM,alpha16,alpha,G:\My Drive\PhD\CAPTUR3D_personal\00 Progetti\CellTypeRecognition_DeepLearning\input\R64 files\20210716\P1H2\alpha\alpha16_19.R64,G:\My Drive\PhD\CAPTUR3D_personal\00 Progetti\CellTypeRecognition_DeepLearning\input\numpy files\1132_alpha.npy
1133_alpha,20210716,P1H2,1 mM,alpha16,alpha,G:\My Drive\PhD\CAPTUR3D_personal\00 Progetti\CellTypeRecognition_DeepLearning\input\R64 files\20210716\P1H2\alpha\alpha16_20.R64,G:\My Drive\PhD\CAPTUR3D_personal\00 Progetti\CellTypeRecognition_DeepLearning\input\numpy files\1133_alpha.npy
1134_alpha,20210716,P1H2,1 mM,alpha16,alpha,G:\My Drive\PhD\CAPTUR3D_personal\00 Progetti\CellTypeRecognition_DeepLearning\input\R64 files\20210716\P1H2\alpha\alpha16_21.R64,G:\My Drive\PhD\CAPTUR3D_personal\00 Progetti\CellTypeRecognition_DeepLearning\input\numpy files\1134_alpha.npy
1135_alpha,20210716,P1H2,1 mM,alpha16,alpha,G:\My Drive\PhD\CAPTUR3D_personal\00 Progetti\CellTypeRecognition_DeepLearning\input\R64 files\20210716\P1H2\alpha\alpha16_22.R64,G:\My Drive\PhD\CAPTUR3D_personal\00 Progetti\CellTypeRecognition_DeepLearning\input\numpy files\1135_alpha.npy
1136_alpha,20210716,P1H2,1 mM,alpha16,alpha,G:\My Drive\PhD\CAPTUR3D_personal\00 Progetti\CellTypeRecognition_DeepLearning\input\R64 files\20210716\P1H2\alpha\alpha16_23.R64,G:\My Drive\PhD\CAPTUR3D_personal\00 Progetti\CellTypeRecognition_DeepLearning\input\numpy files\1136_alpha.npy
1137_alpha,20210716,P1H2,1 mM,alpha16,alpha,G:\My Drive\PhD\CAPTUR3D_personal\00 Progetti\CellTypeRecognition_DeepLearning\input\R64 files\20210716\P1H2\alpha\alpha16_24.R64,G:\My Drive\PhD\CAPTUR3D_personal\00 Progetti\CellTypeRecognition_DeepLearning\input\numpy files\1137_alpha.npy
1138_alpha,20210716,P1H2,1 mM,alpha16,alpha,G:\My Drive\PhD\CAPTUR3D_personal\00 Progetti\CellTypeRecognition_DeepLearning\input\R64 files\20210716\P1H2\alpha\alpha16_25.R64,G:\My Drive\PhD\CAPTUR3D_personal\00 Progetti\CellTypeRecognition_DeepLearning\input\numpy files\1138_alpha.npy
1139_alpha,20210716,P1H2,1 mM,alpha16,alpha,G:\My Drive\PhD\CAPTUR3D_personal\00 Progetti\CellTypeRecognition_DeepLearning\input\R64 files\20210716\P1H2\alpha\alpha16_26.R64,G:\My Drive\PhD\CAPTUR3D_personal\00 Progetti\CellTypeRecognition_DeepLearning\input\numpy files\1139_alpha.npy
1140_alpha,20210716,P1H2,1 mM,alpha16,alpha,G:\My Drive\PhD\CAPTUR3D_personal\00 Progetti\CellTypeRecognition_DeepLearning\input\R64 files\20210716\P1H2\alpha\alpha16_27.R64,G:\My Drive\PhD\CAPTUR3D_personal\00 Progetti\CellTypeRecognition_DeepLearning\input\numpy files\1140_alpha.npy
1141_alpha,20210716,P1H2,1 mM,alpha16,alpha,G:\My Drive\PhD\CAPTUR3D_personal\00 Progetti\CellTypeRecognition_DeepLearning\input\R64 files\20210716\P1H2\alpha\alpha16_28.R64,G:\My Drive\PhD\CAPTUR3D_personal\00 Progetti\CellTypeRecognition_DeepLearning\input\numpy files\1141_alpha.npy
1142_alpha,20210716,P1H2,1 mM,alpha16,alpha,G:\My Drive\PhD\CAPTUR3D_personal\00 Progetti\CellTypeRecognition_DeepLearning\input\R64 files\20210716\P1H2\alpha\alpha16_29.R64,G:\My Drive\PhD\CAPTUR3D_personal\00 Progetti\CellTypeRecognition_DeepLearning\input\numpy files\1142_alpha.npy
1143_alpha,20210716,P1H2,1 mM,alpha16,alpha,G:\My Drive\PhD\CAPTUR3D_personal\00 Progetti\CellTypeRecognition_DeepLearning\input\R64 files\20210716\P1H2\alpha\alpha16_30.R64,G:\My Drive\PhD\CAPTUR3D_personal\00 Progetti\CellTypeRecognition_DeepLearning\input\numpy files\1143_alpha.npy
1144_alpha,20210716,P1H2,1 mM,alpha16,alpha,G:\My Drive\PhD\CAPTUR3D_personal\00 Progetti\CellTypeRecognition_DeepLearning\input\R64 files\20210716\P1H2\alpha\alpha16_31.R64,G:\My Drive\PhD\CAPTUR3D_personal\00 Progetti\CellTypeRecognition_DeepLearning\input\numpy files\1144_alpha.npy
1145_alpha,20210716,P1H2,1 mM,alpha16,alpha,G:\My Drive\PhD\CAPTUR3D_personal\00 Progetti\CellTypeRecognition_DeepLearning\input\R64 files\20210716\P1H2\alpha\alpha16_32.R64,G:\My Drive\PhD\CAPTUR3D_personal\00 Progetti\CellTypeRecognition_DeepLearning\input\numpy files\1145_alpha.npy
1146_alpha,20210716,P1H2,1 mM,alpha16,alpha,G:\My Drive\PhD\CAPTUR3D_personal\00 Progetti\CellTypeRecognition_DeepLearning\input\R64 files\20210716\P1H2\alpha\alpha16_33.R64,G:\My Drive\PhD\CAPTUR3D_personal\00 Progetti\CellTypeRecognition_DeepLearning\input\numpy files\1146_alpha.npy
1147_alpha,20210716,P1H2,1 mM,alpha16,alpha,G:\My Drive\PhD\CAPTUR3D_personal\00 Progetti\CellTypeRecognition_DeepLearning\input\R64 files\20210716\P1H2\alpha\alpha16_34.R64,G:\My Drive\PhD\CAPTUR3D_personal\00 Progetti\CellTypeRecognition_DeepLearning\input\numpy files\1147_alpha.npy
1148_alpha,20210716,P1H2,1 mM,alpha16,alpha,G:\My Drive\PhD\CAPTUR3D_personal\00 Progetti\CellTypeRecognition_DeepLearning\input\R64 files\20210716\P1H2\alpha\alpha16_35.R64,G:\My Drive\PhD\CAPTUR3D_personal\00 Progetti\CellTypeRecognition_DeepLearning\input\numpy files\1148_alpha.npy
1149_alpha,20210716,P1H2,1 mM,alpha16,alpha,G:\My Drive\PhD\CAPTUR3D_personal\00 Progetti\CellTypeRecognition_DeepLearning\input\R64 files\20210716\P1H2\alpha\alpha16_36.R64,G:\My Drive\PhD\CAPTUR3D_personal\00 Progetti\CellTypeRecognition_DeepLearning\input\numpy files\1149_alpha.npy
1150_beta,20210716,P2H1,2 mM,beta2,beta,G:\My Drive\PhD\CAPTUR3D_personal\00 Progetti\CellTypeRecognition_DeepLearning\input\R64 files\20210716\P2H1\beta\beta2_1.R64,G:\My Drive\PhD\CAPTUR3D_personal\00 Progetti\CellTypeRecognition_DeepLearning\input\numpy files\1150_beta.npy
1151_beta,20210716,P2H1,2 mM,beta2,beta,G:\My Drive\PhD\CAPTUR3D_personal\00 Progetti\CellTypeRecognition_DeepLearning\input\R64 files\20210716\P2H1\beta\beta2_2.R64,G:\My Drive\PhD\CAPTUR3D_personal\00 Progetti\CellTypeRecognition_DeepLearning\input\numpy files\1151_beta.npy
1152_beta,20210716,P2H1,2 mM,beta2,beta,G:\My Drive\PhD\CAPTUR3D_personal\00 Progetti\CellTypeRecognition_DeepLearning\input\R64 files\20210716\P2H1\beta\beta2_3.R64,G:\My Drive\PhD\CAPTUR3D_personal\00 Progetti\CellTypeRecognition_DeepLearning\input\numpy files\1152_beta.npy
1153_beta,20210716,P2H1,2 mM,beta2,beta,G:\My Drive\PhD\CAPTUR3D_personal\00 Progetti\CellTypeRecognition_DeepLearning\input\R64 files\20210716\P2H1\beta\beta2_4.R64,G:\My Drive\PhD\CAPTUR3D_personal\00 Progetti\CellTypeRecognition_DeepLearning\input\numpy files\1153_beta.npy
1154_beta,20210716,P2H1,2 mM,beta2,beta,G:\My Drive\PhD\CAPTUR3D_personal\00 Progetti\CellTypeRecognition_DeepLearning\input\R64 files\20210716\P2H1\beta\beta2_5.R64,G:\My Drive\PhD\CAPTUR3D_personal\00 Progetti\CellTypeRecognition_DeepLearning\input\numpy files\1154_beta.npy
1155_beta,20210716,P2H1,2 mM,beta2,beta,G:\My Drive\PhD\CAPTUR3D_personal\00 Progetti\CellTypeRecognition_DeepLearning\input\R64 files\20210716\P2H1\beta\beta2_6.R64,G:\My Drive\PhD\CAPTUR3D_personal\00 Progetti\CellTypeRecognition_DeepLearning\input\numpy files\1155_beta.npy
1156_beta,20210716,P2H1,2 mM,beta2,beta,G:\My Drive\PhD\CAPTUR3D_personal\00 Progetti\CellTypeRecognition_DeepLearning\input\R64 files\20210716\P2H1\beta\beta2_7.R64,G:\My Drive\PhD\CAPTUR3D_personal\00 Progetti\CellTypeRecognition_DeepLearning\input\numpy files\1156_beta.npy
1157_beta,20210716,P2H1,2 mM,beta2,beta,G:\My Drive\PhD\CAPTUR3D_personal\00 Progetti\CellTypeRecognition_DeepLearning\input\R64 files\20210716\P2H1\beta\beta2_8.R64,G:\My Drive\PhD\CAPTUR3D_personal\00 Progetti\CellTypeRecognition_DeepLearning\input\numpy files\1157_beta.npy
1158_beta,20210716,P2H1,2 mM,beta2,beta,G:\My Drive\PhD\CAPTUR3D_personal\00 Progetti\CellTypeRecognition_DeepLearning\input\R64 files\20210716\P2H1\beta\beta2_9.R64,G:\My Drive\PhD\CAPTUR3D_personal\00 Progetti\CellTypeRecognition_DeepLearning\input\numpy files\1158_beta.npy
1159_beta,20210716,P2H1,2 mM,beta2,beta,G:\My Drive\PhD\CAPTUR3D_personal\00 Progetti\CellTypeRecognition_DeepLearning\input\R64 files\20210716\P2H1\beta\beta2_10.R64,G:\My Drive\PhD\CAPTUR3D_personal\00 Progetti\CellTypeRecognition_DeepLearning\input\numpy files\1159_beta.npy
1160_beta,20210716,P2H1,2 mM,beta2,beta,G:\My Drive\PhD\CAPTUR3D_personal\00 Progetti\CellTypeRecognition_DeepLearning\input\R64 files\20210716\P2H1\beta\beta2_11.R64,G:\My Drive\PhD\CAPTUR3D_personal\00 Progetti\CellTypeRecognition_DeepLearning\input\numpy files\1160_beta.npy
1161_beta,20210716,P2H1,2 mM,beta2,beta,G:\My Drive\PhD\CAPTUR3D_personal\00 Progetti\CellTypeRecognition_DeepLearning\input\R64 files\20210716\P2H1\beta\beta2_12.R64,G:\My Drive\PhD\CAPTUR3D_personal\00 Progetti\CellTypeRecognition_DeepLearning\input\numpy files\1161_beta.npy
1162_beta,20210716,P2H1,2 mM,beta2,beta,G:\My Drive\PhD\CAPTUR3D_personal\00 Progetti\CellTypeRecognition_DeepLearning\input\R64 files\20210716\P2H1\beta\beta2_13.R64,G:\My Drive\PhD\CAPTUR3D_personal\00 Progetti\CellTypeRecognition_DeepLearning\input\numpy files\1162_beta.npy
1163_beta,20210716,P2H1,2 mM,beta2,beta,G:\My Drive\PhD\CAPTUR3D_personal\00 Progetti\CellTypeRecognition_DeepLearning\input\R64 files\20210716\P2H1\beta\beta2_14.R64,G:\My Drive\PhD\CAPTUR3D_personal\00 Progetti\CellTypeRecognition_DeepLearning\input\numpy files\1163_beta.npy
1164_beta,20210716,P2H1,2 mM,beta2,beta,G:\My Drive\PhD\CAPTUR3D_personal\00 Progetti\CellTypeRecognition_DeepLearning\input\R64 files\20210716\P2H1\beta\beta2_15.R64,G:\My Drive\PhD\CAPTUR3D_personal\00 Progetti\CellTypeRecognition_DeepLearning\input\numpy files\1164_beta.npy
1165_beta,20210716,P2H1,2 mM,beta2,beta,G:\My Drive\PhD\CAPTUR3D_personal\00 Progetti\CellTypeRecognition_DeepLearning\input\R64 files\20210716\P2H1\beta\beta2_16.R64,G:\My Drive\PhD\CAPTUR3D_personal\00 Progetti\CellTypeRecognition_DeepLearning\input\numpy files\1165_beta.npy
1166_beta,20210716,P2H1,2 mM,beta2,beta,G:\My Drive\PhD\CAPTUR3D_personal\00 Progetti\CellTypeRecognition_DeepLearning\input\R64 files\20210716\P2H1\beta\beta2_17.R64,G:\My Drive\PhD\CAPTUR3D_personal\00 Progetti\CellTypeRecognition_DeepLearning\input\numpy files\1166_beta.npy
1167_beta,20210716,P2H1,2 mM,beta2,beta,G:\My Drive\PhD\CAPTUR3D_personal\00 Progetti\CellTypeRecognition_DeepLearning\input\R64 files\20210716\P2H1\beta\beta2_18.R64,G:\My Drive\PhD\CAPTUR3D_personal\00 Progetti\CellTypeRecognition_DeepLearning\input\numpy files\1167_beta.npy
1168_beta,20210716,P2H1,2 mM,beta2,beta,G:\My Drive\PhD\CAPTUR3D_personal\00 Progetti\CellTypeRecognition_DeepLearning\input\R64 files\20210716\P2H1\beta\beta2_19.R64,G:\My Drive\PhD\CAPTUR3D_personal\00 Progetti\CellTypeRecognition_DeepLearning\input\numpy files\1168_beta.npy
1169_beta,20210716,P2H1,2 mM,beta2,beta,G:\My Drive\PhD\CAPTUR3D_personal\00 Progetti\CellTypeRecognition_DeepLearning\input\R64 files\20210716\P2H1\beta\beta2_20.R64,G:\My Drive\PhD\CAPTUR3D_personal\00 Progetti\CellTypeRecognition_DeepLearning\input\numpy files\1169_beta.npy
1170_beta,20210716,P2H1,2 mM,beta2,beta,G:\My Drive\PhD\CAPTUR3D_personal\00 Progetti\CellTypeRecognition_DeepLearning\input\R64 files\20210716\P2H1\beta\beta2_21.R64,G:\My Drive\PhD\CAPTUR3D_personal\00 Progetti\CellTypeRecognition_DeepLearning\input\numpy files\1170_beta.npy
1171_beta,20210716,P2H1,2 mM,beta2,beta,G:\My Drive\PhD\CAPTUR3D_personal\00 Progetti\CellTypeRecognition_DeepLearning\input\R64 files\20210716\P2H1\beta\beta2_22.R64,G:\My Drive\PhD\CAPTUR3D_personal\00 Progetti\CellTypeRecognition_DeepLearning\input\numpy files\1171_beta.npy
1172_beta,20210716,P2H1,2 mM,beta2,beta,G:\My Drive\PhD\CAPTUR3D_personal\00 Progetti\CellTypeRecognition_DeepLearning\input\R64 files\20210716\P2H1\beta\beta2_23.R64,G:\My Drive\PhD\CAPTUR3D_personal\00 Progetti\CellTypeRecognition_DeepLearning\input\numpy files\1172_beta.npy
1173_beta,20210716,P2H1,2 mM,beta2,beta,G:\My Drive\PhD\CAPTUR3D_personal\00 Progetti\CellTypeRecognition_DeepLearning\input\R64 files\20210716\P2H1\beta\beta2_24.R64,G:\My Drive\PhD\CAPTUR3D_personal\00 Progetti\CellTypeRecognition_DeepLearning\input\numpy files\1173_beta.npy
1174_beta,20210716,P2H1,2 mM,beta2,beta,G:\My Drive\PhD\CAPTUR3D_personal\00 Progetti\CellTypeRecognition_DeepLearning\input\R64 files\20210716\P2H1\beta\beta2_25.R64,G:\My Drive\PhD\CAPTUR3D_personal\00 Progetti\CellTypeRecognition_DeepLearning\input\numpy files\1174_beta.npy
1175_beta,20210716,P2H1,2 mM,beta2,beta,G:\My Drive\PhD\CAPTUR3D_personal\00 Progetti\CellTypeRecognition_DeepLearning\input\R64 files\20210716\P2H1\beta\beta2_26.R64,G:\My Drive\PhD\CAPTUR3D_personal\00 Progetti\CellTypeRecognition_DeepLearning\input\numpy files\1175_beta.npy
1176_beta,20210716,P2H1,2 mM,beta2,beta,G:\My Drive\PhD\CAPTUR3D_personal\00 Progetti\CellTypeRecognition_DeepLearning\input\R64 files\20210716\P2H1\beta\beta2_27.R64,G:\My Drive\PhD\CAPTUR3D_personal\00 Progetti\CellTypeRecognition_DeepLearning\input\numpy files\1176_beta.npy
1177_beta,20210716,P2H1,2 mM,beta2,beta,G:\My Drive\PhD\CAPTUR3D_personal\00 Progetti\CellTypeRecognition_DeepLearning\input\R64 files\20210716\P2H1\beta\beta2_28.R64,G:\My Drive\PhD\CAPTUR3D_personal\00 Progetti\CellTypeRecognition_DeepLearning\input\numpy files\1177_beta.npy
1178_beta,20210716,P2H1,2 mM,beta2,beta,G:\My Drive\PhD\CAPTUR3D_personal\00 Progetti\CellTypeRecognition_DeepLearning\input\R64 files\20210716\P2H1\beta\beta2_29.R64,G:\My Drive\PhD\CAPTUR3D_personal\00 Progetti\CellTypeRecognition_DeepLearning\input\numpy files\1178_beta.npy
1179_beta,20210716,P2H1,2 mM,beta2,beta,G:\My Drive\PhD\CAPTUR3D_personal\00 Progetti\CellTypeRecognition_DeepLearning\input\R64 files\20210716\P2H1\beta\beta2_30.R64,G:\My Drive\PhD\CAPTUR3D_personal\00 Progetti\CellTypeRecognition_DeepLearning\input\numpy files\1179_beta.npy
1180_beta,20210716,P2H1,2 mM,beta2,beta,G:\My Drive\PhD\CAPTUR3D_personal\00 Progetti\CellTypeRecognition_DeepLearning\input\R64 files\20210716\P2H1\beta\beta2_31.R64,G:\My Drive\PhD\CAPTUR3D_personal\00 Progetti\CellTypeRecognition_DeepLearning\input\numpy files\1180_beta.npy
1181_beta,20210716,P2H1,2 mM,beta2,beta,G:\My Drive\PhD\CAPTUR3D_personal\00 Progetti\CellTypeRecognition_DeepLearning\input\R64 files\20210716\P2H1\beta\beta2_32.R64,G:\My Drive\PhD\CAPTUR3D_personal\00 Progetti\CellTypeRecognition_DeepLearning\input\numpy files\1181_beta.npy
1182_beta,20210716,P2H1,2 mM,beta2,beta,G:\My Drive\PhD\CAPTUR3D_personal\00 Progetti\CellTypeRecognition_DeepLearning\input\R64 files\20210716\P2H1\beta\beta2_33.R64,G:\My Drive\PhD\CAPTUR3D_personal\00 Progetti\CellTypeRecognition_DeepLearning\input\numpy files\1182_beta.npy
1183_beta,20210716,P2H1,2 mM,beta2,beta,G:\My Drive\PhD\CAPTUR3D_personal\00 Progetti\CellTypeRecognition_DeepLearning\input\R64 files\20210716\P2H1\beta\beta2_34.R64,G:\My Drive\PhD\CAPTUR3D_personal\00 Progetti\CellTypeRecognition_DeepLearning\input\numpy files\1183_beta.npy
1184_beta,20210716,P2H1,2 mM,beta2,beta,G:\My Drive\PhD\CAPTUR3D_personal\00 Progetti\CellTypeRecognition_DeepLearning\input\R64 files\20210716\P2H1\beta\beta2_35.R64,G:\My Drive\PhD\CAPTUR3D_personal\00 Progetti\CellTypeRecognition_DeepLearning\input\numpy files\1184_beta.npy
1185_beta,20210716,P2H1,2 mM,beta2,beta,G:\My Drive\PhD\CAPTUR3D_personal\00 Progetti\CellTypeRecognition_DeepLearning\input\R64 files\20210716\P2H1\beta\beta2_36.R64,G:\My Drive\PhD\CAPTUR3D_personal\00 Progetti\CellTypeRecognition_DeepLearning\input\numpy files\1185_beta.npy
1186_beta,20210716,P2H1,2 mM,beta2,beta,G:\My Drive\PhD\CAPTUR3D_personal\00 Progetti\CellTypeRecognition_DeepLearning\input\R64 files\20210716\P2H1\beta\beta2_37.R64,G:\My Drive\PhD\CAPTUR3D_personal\00 Progetti\CellTypeRecognition_DeepLearning\input\numpy files\1186_beta.npy
1187_beta,20210716,P2H1,2 mM,beta2,beta,G:\My Drive\PhD\CAPTUR3D_personal\00 Progetti\CellTypeRecognition_DeepLearning\input\R64 files\20210716\P2H1\beta\beta2_38.R64,G:\My Drive\PhD\CAPTUR3D_personal\00 Progetti\CellTypeRecognition_DeepLearning\input\numpy files\1187_beta.npy
1188_beta,20210716,P2H1,2 mM,beta2,beta,G:\My Drive\PhD\CAPTUR3D_personal\00 Progetti\CellTypeRecognition_DeepLearning\input\R64 files\20210716\P2H1\beta\beta2_39.R64,G:\My Drive\PhD\CAPTUR3D_personal\00 Progetti\CellTypeRecognition_DeepLearning\input\numpy files\1188_beta.npy
1189_beta,20210716,P2H1,2 mM,beta2,beta,G:\My Drive\PhD\CAPTUR3D_personal\00 Progetti\CellTypeRecognition_DeepLearning\input\R64 files\20210716\P2H1\beta\beta2_40.R64,G:\My Drive\PhD\CAPTUR3D_personal\00 Progetti\CellTypeRecognition_DeepLearning\input\numpy files\1189_beta.npy
1190_beta,20210716,P2H1,2 mM,beta2,beta,G:\My Drive\PhD\CAPTUR3D_personal\00 Progetti\CellTypeRecognition_DeepLearning\input\R64 files\20210716\P2H1\beta\beta2_41.R64,G:\My Drive\PhD\CAPTUR3D_personal\00 Progetti\CellTypeRecognition_DeepLearning\input\numpy files\1190_beta.npy
1191_beta,20210716,P2H1,2 mM,beta2,beta,G:\My Drive\PhD\CAPTUR3D_personal\00 Progetti\CellTypeRecognition_DeepLearning\input\R64 files\20210716\P2H1\beta\beta2_42.R64,G:\My Drive\PhD\CAPTUR3D_personal\00 Progetti\CellTypeRecognition_DeepLearning\input\numpy files\1191_beta.npy
1192_beta,20210716,P2H1,2 mM,beta2,beta,G:\My Drive\PhD\CAPTUR3D_personal\00 Progetti\CellTypeRecognition_DeepLearning\input\R64 files\20210716\P2H1\beta\beta2_43.R64,G:\My Drive\PhD\CAPTUR3D_personal\00 Progetti\CellTypeRecognition_DeepLearning\input\numpy files\1192_beta.npy
1193_beta,20210716,P2H1,2 mM,beta2,beta,G:\My Drive\PhD\CAPTUR3D_personal\00 Progetti\CellTypeRecognition_DeepLearning\input\R64 files\20210716\P2H1\beta\beta2_44.R64,G:\My Drive\PhD\CAPTUR3D_personal\00 Progetti\CellTypeRecognition_DeepLearning\input\numpy files\1193_beta.npy
1194_beta,20210716,P2H1,2 mM,beta2,beta,G:\My Drive\PhD\CAPTUR3D_personal\00 Progetti\CellTypeRecognition_DeepLearning\input\R64 files\20210716\P2H1\beta\beta2_45.R64,G:\My Drive\PhD\CAPTUR3D_personal\00 Progetti\CellTypeRecognition_DeepLearning\input\numpy files\1194_beta.npy
1195_beta,20210716,P2H1,2 mM,beta2,beta,G:\My Drive\PhD\CAPTUR3D_personal\00 Progetti\CellTypeRecognition_DeepLearning\input\R64 files\20210716\P2H1\beta\beta2_46.R64,G:\My Drive\PhD\CAPTUR3D_personal\00 Progetti\CellTypeRecognition_DeepLearning\input\numpy files\1195_beta.npy
1196_beta,20210716,P2H1,2 mM,beta2,beta,G:\My Drive\PhD\CAPTUR3D_personal\00 Progetti\CellTypeRecognition_DeepLearning\input\R64 files\20210716\P2H1\beta\beta2_47.R64,G:\My Drive\PhD\CAPTUR3D_personal\00 Progetti\CellTypeRecognition_DeepLearning\input\numpy files\1196_beta.npy
1197_beta,20210716,P2H1,2 mM,beta2,beta,G:\My Drive\PhD\CAPTUR3D_personal\00 Progetti\CellTypeRecognition_DeepLearning\input\R64 files\20210716\P2H1\beta\beta2_48.R64,G:\My Drive\PhD\CAPTUR3D_personal\00 Progetti\CellTypeRecognition_DeepLearning\input\numpy files\1197_beta.npy
1198_beta,20210716,P2H1,2 mM,beta2,beta,G:\My Drive\PhD\CAPTUR3D_personal\00 Progetti\CellTypeRecognition_DeepLearning\input\R64 files\20210716\P2H1\beta\beta2_49.R64,G:\My Drive\PhD\CAPTUR3D_personal\00 Progetti\CellTypeRecognition_DeepLearning\input\numpy files\1198_beta.npy
1199_beta,20210716,P2H1,1 mM,beta16,beta,G:\My Drive\PhD\CAPTUR3D_personal\00 Progetti\CellTypeRecognition_DeepLearning\input\R64 files\20210716\P2H1\beta\beta16_1.R64,G:\My Drive\PhD\CAPTUR3D_personal\00 Progetti\CellTypeRecognition_DeepLearning\input\numpy files\1199_beta.npy
1200_beta,20210716,P2H1,1 mM,beta16,beta,G:\My Drive\PhD\CAPTUR3D_personal\00 Progetti\CellTypeRecognition_DeepLearning\input\R64 files\20210716\P2H1\beta\beta16_2.R64,G:\My Drive\PhD\CAPTUR3D_personal\00 Progetti\CellTypeRecognition_DeepLearning\input\numpy files\1200_beta.npy
1201_beta,20210716,P2H1,1 mM,beta16,beta,G:\My Drive\PhD\CAPTUR3D_personal\00 Progetti\CellTypeRecognition_DeepLearning\input\R64 files\20210716\P2H1\beta\beta16_3.R64,G:\My Drive\PhD\CAPTUR3D_personal\00 Progetti\CellTypeRecognition_DeepLearning\input\numpy files\1201_beta.npy
1202_beta,20210716,P2H1,1 mM,beta16,beta,G:\My Drive\PhD\CAPTUR3D_personal\00 Progetti\CellTypeRecognition_DeepLearning\input\R64 files\20210716\P2H1\beta\beta16_4.R64,G:\My Drive\PhD\CAPTUR3D_personal\00 Progetti\CellTypeRecognition_DeepLearning\input\numpy files\1202_beta.npy
1203_beta,20210716,P2H1,1 mM,beta16,beta,G:\My Drive\PhD\CAPTUR3D_personal\00 Progetti\CellTypeRecognition_DeepLearning\input\R64 files\20210716\P2H1\beta\beta16_5.R64,G:\My Drive\PhD\CAPTUR3D_personal\00 Progetti\CellTypeRecognition_DeepLearning\input\numpy files\1203_beta.npy
1204_beta,20210716,P2H1,1 mM,beta16,beta,G:\My Drive\PhD\CAPTUR3D_personal\00 Progetti\CellTypeRecognition_DeepLearning\input\R64 files\20210716\P2H1\beta\beta16_6.R64,G:\My Drive\PhD\CAPTUR3D_personal\00 Progetti\CellTypeRecognition_DeepLearning\input\numpy files\1204_beta.npy
1205_beta,20210716,P2H1,1 mM,beta16,beta,G:\My Drive\PhD\CAPTUR3D_personal\00 Progetti\CellTypeRecognition_DeepLearning\input\R64 files\20210716\P2H1\beta\beta16_7.R64,G:\My Drive\PhD\CAPTUR3D_personal\00 Progetti\CellTypeRecognition_DeepLearning\input\numpy files\1205_beta.npy
1206_beta,20210716,P2H1,1 mM,beta16,beta,G:\My Drive\PhD\CAPTUR3D_personal\00 Progetti\CellTypeRecognition_DeepLearning\input\R64 files\20210716\P2H1\beta\beta16_8.R64,G:\My Drive\PhD\CAPTUR3D_personal\00 Progetti\CellTypeRecognition_DeepLearning\input\numpy files\1206_beta.npy
1207_beta,20210716,P2H1,1 mM,beta16,beta,G:\My Drive\PhD\CAPTUR3D_personal\00 Progetti\CellTypeRecognition_DeepLearning\input\R64 files\20210716\P2H1\beta\beta16_9.R64,G:\My Drive\PhD\CAPTUR3D_personal\00 Progetti\CellTypeRecognition_DeepLearning\input\numpy files\1207_beta.npy
1208_beta,20210716,P2H1,1 mM,beta16,beta,G:\My Drive\PhD\CAPTUR3D_personal\00 Progetti\CellTypeRecognition_DeepLearning\input\R64 files\20210716\P2H1\beta\beta16_10.R64,G:\My Drive\PhD\CAPTUR3D_personal\00 Progetti\CellTypeRecognition_DeepLearning\input\numpy files\1208_beta.npy
1209_beta,20210716,P2H1,1 mM,beta16,beta,G:\My Drive\PhD\CAPTUR3D_personal\00 Progetti\CellTypeRecognition_DeepLearning\input\R64 files\20210716\P2H1\beta\beta16_11.R64,G:\My Drive\PhD\CAPTUR3D_personal\00 Progetti\CellTypeRecognition_DeepLearning\input\numpy files\1209_beta.npy
1210_beta,20210716,P2H1,1 mM,beta16,beta,G:\My Drive\PhD\CAPTUR3D_personal\00 Progetti\CellTypeRecognition_DeepLearning\input\R64 files\20210716\P2H1\beta\beta16_12.R64,G:\My Drive\PhD\CAPTUR3D_personal\00 Progetti\CellTypeRecognition_DeepLearning\input\numpy files\1210_beta.npy
1211_beta,20210716,P2H1,1 mM,beta16,beta,G:\My Drive\PhD\CAPTUR3D_personal\00 Progetti\CellTypeRecognition_DeepLearning\input\R64 files\20210716\P2H1\beta\beta16_13.R64,G:\My Drive\PhD\CAPTUR3D_personal\00 Progetti\CellTypeRecognition_DeepLearning\input\numpy files\1211_beta.npy
1212_beta,20210716,P2H1,1 mM,beta16,beta,G:\My Drive\PhD\CAPTUR3D_personal\00 Progetti\CellTypeRecognition_DeepLearning\input\R64 files\20210716\P2H1\beta\beta16_14.R64,G:\My Drive\PhD\CAPTUR3D_personal\00 Progetti\CellTypeRecognition_DeepLearning\input\numpy files\1212_beta.npy
1213_beta,20210716,P2H1,1 mM,beta16,beta,G:\My Drive\PhD\CAPTUR3D_personal\00 Progetti\CellTypeRecognition_DeepLearning\input\R64 files\20210716\P2H1\beta\beta16_15.R64,G:\My Drive\PhD\CAPTUR3D_personal\00 Progetti\CellTypeRecognition_DeepLearning\input\numpy files\1213_beta.npy
1214_beta,20210716,P2H1,1 mM,beta16,beta,G:\My Drive\PhD\CAPTUR3D_personal\00 Progetti\CellTypeRecognition_DeepLearning\input\R64 files\20210716\P2H1\beta\beta16_16.R64,G:\My Drive\PhD\CAPTUR3D_personal\00 Progetti\CellTypeRecognition_DeepLearning\input\numpy files\1214_beta.npy
1215_beta,20210716,P2H1,1 mM,beta16,beta,G:\My Drive\PhD\CAPTUR3D_personal\00 Progetti\CellTypeRecognition_DeepLearning\input\R64 files\20210716\P2H1\beta\beta16_17.R64,G:\My Drive\PhD\CAPTUR3D_personal\00 Progetti\CellTypeRecognition_DeepLearning\input\numpy files\1215_beta.npy
1216_beta,20210716,P2H1,1 mM,beta16,beta,G:\My Drive\PhD\CAPTUR3D_personal\00 Progetti\CellTypeRecognition_DeepLearning\input\R64 files\20210716\P2H1\beta\beta16_18.R64,G:\My Drive\PhD\CAPTUR3D_personal\00 Progetti\CellTypeRecognition_DeepLearning\input\numpy files\1216_beta.npy
1217_beta,20210716,P2H1,1 mM,beta16,beta,G:\My Drive\PhD\CAPTUR3D_personal\00 Progetti\CellTypeRecognition_DeepLearning\input\R64 files\20210716\P2H1\beta\beta16_19.R64,G:\My Drive\PhD\CAPTUR3D_personal\00 Progetti\CellTypeRecognition_DeepLearning\input\numpy files\1217_beta.npy
1218_beta,20210716,P2H1,1 mM,beta16,beta,G:\My Drive\PhD\CAPTUR3D_personal\00 Progetti\CellTypeRecognition_DeepLearning\input\R64 files\20210716\P2H1\beta\beta16_20.R64,G:\My Drive\PhD\CAPTUR3D_personal\00 Progetti\CellTypeRecognition_DeepLearning\input\numpy files\1218_beta.npy
1219_beta,20210716,P2H1,1 mM,beta16,beta,G:\My Drive\PhD\CAPTUR3D_personal\00 Progetti\CellTypeRecognition_DeepLearning\input\R64 files\20210716\P2H1\beta\beta16_21.R64,G:\My Drive\PhD\CAPTUR3D_personal\00 Progetti\CellTypeRecognition_DeepLearning\input\numpy files\1219_beta.npy
1220_beta,20210716,P2H1,1 mM,beta16,beta,G:\My Drive\PhD\CAPTUR3D_personal\00 Progetti\CellTypeRecognition_DeepLearning\input\R64 files\20210716\P2H1\beta\beta16_22.R64,G:\My Drive\PhD\CAPTUR3D_personal\00 Progetti\CellTypeRecognition_DeepLearning\input\numpy files\1220_beta.npy
1221_beta,20210716,P2H1,1 mM,beta16,beta,G:\My Drive\PhD\CAPTUR3D_personal\00 Progetti\CellTypeRecognition_DeepLearning\input\R64 files\20210716\P2H1\beta\beta16_23.R64,G:\My Drive\PhD\CAPTUR3D_personal\00 Progetti\CellTypeRecognition_DeepLearning\input\numpy files\1221_beta.npy
1222_beta,20210716,P2H1,1 mM,beta16,beta,G:\My Drive\PhD\CAPTUR3D_personal\00 Progetti\CellTypeRecognition_DeepLearning\input\R64 files\20210716\P2H1\beta\beta16_24.R64,G:\My Drive\PhD\CAPTUR3D_personal\00 Progetti\CellTypeRecognition_DeepLearning\input\numpy files\1222_beta.npy
1223_beta,20210716,P2H1,1 mM,beta16,beta,G:\My Drive\PhD\CAPTUR3D_personal\00 Progetti\CellTypeRecognition_DeepLearning\input\R64 files\20210716\P2H1\beta\beta16_25.R64,G:\My Drive\PhD\CAPTUR3D_personal\00 Progetti\CellTypeRecognition_DeepLearning\input\numpy files\1223_beta.npy
1224_beta,20210716,P2H1,1 mM,beta16,beta,G:\My Drive\PhD\CAPTUR3D_personal\00 Progetti\CellTypeRecognition_DeepLearning\input\R64 files\20210716\P2H1\beta\beta16_26.R64,G:\My Drive\PhD\CAPTUR3D_personal\00 Progetti\CellTypeRecognition_DeepLearning\input\numpy files\1224_beta.npy
1225_beta,20210716,P2H1,1 mM,beta16,beta,G:\My Drive\PhD\CAPTUR3D_personal\00 Progetti\CellTypeRecognition_DeepLearning\input\R64 files\20210716\P2H1\beta\beta16_27.R64,G:\My Drive\PhD\CAPTUR3D_personal\00 Progetti\CellTypeRecognition_DeepLearning\input\numpy files\1225_beta.npy
1226_beta,20210716,P2H1,1 mM,beta16,beta,G:\My Drive\PhD\CAPTUR3D_personal\00 Progetti\CellTypeRecognition_DeepLearning\input\R64 files\20210716\P2H1\beta\beta16_28.R64,G:\My Drive\PhD\CAPTUR3D_personal\00 Progetti\CellTypeRecognition_DeepLearning\input\numpy files\1226_beta.npy
1227_beta,20210716,P2H1,1 mM,beta16,beta,G:\My Drive\PhD\CAPTUR3D_personal\00 Progetti\CellTypeRecognition_DeepLearning\input\R64 files\20210716\P2H1\beta\beta16_29.R64,G:\My Drive\PhD\CAPTUR3D_personal\00 Progetti\CellTypeRecognition_DeepLearning\input\numpy files\1227_beta.npy
1228_beta,20210716,P2H1,1 mM,beta16,beta,G:\My Drive\PhD\CAPTUR3D_personal\00 Progetti\CellTypeRecognition_DeepLearning\input\R64 files\20210716\P2H1\beta\beta16_30.R64,G:\My Drive\PhD\CAPTUR3D_personal\00 Progetti\CellTypeRecognition_DeepLearning\input\numpy files\1228_beta.npy
1229_beta,20210716,P2H1,1 mM,beta16,beta,G:\My Drive\PhD\CAPTUR3D_personal\00 Progetti\CellTypeRecognition_DeepLearning\input\R64 files\20210716\P2H1\beta\beta16_31.R64,G:\My Drive\PhD\CAPTUR3D_personal\00 Progetti\CellTypeRecognition_DeepLearning\input\numpy files\1229_beta.npy
1230_beta,20210716,P2H1,1 mM,beta16,beta,G:\My Drive\PhD\CAPTUR3D_personal\00 Progetti\CellTypeRecognition_DeepLearning\input\R64 files\20210716\P2H1\beta\beta16_32.R64,G:\My Drive\PhD\CAPTUR3D_personal\00 Progetti\CellTypeRecognition_DeepLearning\input\numpy files\1230_beta.npy
1231_beta,20210716,P2H1,1 mM,beta16,beta,G:\My Drive\PhD\CAPTUR3D_personal\00 Progetti\CellTypeRecognition_DeepLearning\input\R64 files\20210716\P2H1\beta\beta16_33.R64,G:\My Drive\PhD\CAPTUR3D_personal\00 Progetti\CellTypeRecognition_DeepLearning\input\numpy files\1231_beta.npy
1232_beta,20210716,P2H1,1 mM,beta16,beta,G:\My Drive\PhD\CAPTUR3D_personal\00 Progetti\CellTypeRecognition_DeepLearning\input\R64 files\20210716\P2H1\beta\beta16_34.R64,G:\My Drive\PhD\CAPTUR3D_personal\00 Progetti\CellTypeRecognition_DeepLearning\input\numpy files\1232_beta.npy
1233_beta,20210716,P2H1,1 mM,beta16,beta,G:\My Drive\PhD\CAPTUR3D_personal\00 Progetti\CellTypeRecognition_DeepLearning\input\R64 files\20210716\P2H1\beta\beta16_35.R64,G:\My Drive\PhD\CAPTUR3D_personal\00 Progetti\CellTypeRecognition_DeepLearning\input\numpy files\1233_beta.npy
1234_beta,20210716,P2H1,1 mM,beta16,beta,G:\My Drive\PhD\CAPTUR3D_personal\00 Progetti\CellTypeRecognition_DeepLearning\input\R64 files\20210716\P2H1\beta\beta16_36.R64,G:\My Drive\PhD\CAPTUR3D_personal\00 Progetti\CellTypeRecognition_DeepLearning\input\numpy files\1234_beta.npy
1235_beta,20210716,P2H1,1 mM,beta16,beta,G:\My Drive\PhD\CAPTUR3D_personal\00 Progetti\CellTypeRecognition_DeepLearning\input\R64 files\20210716\P2H1\beta\beta16_37.R64,G:\My Drive\PhD\CAPTUR3D_personal\00 Progetti\CellTypeRecognition_DeepLearning\input\numpy files\1235_beta.npy
1236_beta,20210716,P2H1,1 mM,beta16,beta,G:\My Drive\PhD\CAPTUR3D_personal\00 Progetti\CellTypeRecognition_DeepLearning\input\R64 files\20210716\P2H1\beta\beta16_38.R64,G:\My Drive\PhD\CAPTUR3D_personal\00 Progetti\CellTypeRecognition_DeepLearning\input\numpy files\1236_beta.npy
1237_beta,20210716,P2H1,1 mM,beta16,beta,G:\My Drive\PhD\CAPTUR3D_personal\00 Progetti\CellTypeRecognition_DeepLearning\input\R64 files\20210716\P2H1\beta\beta16_39.R64,G:\My Drive\PhD\CAPTUR3D_personal\00 Progetti\CellTypeRecognition_DeepLearning\input\numpy files\1237_beta.npy
1238_beta,20210716,P2H1,1 mM,beta16,beta,G:\My Drive\PhD\CAPTUR3D_personal\00 Progetti\CellTypeRecognition_DeepLearning\input\R64 files\20210716\P2H1\beta\beta16_40.R64,G:\My Drive\PhD\CAPTUR3D_personal\00 Progetti\CellTypeRecognition_DeepLearning\input\numpy files\1238_beta.npy
1239_beta,20210716,P2H1,1 mM,beta16,beta,G:\My Drive\PhD\CAPTUR3D_personal\00 Progetti\CellTypeRecognition_DeepLearning\input\R64 files\20210716\P2H1\beta\beta16_41.R64,G:\My Drive\PhD\CAPTUR3D_personal\00 Progetti\CellTypeRecognition_DeepLearning\input\numpy files\1239_beta.npy
1240_beta,20210716,P2H1,1 mM,beta16,beta,G:\My Drive\PhD\CAPTUR3D_personal\00 Progetti\CellTypeRecognition_DeepLearning\input\R64 files\20210716\P2H1\beta\beta16_42.R64,G:\My Drive\PhD\CAPTUR3D_personal\00 Progetti\CellTypeRecognition_DeepLearning\input\numpy files\1240_beta.npy
1241_beta,20210716,P2H1,1 mM,beta16,beta,G:\My Drive\PhD\CAPTUR3D_personal\00 Progetti\CellTypeRecognition_DeepLearning\input\R64 files\20210716\P2H1\beta\beta16_43.R64,G:\My Drive\PhD\CAPTUR3D_personal\00 Progetti\CellTypeRecognition_DeepLearning\input\numpy files\1241_beta.npy
1242_beta,20210716,P2H1,1 mM,beta16,beta,G:\My Drive\PhD\CAPTUR3D_personal\00 Progetti\CellTypeRecognition_DeepLearning\input\R64 files\20210716\P2H1\beta\beta16_44.R64,G:\My Drive\PhD\CAPTUR3D_personal\00 Progetti\CellTypeRecognition_DeepLearning\input\numpy files\1242_beta.npy
1243_beta,20210716,P2H1,1 mM,beta16,beta,G:\My Drive\PhD\CAPTUR3D_personal\00 Progetti\CellTypeRecognition_DeepLearning\input\R64 files\20210716\P2H1\beta\beta16_45.R64,G:\My Drive\PhD\CAPTUR3D_personal\00 Progetti\CellTypeRecognition_DeepLearning\input\numpy files\1243_beta.npy
1244_beta,20210716,P2H1,1 mM,beta16,beta,G:\My Drive\PhD\CAPTUR3D_personal\00 Progetti\CellTypeRecognition_DeepLearning\input\R64 files\20210716\P2H1\beta\beta16_46.R64,G:\My Drive\PhD\CAPTUR3D_personal\00 Progetti\CellTypeRecognition_DeepLearning\input\numpy files\1244_beta.npy
1245_beta,20210716,P2H1,1 mM,beta16,beta,G:\My Drive\PhD\CAPTUR3D_personal\00 Progetti\CellTypeRecognition_DeepLearning\input\R64 files\20210716\P2H1\beta\beta16_47.R64,G:\My Drive\PhD\CAPTUR3D_personal\00 Progetti\CellTypeRecognition_DeepLearning\input\numpy files\1245_beta.npy
1246_beta,20210716,P2H1,1 mM,beta16,beta,G:\My Drive\PhD\CAPTUR3D_personal\00 Progetti\CellTypeRecognition_DeepLearning\input\R64 files\20210716\P2H1\beta\beta16_48.R64,G:\My Drive\PhD\CAPTUR3D_personal\00 Progetti\CellTypeRecognition_DeepLearning\input\numpy files\1246_beta.npy
1247_beta,20210716,P2H1,1 mM,beta16,beta,G:\My Drive\PhD\CAPTUR3D_personal\00 Progetti\CellTypeRecognition_DeepLearning\input\R64 files\20210716\P2H1\beta\beta16_49.R64,G:\My Drive\PhD\CAPTUR3D_personal\00 Progetti\CellTypeRecognition_DeepLearning\input\numpy files\1247_beta.npy
1248_alpha,20210716,P2H1,2 mM,alpha2,alpha,G:\My Drive\PhD\CAPTUR3D_personal\00 Progetti\CellTypeRecognition_DeepLearning\input\R64 files\20210716\P2H1\alpha\alpha2_1.R64,G:\My Drive\PhD\CAPTUR3D_personal\00 Progetti\CellTypeRecognition_DeepLearning\input\numpy files\1248_alpha.npy
1249_alpha,20210716,P2H1,2 mM,alpha2,alpha,G:\My Drive\PhD\CAPTUR3D_personal\00 Progetti\CellTypeRecognition_DeepLearning\input\R64 files\20210716\P2H1\alpha\alpha2_2.R64,G:\My Drive\PhD\CAPTUR3D_personal\00 Progetti\CellTypeRecognition_DeepLearning\input\numpy files\1249_alpha.npy
1250_alpha,20210716,P2H1,2 mM,alpha2,alpha,G:\My Drive\PhD\CAPTUR3D_personal\00 Progetti\CellTypeRecognition_DeepLearning\input\R64 files\20210716\P2H1\alpha\alpha2_3.R64,G:\My Drive\PhD\CAPTUR3D_personal\00 Progetti\CellTypeRecognition_DeepLearning\input\numpy files\1250_alpha.npy
1251_alpha,20210716,P2H1,2 mM,alpha2,alpha,G:\My Drive\PhD\CAPTUR3D_personal\00 Progetti\CellTypeRecognition_DeepLearning\input\R64 files\20210716\P2H1\alpha\alpha2_4.R64,G:\My Drive\PhD\CAPTUR3D_personal\00 Progetti\CellTypeRecognition_DeepLearning\input\numpy files\1251_alpha.npy
1252_alpha,20210716,P2H1,2 mM,alpha2,alpha,G:\My Drive\PhD\CAPTUR3D_personal\00 Progetti\CellTypeRecognition_DeepLearning\input\R64 files\20210716\P2H1\alpha\alpha2_5.R64,G:\My Drive\PhD\CAPTUR3D_personal\00 Progetti\CellTypeRecognition_DeepLearning\input\numpy files\1252_alpha.npy
1253_alpha,20210716,P2H1,2 mM,alpha2,alpha,G:\My Drive\PhD\CAPTUR3D_personal\00 Progetti\CellTypeRecognition_DeepLearning\input\R64 files\20210716\P2H1\alpha\alpha2_6.R64,G:\My Drive\PhD\CAPTUR3D_personal\00 Progetti\CellTypeRecognition_DeepLearning\input\numpy files\1253_alpha.npy
1254_alpha,20210716,P2H1,2 mM,alpha2,alpha,G:\My Drive\PhD\CAPTUR3D_personal\00 Progetti\CellTypeRecognition_DeepLearning\input\R64 files\20210716\P2H1\alpha\alpha2_7.R64,G:\My Drive\PhD\CAPTUR3D_personal\00 Progetti\CellTypeRecognition_DeepLearning\input\numpy files\1254_alpha.npy
1255_alpha,20210716,P2H1,2 mM,alpha2,alpha,G:\My Drive\PhD\CAPTUR3D_personal\00 Progetti\CellTypeRecognition_DeepLearning\input\R64 files\20210716\P2H1\alpha\alpha2_8.R64,G:\My Drive\PhD\CAPTUR3D_personal\00 Progetti\CellTypeRecognition_DeepLearning\input\numpy files\1255_alpha.npy
1256_alpha,20210716,P2H1,2 mM,alpha2,alpha,G:\My Drive\PhD\CAPTUR3D_personal\00 Progetti\CellTypeRecognition_DeepLearning\input\R64 files\20210716\P2H1\alpha\alpha2_9.R64,G:\My Drive\PhD\CAPTUR3D_personal\00 Progetti\CellTypeRecognition_DeepLearning\input\numpy files\1256_alpha.npy
1257_alpha,20210716,P2H1,2 mM,alpha2,alpha,G:\My Drive\PhD\CAPTUR3D_personal\00 Progetti\CellTypeRecognition_DeepLearning\input\R64 files\20210716\P2H1\alpha\alpha2_10.R64,G:\My Drive\PhD\CAPTUR3D_personal\00 Progetti\CellTypeRecognition_DeepLearning\input\numpy files\1257_alpha.npy
1258_alpha,20210716,P2H1,2 mM,alpha2,alpha,G:\My Drive\PhD\CAPTUR3D_personal\00 Progetti\CellTypeRecognition_DeepLearning\input\R64 files\20210716\P2H1\alpha\alpha2_11.R64,G:\My Drive\PhD\CAPTUR3D_personal\00 Progetti\CellTypeRecognition_DeepLearning\input\numpy files\1258_alpha.npy
1259_alpha,20210716,P2H1,2 mM,alpha2,alpha,G:\My Drive\PhD\CAPTUR3D_personal\00 Progetti\CellTypeRecognition_DeepLearning\input\R64 files\20210716\P2H1\alpha\alpha2_12.R64,G:\My Drive\PhD\CAPTUR3D_personal\00 Progetti\CellTypeRecognition_DeepLearning\input\numpy files\1259_alpha.npy
1260_alpha,20210716,P2H1,2 mM,alpha2,alpha,G:\My Drive\PhD\CAPTUR3D_personal\00 Progetti\CellTypeRecognition_DeepLearning\input\R64 files\20210716\P2H1\alpha\alpha2_13.R64,G:\My Drive\PhD\CAPTUR3D_personal\00 Progetti\CellTypeRecognition_DeepLearning\input\numpy files\1260_alpha.npy
1261_alpha,20210716,P2H1,2 mM,alpha2,alpha,G:\My Drive\PhD\CAPTUR3D_personal\00 Progetti\CellTypeRecognition_DeepLearning\input\R64 files\20210716\P2H1\alpha\alpha2_14.R64,G:\My Drive\PhD\CAPTUR3D_personal\00 Progetti\CellTypeRecognition_DeepLearning\input\numpy files\1261_alpha.npy
1262_alpha,20210716,P2H1,2 mM,alpha2,alpha,G:\My Drive\PhD\CAPTUR3D_personal\00 Progetti\CellTypeRecognition_DeepLearning\input\R64 files\20210716\P2H1\alpha\alpha2_15.R64,G:\My Drive\PhD\CAPTUR3D_personal\00 Progetti\CellTypeRecognition_DeepLearning\input\numpy files\1262_alpha.npy
1263_alpha,20210716,P2H1,2 mM,alpha2,alpha,G:\My Drive\PhD\CAPTUR3D_personal\00 Progetti\CellTypeRecognition_DeepLearning\input\R64 files\20210716\P2H1\alpha\alpha2_16.R64,G:\My Drive\PhD\CAPTUR3D_personal\00 Progetti\CellTypeRecognition_DeepLearning\input\numpy files\1263_alpha.npy
1264_alpha,20210716,P2H1,2 mM,alpha2,alpha,G:\My Drive\PhD\CAPTUR3D_personal\00 Progetti\CellTypeRecognition_DeepLearning\input\R64 files\20210716\P2H1\alpha\alpha2_17.R64,G:\My Drive\PhD\CAPTUR3D_personal\00 Progetti\CellTypeRecognition_DeepLearning\input\numpy files\1264_alpha.npy
1265_alpha,20210716,P2H1,2 mM,alpha2,alpha,G:\My Drive\PhD\CAPTUR3D_personal\00 Progetti\CellTypeRecognition_DeepLearning\input\R64 files\20210716\P2H1\alpha\alpha2_18.R64,G:\My Drive\PhD\CAPTUR3D_personal\00 Progetti\CellTypeRecognition_DeepLearning\input\numpy files\1265_alpha.npy
1266_alpha,20210716,P2H1,2 mM,alpha2,alpha,G:\My Drive\PhD\CAPTUR3D_personal\00 Progetti\CellTypeRecognition_DeepLearning\input\R64 files\20210716\P2H1\alpha\alpha2_19.R64,G:\My Drive\PhD\CAPTUR3D_personal\00 Progetti\CellTypeRecognition_DeepLearning\input\numpy files\1266_alpha.npy
1267_alpha,20210716,P2H1,2 mM,alpha2,alpha,G:\My Drive\PhD\CAPTUR3D_personal\00 Progetti\CellTypeRecognition_DeepLearning\input\R64 files\20210716\P2H1\alpha\alpha2_20.R64,G:\My Drive\PhD\CAPTUR3D_personal\00 Progetti\CellTypeRecognition_DeepLearning\input\numpy files\1267_alpha.npy
1268_alpha,20210716,P2H1,2 mM,alpha2,alpha,G:\My Drive\PhD\CAPTUR3D_personal\00 Progetti\CellTypeRecognition_DeepLearning\input\R64 files\20210716\P2H1\alpha\alpha2_21.R64,G:\My Drive\PhD\CAPTUR3D_personal\00 Progetti\CellTypeRecognition_DeepLearning\input\numpy files\1268_alpha.npy
1269_alpha,20210716,P2H1,2 mM,alpha2,alpha,G:\My Drive\PhD\CAPTUR3D_personal\00 Progetti\CellTypeRecognition_DeepLearning\input\R64 files\20210716\P2H1\alpha\alpha2_22.R64,G:\My Drive\PhD\CAPTUR3D_personal\00 Progetti\CellTypeRecognition_DeepLearning\input\numpy files\1269_alpha.npy
1270_alpha,20210716,P2H1,2 mM,alpha2,alpha,G:\My Drive\PhD\CAPTUR3D_personal\00 Progetti\CellTypeRecognition_DeepLearning\input\R64 files\20210716\P2H1\alpha\alpha2_23.R64,G:\My Drive\PhD\CAPTUR3D_personal\00 Progetti\CellTypeRecognition_DeepLearning\input\numpy files\1270_alpha.npy
1271_alpha,20210716,P2H1,2 mM,alpha2,alpha,G:\My Drive\PhD\CAPTUR3D_personal\00 Progetti\CellTypeRecognition_DeepLearning\input\R64 files\20210716\P2H1\alpha\alpha2_24.R64,G:\My Drive\PhD\CAPTUR3D_personal\00 Progetti\CellTypeRecognition_DeepLearning\input\numpy files\1271_alpha.npy
1272_alpha,20210716,P2H1,2 mM,alpha2,alpha,G:\My Drive\PhD\CAPTUR3D_personal\00 Progetti\CellTypeRecognition_DeepLearning\input\R64 files\20210716\P2H1\alpha\alpha2_25.R64,G:\My Drive\PhD\CAPTUR3D_personal\00 Progetti\CellTypeRecognition_DeepLearning\input\numpy files\1272_alpha.npy
1273_alpha,20210716,P2H1,2 mM,alpha2,alpha,G:\My Drive\PhD\CAPTUR3D_personal\00 Progetti\CellTypeRecognition_DeepLearning\input\R64 files\20210716\P2H1\alpha\alpha2_26.R64,G:\My Drive\PhD\CAPTUR3D_personal\00 Progetti\CellTypeRecognition_DeepLearning\input\numpy files\1273_alpha.npy
1274_alpha,20210716,P2H1,2 mM,alpha2,alpha,G:\My Drive\PhD\CAPTUR3D_personal\00 Progetti\CellTypeRecognition_DeepLearning\input\R64 files\20210716\P2H1\alpha\alpha2_27.R64,G:\My Drive\PhD\CAPTUR3D_personal\00 Progetti\CellTypeRecognition_DeepLearning\input\numpy files\1274_alpha.npy
1275_alpha,20210716,P2H1,2 mM,alpha2,alpha,G:\My Drive\PhD\CAPTUR3D_personal\00 Progetti\CellTypeRecognition_DeepLearning\input\R64 files\20210716\P2H1\alpha\alpha2_28.R64,G:\My Drive\PhD\CAPTUR3D_personal\00 Progetti\CellTypeRecognition_DeepLearning\input\numpy files\1275_alpha.npy
1276_alpha,20210716,P2H1,2 mM,alpha2,alpha,G:\My Drive\PhD\CAPTUR3D_personal\00 Progetti\CellTypeRecognition_DeepLearning\input\R64 files\20210716\P2H1\alpha\alpha2_29.R64,G:\My Drive\PhD\CAPTUR3D_personal\00 Progetti\CellTypeRecognition_DeepLearning\input\numpy files\1276_alpha.npy
1277_alpha,20210716,P2H1,2 mM,alpha2,alpha,G:\My Drive\PhD\CAPTUR3D_personal\00 Progetti\CellTypeRecognition_DeepLearning\input\R64 files\20210716\P2H1\alpha\alpha2_30.R64,G:\My Drive\PhD\CAPTUR3D_personal\00 Progetti\CellTypeRecognition_DeepLearning\input\numpy files\1277_alpha.npy
1278_alpha,20210716,P2H1,2 mM,alpha2,alpha,G:\My Drive\PhD\CAPTUR3D_personal\00 Progetti\CellTypeRecognition_DeepLearning\input\R64 files\20210716\P2H1\alpha\alpha2_31.R64,G:\My Drive\PhD\CAPTUR3D_personal\00 Progetti\CellTypeRecognition_DeepLearning\input\numpy files\1278_alpha.npy
1279_alpha,20210716,P2H1,2 mM,alpha2,alpha,G:\My Drive\PhD\CAPTUR3D_personal\00 Progetti\CellTypeRecognition_DeepLearning\input\R64 files\20210716\P2H1\alpha\alpha2_32.R64,G:\My Drive\PhD\CAPTUR3D_personal\00 Progetti\CellTypeRecognition_DeepLearning\input\numpy files\1279_alpha.npy
1280_alpha,20210716,P2H1,2 mM,alpha2,alpha,G:\My Drive\PhD\CAPTUR3D_personal\00 Progetti\CellTypeRecognition_DeepLearning\input\R64 files\20210716\P2H1\alpha\alpha2_33.R64,G:\My Drive\PhD\CAPTUR3D_personal\00 Progetti\CellTypeRecognition_DeepLearning\input\numpy files\1280_alpha.npy
1281_alpha,20210716,P2H1,2 mM,alpha2,alpha,G:\My Drive\PhD\CAPTUR3D_personal\00 Progetti\CellTypeRecognition_DeepLearning\input\R64 files\20210716\P2H1\alpha\alpha2_34.R64,G:\My Drive\PhD\CAPTUR3D_personal\00 Progetti\CellTypeRecognition_DeepLearning\input\numpy files\1281_alpha.npy
1282_alpha,20210716,P2H1,2 mM,alpha2,alpha,G:\My Drive\PhD\CAPTUR3D_personal\00 Progetti\CellTypeRecognition_DeepLearning\input\R64 files\20210716\P2H1\alpha\alpha2_35.R64,G:\My Drive\PhD\CAPTUR3D_personal\00 Progetti\CellTypeRecognition_DeepLearning\input\numpy files\1282_alpha.npy
1283_alpha,20210716,P2H1,2 mM,alpha2,alpha,G:\My Drive\PhD\CAPTUR3D_personal\00 Progetti\CellTypeRecognition_DeepLearning\input\R64 files\20210716\P2H1\alpha\alpha2_36.R64,G:\My Drive\PhD\CAPTUR3D_personal\00 Progetti\CellTypeRecognition_DeepLearning\input\numpy files\1283_alpha.npy
1284_alpha,20210716,P2H1,2 mM,alpha2,alpha,G:\My Drive\PhD\CAPTUR3D_personal\00 Progetti\CellTypeRecognition_DeepLearning\input\R64 files\20210716\P2H1\alpha\alpha2_37.R64,G:\My Drive\PhD\CAPTUR3D_personal\00 Progetti\CellTypeRecognition_DeepLearning\input\numpy files\1284_alpha.npy
1285_alpha,20210716,P2H1,2 mM,alpha2,alpha,G:\My Drive\PhD\CAPTUR3D_personal\00 Progetti\CellTypeRecognition_DeepLearning\input\R64 files\20210716\P2H1\alpha\alpha2_38.R64,G:\My Drive\PhD\CAPTUR3D_personal\00 Progetti\CellTypeRecognition_DeepLearning\input\numpy files\1285_alpha.npy
1286_alpha,20210716,P2H1,2 mM,alpha2,alpha,G:\My Drive\PhD\CAPTUR3D_personal\00 Progetti\CellTypeRecognition_DeepLearning\input\R64 files\20210716\P2H1\alpha\alpha2_39.R64,G:\My Drive\PhD\CAPTUR3D_personal\00 Progetti\CellTypeRecognition_DeepLearning\input\numpy files\1286_alpha.npy
1287_alpha,20210716,P2H1,2 mM,alpha2,alpha,G:\My Drive\PhD\CAPTUR3D_personal\00 Progetti\CellTypeRecognition_DeepLearning\input\R64 files\20210716\P2H1\alpha\alpha2_40.R64,G:\My Drive\PhD\CAPTUR3D_personal\00 Progetti\CellTypeRecognition_DeepLearning\input\numpy files\1287_alpha.npy
1288_alpha,20210716,P2H1,2 mM,alpha2,alpha,G:\My Drive\PhD\CAPTUR3D_personal\00 Progetti\CellTypeRecognition_DeepLearning\input\R64 files\20210716\P2H1\alpha\alpha2_41.R64,G:\My Drive\PhD\CAPTUR3D_personal\00 Progetti\CellTypeRecognition_DeepLearning\input\numpy files\1288_alpha.npy
1289_alpha,20210716,P2H1,2 mM,alpha2,alpha,G:\My Drive\PhD\CAPTUR3D_personal\00 Progetti\CellTypeRecognition_DeepLearning\input\R64 files\20210716\P2H1\alpha\alpha2_42.R64,G:\My Drive\PhD\CAPTUR3D_personal\00 Progetti\CellTypeRecognition_DeepLearning\input\numpy files\1289_alpha.npy
1290_alpha,20210716,P2H1,2 mM,alpha2,alpha,G:\My Drive\PhD\CAPTUR3D_personal\00 Progetti\CellTypeRecognition_DeepLearning\input\R64 files\20210716\P2H1\alpha\alpha2_43.R64,G:\My Drive\PhD\CAPTUR3D_personal\00 Progetti\CellTypeRecognition_DeepLearning\input\numpy files\1290_alpha.npy
1291_alpha,20210716,P2H1,1 mM,alpha16,alpha,G:\My Drive\PhD\CAPTUR3D_personal\00 Progetti\CellTypeRecognition_DeepLearning\input\R64 files\20210716\P2H1\alpha\alpha16_1.R64,G:\My Drive\PhD\CAPTUR3D_personal\00 Progetti\CellTypeRecognition_DeepLearning\input\numpy files\1291_alpha.npy
1292_alpha,20210716,P2H1,1 mM,alpha16,alpha,G:\My Drive\PhD\CAPTUR3D_personal\00 Progetti\CellTypeRecognition_DeepLearning\input\R64 files\20210716\P2H1\alpha\alpha16_2.R64,G:\My Drive\PhD\CAPTUR3D_personal\00 Progetti\CellTypeRecognition_DeepLearning\input\numpy files\1292_alpha.npy
1293_alpha,20210716,P2H1,1 mM,alpha16,alpha,G:\My Drive\PhD\CAPTUR3D_personal\00 Progetti\CellTypeRecognition_DeepLearning\input\R64 files\20210716\P2H1\alpha\alpha16_3.R64,G:\My Drive\PhD\CAPTUR3D_personal\00 Progetti\CellTypeRecognition_DeepLearning\input\numpy files\1293_alpha.npy
1294_alpha,20210716,P2H1,1 mM,alpha16,alpha,G:\My Drive\PhD\CAPTUR3D_personal\00 Progetti\CellTypeRecognition_DeepLearning\input\R64 files\20210716\P2H1\alpha\alpha16_4.R64,G:\My Drive\PhD\CAPTUR3D_personal\00 Progetti\CellTypeRecognition_DeepLearning\input\numpy files\1294_alpha.npy
1295_alpha,20210716,P2H1,1 mM,alpha16,alpha,G:\My Drive\PhD\CAPTUR3D_personal\00 Progetti\CellTypeRecognition_DeepLearning\input\R64 files\20210716\P2H1\alpha\alpha16_5.R64,G:\My Drive\PhD\CAPTUR3D_personal\00 Progetti\CellTypeRecognition_DeepLearning\input\numpy files\1295_alpha.npy
1296_alpha,20210716,P2H1,1 mM,alpha16,alpha,G:\My Drive\PhD\CAPTUR3D_personal\00 Progetti\CellTypeRecognition_DeepLearning\input\R64 files\20210716\P2H1\alpha\alpha16_6.R64,G:\My Drive\PhD\CAPTUR3D_personal\00 Progetti\CellTypeRecognition_DeepLearning\input\numpy files\1296_alpha.npy
1297_alpha,20210716,P2H1,1 mM,alpha16,alpha,G:\My Drive\PhD\CAPTUR3D_personal\00 Progetti\CellTypeRecognition_DeepLearning\input\R64 files\20210716\P2H1\alpha\alpha16_7.R64,G:\My Drive\PhD\CAPTUR3D_personal\00 Progetti\CellTypeRecognition_DeepLearning\input\numpy files\1297_alpha.npy
1298_alpha,20210716,P2H1,1 mM,alpha16,alpha,G:\My Drive\PhD\CAPTUR3D_personal\00 Progetti\CellTypeRecognition_DeepLearning\input\R64 files\20210716\P2H1\alpha\alpha16_8.R64,G:\My Drive\PhD\CAPTUR3D_personal\00 Progetti\CellTypeRecognition_DeepLearning\input\numpy files\1298_alpha.npy
1299_alpha,20210716,P2H1,1 mM,alpha16,alpha,G:\My Drive\PhD\CAPTUR3D_personal\00 Progetti\CellTypeRecognition_DeepLearning\input\R64 files\20210716\P2H1\alpha\alpha16_9.R64,G:\My Drive\PhD\CAPTUR3D_personal\00 Progetti\CellTypeRecognition_DeepLearning\input\numpy files\1299_alpha.npy
1300_alpha,20210716,P2H1,1 mM,alpha16,alpha,G:\My Drive\PhD\CAPTUR3D_personal\00 Progetti\CellTypeRecognition_DeepLearning\input\R64 files\20210716\P2H1\alpha\alpha16_10.R64,G:\My Drive\PhD\CAPTUR3D_personal\00 Progetti\CellTypeRecognition_DeepLearning\input\numpy files\1300_alpha.npy
1301_alpha,20210716,P2H1,1 mM,alpha16,alpha,G:\My Drive\PhD\CAPTUR3D_personal\00 Progetti\CellTypeRecognition_DeepLearning\input\R64 files\20210716\P2H1\alpha\alpha16_11.R64,G:\My Drive\PhD\CAPTUR3D_personal\00 Progetti\CellTypeRecognition_DeepLearning\input\numpy files\1301_alpha.npy
1302_alpha,20210716,P2H1,1 mM,alpha16,alpha,G:\My Drive\PhD\CAPTUR3D_personal\00 Progetti\CellTypeRecognition_DeepLearning\input\R64 files\20210716\P2H1\alpha\alpha16_12.R64,G:\My Drive\PhD\CAPTUR3D_personal\00 Progetti\CellTypeRecognition_DeepLearning\input\numpy files\1302_alpha.npy
1303_alpha,20210716,P2H1,1 mM,alpha16,alpha,G:\My Drive\PhD\CAPTUR3D_personal\00 Progetti\CellTypeRecognition_DeepLearning\input\R64 files\20210716\P2H1\alpha\alpha16_13.R64,G:\My Drive\PhD\CAPTUR3D_personal\00 Progetti\CellTypeRecognition_DeepLearning\input\numpy files\1303_alpha.npy
1304_alpha,20210716,P2H1,1 mM,alpha16,alpha,G:\My Drive\PhD\CAPTUR3D_personal\00 Progetti\CellTypeRecognition_DeepLearning\input\R64 files\20210716\P2H1\alpha\alpha16_14.R64,G:\My Drive\PhD\CAPTUR3D_personal\00 Progetti\CellTypeRecognition_DeepLearning\input\numpy files\1304_alpha.npy
1305_alpha,20210716,P2H1,1 mM,alpha16,alpha,G:\My Drive\PhD\CAPTUR3D_personal\00 Progetti\CellTypeRecognition_DeepLearning\input\R64 files\20210716\P2H1\alpha\alpha16_15.R64,G:\My Drive\PhD\CAPTUR3D_personal\00 Progetti\CellTypeRecognition_DeepLearning\input\numpy files\1305_alpha.npy
1306_alpha,20210716,P2H1,1 mM,alpha16,alpha,G:\My Drive\PhD\CAPTUR3D_personal\00 Progetti\CellTypeRecognition_DeepLearning\input\R64 files\20210716\P2H1\alpha\alpha16_16.R64,G:\My Drive\PhD\CAPTUR3D_personal\00 Progetti\CellTypeRecognition_DeepLearning\input\numpy files\1306_alpha.npy
1307_alpha,20210716,P2H1,1 mM,alpha16,alpha,G:\My Drive\PhD\CAPTUR3D_personal\00 Progetti\CellTypeRecognition_DeepLearning\input\R64 files\20210716\P2H1\alpha\alpha16_17.R64,G:\My Drive\PhD\CAPTUR3D_personal\00 Progetti\CellTypeRecognition_DeepLearning\input\numpy files\1307_alpha.npy
1308_alpha,20210716,P2H1,1 mM,alpha16,alpha,G:\My Drive\PhD\CAPTUR3D_personal\00 Progetti\CellTypeRecognition_DeepLearning\input\R64 files\20210716\P2H1\alpha\alpha16_18.R64,G:\My Drive\PhD\CAPTUR3D_personal\00 Progetti\CellTypeRecognition_DeepLearning\input\numpy files\1308_alpha.npy
1309_alpha,20210716,P2H1,1 mM,alpha16,alpha,G:\My Drive\PhD\CAPTUR3D_personal\00 Progetti\CellTypeRecognition_DeepLearning\input\R64 files\20210716\P2H1\alpha\alpha16_19.R64,G:\My Drive\PhD\CAPTUR3D_personal\00 Progetti\CellTypeRecognition_DeepLearning\input\numpy files\1309_alpha.npy
1310_alpha,20210716,P2H1,1 mM,alpha16,alpha,G:\My Drive\PhD\CAPTUR3D_personal\00 Progetti\CellTypeRecognition_DeepLearning\input\R64 files\20210716\P2H1\alpha\alpha16_20.R64,G:\My Drive\PhD\CAPTUR3D_personal\00 Progetti\CellTypeRecognition_DeepLearning\input\numpy files\1310_alpha.npy
1311_alpha,20210716,P2H1,1 mM,alpha16,alpha,G:\My Drive\PhD\CAPTUR3D_personal\00 Progetti\CellTypeRecognition_DeepLearning\input\R64 files\20210716\P2H1\alpha\alpha16_21.R64,G:\My Drive\PhD\CAPTUR3D_personal\00 Progetti\CellTypeRecognition_DeepLearning\input\numpy files\1311_alpha.npy
1312_alpha,20210716,P2H1,1 mM,alpha16,alpha,G:\My Drive\PhD\CAPTUR3D_personal\00 Progetti\CellTypeRecognition_DeepLearning\input\R64 files\20210716\P2H1\alpha\alpha16_22.R64,G:\My Drive\PhD\CAPTUR3D_personal\00 Progetti\CellTypeRecognition_DeepLearning\input\numpy files\1312_alpha.npy
1313_alpha,20210716,P2H1,1 mM,alpha16,alpha,G:\My Drive\PhD\CAPTUR3D_personal\00 Progetti\CellTypeRecognition_DeepLearning\input\R64 files\20210716\P2H1\alpha\alpha16_23.R64,G:\My Drive\PhD\CAPTUR3D_personal\00 Progetti\CellTypeRecognition_DeepLearning\input\numpy files\1313_alpha.npy
1314_alpha,20210716,P2H1,1 mM,alpha16,alpha,G:\My Drive\PhD\CAPTUR3D_personal\00 Progetti\CellTypeRecognition_DeepLearning\input\R64 files\20210716\P2H1\alpha\alpha16_24.R64,G:\My Drive\PhD\CAPTUR3D_personal\00 Progetti\CellTypeRecognition_DeepLearning\input\numpy files\1314_alpha.npy
1315_alpha,20210716,P2H1,1 mM,alpha16,alpha,G:\My Drive\PhD\CAPTUR3D_personal\00 Progetti\CellTypeRecognition_DeepLearning\input\R64 files\20210716\P2H1\alpha\alpha16_25.R64,G:\My Drive\PhD\CAPTUR3D_personal\00 Progetti\CellTypeRecognition_DeepLearning\input\numpy files\1315_alpha.npy
1316_alpha,20210716,P2H1,1 mM,alpha16,alpha,G:\My Drive\PhD\CAPTUR3D_personal\00 Progetti\CellTypeRecognition_DeepLearning\input\R64 files\20210716\P2H1\alpha\alpha16_26.R64,G:\My Drive\PhD\CAPTUR3D_personal\00 Progetti\CellTypeRecognition_DeepLearning\input\numpy files\1316_alpha.npy
1317_alpha,20210716,P2H1,1 mM,alpha16,alpha,G:\My Drive\PhD\CAPTUR3D_personal\00 Progetti\CellTypeRecognition_DeepLearning\input\R64 files\20210716\P2H1\alpha\alpha16_27.R64,G:\My Drive\PhD\CAPTUR3D_personal\00 Progetti\CellTypeRecognition_DeepLearning\input\numpy files\1317_alpha.npy
1318_alpha,20210716,P2H1,1 mM,alpha16,alpha,G:\My Drive\PhD\CAPTUR3D_personal\00 Progetti\CellTypeRecognition_DeepLearning\input\R64 files\20210716\P2H1\alpha\alpha16_28.R64,G:\My Drive\PhD\CAPTUR3D_personal\00 Progetti\CellTypeRecognition_DeepLearning\input\numpy files\1318_alpha.npy
1319_alpha,20210716,P2H1,1 mM,alpha16,alpha,G:\My Drive\PhD\CAPTUR3D_personal\00 Progetti\CellTypeRecognition_DeepLearning\input\R64 files\20210716\P2H1\alpha\alpha16_29.R64,G:\My Drive\PhD\CAPTUR3D_personal\00 Progetti\CellTypeRecognition_DeepLearning\input\numpy files\1319_alpha.npy
1320_alpha,20210716,P2H1,1 mM,alpha16,alpha,G:\My Drive\PhD\CAPTUR3D_personal\00 Progetti\CellTypeRecognition_DeepLearning\input\R64 files\20210716\P2H1\alpha\alpha16_30.R64,G:\My Drive\PhD\CAPTUR3D_personal\00 Progetti\CellTypeRecognition_DeepLearning\input\numpy files\1320_alpha.npy
1321_alpha,20210716,P2H1,1 mM,alpha16,alpha,G:\My Drive\PhD\CAPTUR3D_personal\00 Progetti\CellTypeRecognition_DeepLearning\input\R64 files\20210716\P2H1\alpha\alpha16_31.R64,G:\My Drive\PhD\CAPTUR3D_personal\00 Progetti\CellTypeRecognition_DeepLearning\input\numpy files\1321_alpha.npy
1322_alpha,20210716,P2H1,1 mM,alpha16,alpha,G:\My Drive\PhD\CAPTUR3D_personal\00 Progetti\CellTypeRecognition_DeepLearning\input\R64 files\20210716\P2H1\alpha\alpha16_32.R64,G:\My Drive\PhD\CAPTUR3D_personal\00 Progetti\CellTypeRecognition_DeepLearning\input\numpy files\1322_alpha.npy
1323_alpha,20210716,P2H1,1 mM,alpha16,alpha,G:\My Drive\PhD\CAPTUR3D_personal\00 Progetti\CellTypeRecognition_DeepLearning\input\R64 files\20210716\P2H1\alpha\alpha16_33.R64,G:\My Drive\PhD\CAPTUR3D_personal\00 Progetti\CellTypeRecognition_DeepLearning\input\numpy files\1323_alpha.npy
1324_alpha,20210716,P2H1,1 mM,alpha16,alpha,G:\My Drive\PhD\CAPTUR3D_personal\00 Progetti\CellTypeRecognition_DeepLearning\input\R64 files\20210716\P2H1\alpha\alpha16_34.R64,G:\My Drive\PhD\CAPTUR3D_personal\00 Progetti\CellTypeRecognition_DeepLearning\input\numpy files\1324_alpha.npy
1325_alpha,20210716,P2H1,1 mM,alpha16,alpha,G:\My Drive\PhD\CAPTUR3D_personal\00 Progetti\CellTypeRecognition_DeepLearning\input\R64 files\20210716\P2H1\alpha\alpha16_35.R64,G:\My Drive\PhD\CAPTUR3D_personal\00 Progetti\CellTypeRecognition_DeepLearning\input\numpy files\1325_alpha.npy
1326_alpha,20210716,P2H1,1 mM,alpha16,alpha,G:\My Drive\PhD\CAPTUR3D_personal\00 Progetti\CellTypeRecognition_DeepLearning\input\R64 files\20210716\P2H1\alpha\alpha16_36.R64,G:\My Drive\PhD\CAPTUR3D_personal\00 Progetti\CellTypeRecognition_DeepLearning\input\numpy files\1326_alpha.npy
1327_alpha,20210716,P2H1,1 mM,alpha16,alpha,G:\My Drive\PhD\CAPTUR3D_personal\00 Progetti\CellTypeRecognition_DeepLearning\input\R64 files\20210716\P2H1\alpha\alpha16_37.R64,G:\My Drive\PhD\CAPTUR3D_personal\00 Progetti\CellTypeRecognition_DeepLearning\input\numpy files\1327_alpha.npy
1328_alpha,20210716,P2H1,1 mM,alpha16,alpha,G:\My Drive\PhD\CAPTUR3D_personal\00 Progetti\CellTypeRecognition_DeepLearning\input\R64 files\20210716\P2H1\alpha\alpha16_38.R64,G:\My Drive\PhD\CAPTUR3D_personal\00 Progetti\CellTypeRecognition_DeepLearning\input\numpy files\1328_alpha.npy
1329_alpha,20210716,P2H1,1 mM,alpha16,alpha,G:\My Drive\PhD\CAPTUR3D_personal\00 Progetti\CellTypeRecognition_DeepLearning\input\R64 files\20210716\P2H1\alpha\alpha16_39.R64,G:\My Drive\PhD\CAPTUR3D_personal\00 Progetti\CellTypeRecognition_DeepLearning\input\numpy files\1329_alpha.npy
1330_alpha,20210716,P2H1,1 mM,alpha16,alpha,G:\My Drive\PhD\CAPTUR3D_personal\00 Progetti\CellTypeRecognition_DeepLearning\input\R64 files\20210716\P2H1\alpha\alpha16_40.R64,G:\My Drive\PhD\CAPTUR3D_personal\00 Progetti\CellTypeRecognition_DeepLearning\input\numpy files\1330_alpha.npy
1331_alpha,20210716,P2H1,1 mM,alpha16,alpha,G:\My Drive\PhD\CAPTUR3D_personal\00 Progetti\CellTypeRecognition_DeepLearning\input\R64 files\20210716\P2H1\alpha\alpha16_41.R64,G:\My Drive\PhD\CAPTUR3D_personal\00 Progetti\CellTypeRecognition_DeepLearning\input\numpy files\1331_alpha.npy
1332_alpha,20210716,P2H1,1 mM,alpha16,alpha,G:\My Drive\PhD\CAPTUR3D_personal\00 Progetti\CellTypeRecognition_DeepLearning\input\R64 files\20210716\P2H1\alpha\alpha16_42.R64,G:\My Drive\PhD\CAPTUR3D_personal\00 Progetti\CellTypeRecognition_DeepLearning\input\numpy files\1332_alpha.npy
1333_alpha,20210716,P2H1,1 mM,alpha16,alpha,G:\My Drive\PhD\CAPTUR3D_personal\00 Progetti\CellTypeRecognition_DeepLearning\input\R64 files\20210716\P2H1\alpha\alpha16_43.R64,G:\My Drive\PhD\CAPTUR3D_personal\00 Progetti\CellTypeRecognition_DeepLearning\input\numpy files\1333_alpha.npy
1334_beta,20210716,P2H2,2 mM,beta2,beta,G:\My Drive\PhD\CAPTUR3D_personal\00 Progetti\CellTypeRecognition_DeepLearning\input\R64 files\20210716\P2H2\beta\beta2_1.R64,G:\My Drive\PhD\CAPTUR3D_personal\00 Progetti\CellTypeRecognition_DeepLearning\input\numpy files\1334_beta.npy
1335_beta,20210716,P2H2,2 mM,beta2,beta,G:\My Drive\PhD\CAPTUR3D_personal\00 Progetti\CellTypeRecognition_DeepLearning\input\R64 files\20210716\P2H2\beta\beta2_2.R64,G:\My Drive\PhD\CAPTUR3D_personal\00 Progetti\CellTypeRecognition_DeepLearning\input\numpy files\1335_beta.npy
1336_beta,20210716,P2H2,2 mM,beta2,beta,G:\My Drive\PhD\CAPTUR3D_personal\00 Progetti\CellTypeRecognition_DeepLearning\input\R64 files\20210716\P2H2\beta\beta2_3.R64,G:\My Drive\PhD\CAPTUR3D_personal\00 Progetti\CellTypeRecognition_DeepLearning\input\numpy files\1336_beta.npy
1337_beta,20210716,P2H2,2 mM,beta2,beta,G:\My Drive\PhD\CAPTUR3D_personal\00 Progetti\CellTypeRecognition_DeepLearning\input\R64 files\20210716\P2H2\beta\beta2_4.R64,G:\My Drive\PhD\CAPTUR3D_personal\00 Progetti\CellTypeRecognition_DeepLearning\input\numpy files\1337_beta.npy
1338_beta,20210716,P2H2,2 mM,beta2,beta,G:\My Drive\PhD\CAPTUR3D_personal\00 Progetti\CellTypeRecognition_DeepLearning\input\R64 files\20210716\P2H2\beta\beta2_5.R64,G:\My Drive\PhD\CAPTUR3D_personal\00 Progetti\CellTypeRecognition_DeepLearning\input\numpy files\1338_beta.npy
1339_beta,20210716,P2H2,2 mM,beta2,beta,G:\My Drive\PhD\CAPTUR3D_personal\00 Progetti\CellTypeRecognition_DeepLearning\input\R64 files\20210716\P2H2\beta\beta2_6.R64,G:\My Drive\PhD\CAPTUR3D_personal\00 Progetti\CellTypeRecognition_DeepLearning\input\numpy files\1339_beta.npy
1340_beta,20210716,P2H2,2 mM,beta2,beta,G:\My Drive\PhD\CAPTUR3D_personal\00 Progetti\CellTypeRecognition_DeepLearning\input\R64 files\20210716\P2H2\beta\beta2_7.R64,G:\My Drive\PhD\CAPTUR3D_personal\00 Progetti\CellTypeRecognition_DeepLearning\input\numpy files\1340_beta.npy
1341_beta,20210716,P2H2,2 mM,beta2,beta,G:\My Drive\PhD\CAPTUR3D_personal\00 Progetti\CellTypeRecognition_DeepLearning\input\R64 files\20210716\P2H2\beta\beta2_8.R64,G:\My Drive\PhD\CAPTUR3D_personal\00 Progetti\CellTypeRecognition_DeepLearning\input\numpy files\1341_beta.npy
1342_beta,20210716,P2H2,2 mM,beta2,beta,G:\My Drive\PhD\CAPTUR3D_personal\00 Progetti\CellTypeRecognition_DeepLearning\input\R64 files\20210716\P2H2\beta\beta2_9.R64,G:\My Drive\PhD\CAPTUR3D_personal\00 Progetti\CellTypeRecognition_DeepLearning\input\numpy files\1342_beta.npy
1343_beta,20210716,P2H2,2 mM,beta2,beta,G:\My Drive\PhD\CAPTUR3D_personal\00 Progetti\CellTypeRecognition_DeepLearning\input\R64 files\20210716\P2H2\beta\beta2_10.R64,G:\My Drive\PhD\CAPTUR3D_personal\00 Progetti\CellTypeRecognition_DeepLearning\input\numpy files\1343_beta.npy
1344_beta,20210716,P2H2,2 mM,beta2,beta,G:\My Drive\PhD\CAPTUR3D_personal\00 Progetti\CellTypeRecognition_DeepLearning\input\R64 files\20210716\P2H2\beta\beta2_11.R64,G:\My Drive\PhD\CAPTUR3D_personal\00 Progetti\CellTypeRecognition_DeepLearning\input\numpy files\1344_beta.npy
1345_beta,20210716,P2H2,2 mM,beta2,beta,G:\My Drive\PhD\CAPTUR3D_personal\00 Progetti\CellTypeRecognition_DeepLearning\input\R64 files\20210716\P2H2\beta\beta2_12.R64,G:\My Drive\PhD\CAPTUR3D_personal\00 Progetti\CellTypeRecognition_DeepLearning\input\numpy files\1345_beta.npy
1346_beta,20210716,P2H2,2 mM,beta2,beta,G:\My Drive\PhD\CAPTUR3D_personal\00 Progetti\CellTypeRecognition_DeepLearning\input\R64 files\20210716\P2H2\beta\beta2_13.R64,G:\My Drive\PhD\CAPTUR3D_personal\00 Progetti\CellTypeRecognition_DeepLearning\input\numpy files\1346_beta.npy
1347_beta,20210716,P2H2,2 mM,beta2,beta,G:\My Drive\PhD\CAPTUR3D_personal\00 Progetti\CellTypeRecognition_DeepLearning\input\R64 files\20210716\P2H2\beta\beta2_14.R64,G:\My Drive\PhD\CAPTUR3D_personal\00 Progetti\CellTypeRecognition_DeepLearning\input\numpy files\1347_beta.npy
1348_beta,20210716,P2H2,2 mM,beta2,beta,G:\My Drive\PhD\CAPTUR3D_personal\00 Progetti\CellTypeRecognition_DeepLearning\input\R64 files\20210716\P2H2\beta\beta2_15.R64,G:\My Drive\PhD\CAPTUR3D_personal\00 Progetti\CellTypeRecognition_DeepLearning\input\numpy files\1348_beta.npy
1349_beta,20210716,P2H2,2 mM,beta2,beta,G:\My Drive\PhD\CAPTUR3D_personal\00 Progetti\CellTypeRecognition_DeepLearning\input\R64 files\20210716\P2H2\beta\beta2_16.R64,G:\My Drive\PhD\CAPTUR3D_personal\00 Progetti\CellTypeRecognition_DeepLearning\input\numpy files\1349_beta.npy
1350_beta,20210716,P2H2,2 mM,beta2,beta,G:\My Drive\PhD\CAPTUR3D_personal\00 Progetti\CellTypeRecognition_DeepLearning\input\R64 files\20210716\P2H2\beta\beta2_17.R64,G:\My Drive\PhD\CAPTUR3D_personal\00 Progetti\CellTypeRecognition_DeepLearning\input\numpy files\1350_beta.npy
1351_beta,20210716,P2H2,2 mM,beta2,beta,G:\My Drive\PhD\CAPTUR3D_personal\00 Progetti\CellTypeRecognition_DeepLearning\input\R64 files\20210716\P2H2\beta\beta2_18.R64,G:\My Drive\PhD\CAPTUR3D_personal\00 Progetti\CellTypeRecognition_DeepLearning\input\numpy files\1351_beta.npy
1352_beta,20210716,P2H2,2 mM,beta2,beta,G:\My Drive\PhD\CAPTUR3D_personal\00 Progetti\CellTypeRecognition_DeepLearning\input\R64 files\20210716\P2H2\beta\beta2_19.R64,G:\My Drive\PhD\CAPTUR3D_personal\00 Progetti\CellTypeRecognition_DeepLearning\input\numpy files\1352_beta.npy
1353_beta,20210716,P2H2,2 mM,beta2,beta,G:\My Drive\PhD\CAPTUR3D_personal\00 Progetti\CellTypeRecognition_DeepLearning\input\R64 files\20210716\P2H2\beta\beta2_20.R64,G:\My Drive\PhD\CAPTUR3D_personal\00 Progetti\CellTypeRecognition_DeepLearning\input\numpy files\1353_beta.npy
1354_beta,20210716,P2H2,2 mM,beta2,beta,G:\My Drive\PhD\CAPTUR3D_personal\00 Progetti\CellTypeRecognition_DeepLearning\input\R64 files\20210716\P2H2\beta\beta2_21.R64,G:\My Drive\PhD\CAPTUR3D_personal\00 Progetti\CellTypeRecognition_DeepLearning\input\numpy files\1354_beta.npy
1355_beta,20210716,P2H2,1 mM,beta16,beta,G:\My Drive\PhD\CAPTUR3D_personal\00 Progetti\CellTypeRecognition_DeepLearning\input\R64 files\20210716\P2H2\beta\beta16_1.R64,G:\My Drive\PhD\CAPTUR3D_personal\00 Progetti\CellTypeRecognition_DeepLearning\input\numpy files\1355_beta.npy
1356_beta,20210716,P2H2,1 mM,beta16,beta,G:\My Drive\PhD\CAPTUR3D_personal\00 Progetti\CellTypeRecognition_DeepLearning\input\R64 files\20210716\P2H2\beta\beta16_2.R64,G:\My Drive\PhD\CAPTUR3D_personal\00 Progetti\CellTypeRecognition_DeepLearning\input\numpy files\1356_beta.npy
1357_beta,20210716,P2H2,1 mM,beta16,beta,G:\My Drive\PhD\CAPTUR3D_personal\00 Progetti\CellTypeRecognition_DeepLearning\input\R64 files\20210716\P2H2\beta\beta16_3.R64,G:\My Drive\PhD\CAPTUR3D_personal\00 Progetti\CellTypeRecognition_DeepLearning\input\numpy files\1357_beta.npy
1358_beta,20210716,P2H2,1 mM,beta16,beta,G:\My Drive\PhD\CAPTUR3D_personal\00 Progetti\CellTypeRecognition_DeepLearning\input\R64 files\20210716\P2H2\beta\beta16_4.R64,G:\My Drive\PhD\CAPTUR3D_personal\00 Progetti\CellTypeRecognition_DeepLearning\input\numpy files\1358_beta.npy
1359_beta,20210716,P2H2,1 mM,beta16,beta,G:\My Drive\PhD\CAPTUR3D_personal\00 Progetti\CellTypeRecognition_DeepLearning\input\R64 files\20210716\P2H2\beta\beta16_5.R64,G:\My Drive\PhD\CAPTUR3D_personal\00 Progetti\CellTypeRecognition_DeepLearning\input\numpy files\1359_beta.npy
1360_beta,20210716,P2H2,1 mM,beta16,beta,G:\My Drive\PhD\CAPTUR3D_personal\00 Progetti\CellTypeRecognition_DeepLearning\input\R64 files\20210716\P2H2\beta\beta16_6.R64,G:\My Drive\PhD\CAPTUR3D_personal\00 Progetti\CellTypeRecognition_DeepLearning\input\numpy files\1360_beta.npy
1361_beta,20210716,P2H2,1 mM,beta16,beta,G:\My Drive\PhD\CAPTUR3D_personal\00 Progetti\CellTypeRecognition_DeepLearning\input\R64 files\20210716\P2H2\beta\beta16_7.R64,G:\My Drive\PhD\CAPTUR3D_personal\00 Progetti\CellTypeRecognition_DeepLearning\input\numpy files\1361_beta.npy
1362_beta,20210716,P2H2,1 mM,beta16,beta,G:\My Drive\PhD\CAPTUR3D_personal\00 Progetti\CellTypeRecognition_DeepLearning\input\R64 files\20210716\P2H2\beta\beta16_8.R64,G:\My Drive\PhD\CAPTUR3D_personal\00 Progetti\CellTypeRecognition_DeepLearning\input\numpy files\1362_beta.npy
1363_beta,20210716,P2H2,1 mM,beta16,beta,G:\My Drive\PhD\CAPTUR3D_personal\00 Progetti\CellTypeRecognition_DeepLearning\input\R64 files\20210716\P2H2\beta\beta16_9.R64,G:\My Drive\PhD\CAPTUR3D_personal\00 Progetti\CellTypeRecognition_DeepLearning\input\numpy files\1363_beta.npy
1364_beta,20210716,P2H2,1 mM,beta16,beta,G:\My Drive\PhD\CAPTUR3D_personal\00 Progetti\CellTypeRecognition_DeepLearning\input\R64 files\20210716\P2H2\beta\beta16_10.R64,G:\My Drive\PhD\CAPTUR3D_personal\00 Progetti\CellTypeRecognition_DeepLearning\input\numpy files\1364_beta.npy
1365_beta,20210716,P2H2,1 mM,beta16,beta,G:\My Drive\PhD\CAPTUR3D_personal\00 Progetti\CellTypeRecognition_DeepLearning\input\R64 files\20210716\P2H2\beta\beta16_11.R64,G:\My Drive\PhD\CAPTUR3D_personal\00 Progetti\CellTypeRecognition_DeepLearning\input\numpy files\1365_beta.npy
1366_beta,20210716,P2H2,1 mM,beta16,beta,G:\My Drive\PhD\CAPTUR3D_personal\00 Progetti\CellTypeRecognition_DeepLearning\input\R64 files\20210716\P2H2\beta\beta16_12.R64,G:\My Drive\PhD\CAPTUR3D_personal\00 Progetti\CellTypeRecognition_DeepLearning\input\numpy files\1366_beta.npy
1367_beta,20210716,P2H2,1 mM,beta16,beta,G:\My Drive\PhD\CAPTUR3D_personal\00 Progetti\CellTypeRecognition_DeepLearning\input\R64 files\20210716\P2H2\beta\beta16_13.R64,G:\My Drive\PhD\CAPTUR3D_personal\00 Progetti\CellTypeRecognition_DeepLearning\input\numpy files\1367_beta.npy
1368_beta,20210716,P2H2,1 mM,beta16,beta,G:\My Drive\PhD\CAPTUR3D_personal\00 Progetti\CellTypeRecognition_DeepLearning\input\R64 files\20210716\P2H2\beta\beta16_14.R64,G:\My Drive\PhD\CAPTUR3D_personal\00 Progetti\CellTypeRecognition_DeepLearning\input\numpy files\1368_beta.npy
1369_beta,20210716,P2H2,1 mM,beta16,beta,G:\My Drive\PhD\CAPTUR3D_personal\00 Progetti\CellTypeRecognition_DeepLearning\input\R64 files\20210716\P2H2\beta\beta16_15.R64,G:\My Drive\PhD\CAPTUR3D_personal\00 Progetti\CellTypeRecognition_DeepLearning\input\numpy files\1369_beta.npy
1370_beta,20210716,P2H2,1 mM,beta16,beta,G:\My Drive\PhD\CAPTUR3D_personal\00 Progetti\CellTypeRecognition_DeepLearning\input\R64 files\20210716\P2H2\beta\beta16_16.R64,G:\My Drive\PhD\CAPTUR3D_personal\00 Progetti\CellTypeRecognition_DeepLearning\input\numpy files\1370_beta.npy
1371_beta,20210716,P2H2,1 mM,beta16,beta,G:\My Drive\PhD\CAPTUR3D_personal\00 Progetti\CellTypeRecognition_DeepLearning\input\R64 files\20210716\P2H2\beta\beta16_17.R64,G:\My Drive\PhD\CAPTUR3D_personal\00 Progetti\CellTypeRecognition_DeepLearning\input\numpy files\1371_beta.npy
1372_beta,20210716,P2H2,1 mM,beta16,beta,G:\My Drive\PhD\CAPTUR3D_personal\00 Progetti\CellTypeRecognition_DeepLearning\input\R64 files\20210716\P2H2\beta\beta16_18.R64,G:\My Drive\PhD\CAPTUR3D_personal\00 Progetti\CellTypeRecognition_DeepLearning\input\numpy files\1372_beta.npy
1373_beta,20210716,P2H2,1 mM,beta16,beta,G:\My Drive\PhD\CAPTUR3D_personal\00 Progetti\CellTypeRecognition_DeepLearning\input\R64 files\20210716\P2H2\beta\beta16_19.R64,G:\My Drive\PhD\CAPTUR3D_personal\00 Progetti\CellTypeRecognition_DeepLearning\input\numpy files\1373_beta.npy
1374_beta,20210716,P2H2,1 mM,beta16,beta,G:\My Drive\PhD\CAPTUR3D_personal\00 Progetti\CellTypeRecognition_DeepLearning\input\R64 files\20210716\P2H2\beta\beta16_20.R64,G:\My Drive\PhD\CAPTUR3D_personal\00 Progetti\CellTypeRecognition_DeepLearning\input\numpy files\1374_beta.npy
1375_beta,20210716,P2H2,1 mM,beta16,beta,G:\My Drive\PhD\CAPTUR3D_personal\00 Progetti\CellTypeRecognition_DeepLearning\input\R64 files\20210716\P2H2\beta\beta16_21.R64,G:\My Drive\PhD\CAPTUR3D_personal\00 Progetti\CellTypeRecognition_DeepLearning\input\numpy files\1375_beta.npy
1376_alpha,20210716,P2H2,2 mM,alpha2,alpha,G:\My Drive\PhD\CAPTUR3D_personal\00 Progetti\CellTypeRecognition_DeepLearning\input\R64 files\20210716\P2H2\alpha\alpha2_1.R64,G:\My Drive\PhD\CAPTUR3D_personal\00 Progetti\CellTypeRecognition_DeepLearning\input\numpy files\1376_alpha.npy
1377_alpha,20210716,P2H2,2 mM,alpha2,alpha,G:\My Drive\PhD\CAPTUR3D_personal\00 Progetti\CellTypeRecognition_DeepLearning\input\R64 files\20210716\P2H2\alpha\alpha2_2.R64,G:\My Drive\PhD\CAPTUR3D_personal\00 Progetti\CellTypeRecognition_DeepLearning\input\numpy files\1377_alpha.npy
1378_alpha,20210716,P2H2,2 mM,alpha2,alpha,G:\My Drive\PhD\CAPTUR3D_personal\00 Progetti\CellTypeRecognition_DeepLearning\input\R64 files\20210716\P2H2\alpha\alpha2_3.R64,G:\My Drive\PhD\CAPTUR3D_personal\00 Progetti\CellTypeRecognition_DeepLearning\input\numpy files\1378_alpha.npy
1379_alpha,20210716,P2H2,2 mM,alpha2,alpha,G:\My Drive\PhD\CAPTUR3D_personal\00 Progetti\CellTypeRecognition_DeepLearning\input\R64 files\20210716\P2H2\alpha\alpha2_4.R64,G:\My Drive\PhD\CAPTUR3D_personal\00 Progetti\CellTypeRecognition_DeepLearning\input\numpy files\1379_alpha.npy
1380_alpha,20210716,P2H2,2 mM,alpha2,alpha,G:\My Drive\PhD\CAPTUR3D_personal\00 Progetti\CellTypeRecognition_DeepLearning\input\R64 files\20210716\P2H2\alpha\alpha2_5.R64,G:\My Drive\PhD\CAPTUR3D_personal\00 Progetti\CellTypeRecognition_DeepLearning\input\numpy files\1380_alpha.npy
1381_alpha,20210716,P2H2,2 mM,alpha2,alpha,G:\My Drive\PhD\CAPTUR3D_personal\00 Progetti\CellTypeRecognition_DeepLearning\input\R64 files\20210716\P2H2\alpha\alpha2_6.R64,G:\My Drive\PhD\CAPTUR3D_personal\00 Progetti\CellTypeRecognition_DeepLearning\input\numpy files\1381_alpha.npy
1382_alpha,20210716,P2H2,2 mM,alpha2,alpha,G:\My Drive\PhD\CAPTUR3D_personal\00 Progetti\CellTypeRecognition_DeepLearning\input\R64 files\20210716\P2H2\alpha\alpha2_7.R64,G:\My Drive\PhD\CAPTUR3D_personal\00 Progetti\CellTypeRecognition_DeepLearning\input\numpy files\1382_alpha.npy
1383_alpha,20210716,P2H2,2 mM,alpha2,alpha,G:\My Drive\PhD\CAPTUR3D_personal\00 Progetti\CellTypeRecognition_DeepLearning\input\R64 files\20210716\P2H2\alpha\alpha2_8.R64,G:\My Drive\PhD\CAPTUR3D_personal\00 Progetti\CellTypeRecognition_DeepLearning\input\numpy files\1383_alpha.npy
1384_alpha,20210716,P2H2,2 mM,alpha2,alpha,G:\My Drive\PhD\CAPTUR3D_personal\00 Progetti\CellTypeRecognition_DeepLearning\input\R64 files\20210716\P2H2\alpha\alpha2_9.R64,G:\My Drive\PhD\CAPTUR3D_personal\00 Progetti\CellTypeRecognition_DeepLearning\input\numpy files\1384_alpha.npy
1385_alpha,20210716,P2H2,2 mM,alpha2,alpha,G:\My Drive\PhD\CAPTUR3D_personal\00 Progetti\CellTypeRecognition_DeepLearning\input\R64 files\20210716\P2H2\alpha\alpha2_10.R64,G:\My Drive\PhD\CAPTUR3D_personal\00 Progetti\CellTypeRecognition_DeepLearning\input\numpy files\1385_alpha.npy
1386_alpha,20210716,P2H2,2 mM,alpha2,alpha,G:\My Drive\PhD\CAPTUR3D_personal\00 Progetti\CellTypeRecognition_DeepLearning\input\R64 files\20210716\P2H2\alpha\alpha2_11.R64,G:\My Drive\PhD\CAPTUR3D_personal\00 Progetti\CellTypeRecognition_DeepLearning\input\numpy files\1386_alpha.npy
1387_alpha,20210716,P2H2,2 mM,alpha2,alpha,G:\My Drive\PhD\CAPTUR3D_personal\00 Progetti\CellTypeRecognition_DeepLearning\input\R64 files\20210716\P2H2\alpha\alpha2_12.R64,G:\My Drive\PhD\CAPTUR3D_personal\00 Progetti\CellTypeRecognition_DeepLearning\input\numpy files\1387_alpha.npy
1388_alpha,20210716,P2H2,2 mM,alpha2,alpha,G:\My Drive\PhD\CAPTUR3D_personal\00 Progetti\CellTypeRecognition_DeepLearning\input\R64 files\20210716\P2H2\alpha\alpha2_13.R64,G:\My Drive\PhD\CAPTUR3D_personal\00 Progetti\CellTypeRecognition_DeepLearning\input\numpy files\1388_alpha.npy
1389_alpha,20210716,P2H2,2 mM,alpha2,alpha,G:\My Drive\PhD\CAPTUR3D_personal\00 Progetti\CellTypeRecognition_DeepLearning\input\R64 files\20210716\P2H2\alpha\alpha2_14.R64,G:\My Drive\PhD\CAPTUR3D_personal\00 Progetti\CellTypeRecognition_DeepLearning\input\numpy files\1389_alpha.npy
1390_alpha,20210716,P2H2,2 mM,alpha2,alpha,G:\My Drive\PhD\CAPTUR3D_personal\00 Progetti\CellTypeRecognition_DeepLearning\input\R64 files\20210716\P2H2\alpha\alpha2_15.R64,G:\My Drive\PhD\CAPTUR3D_personal\00 Progetti\CellTypeRecognition_DeepLearning\input\numpy files\1390_alpha.npy
1391_alpha,20210716,P2H2,2 mM,alpha2,alpha,G:\My Drive\PhD\CAPTUR3D_personal\00 Progetti\CellTypeRecognition_DeepLearning\input\R64 files\20210716\P2H2\alpha\alpha2_16.R64,G:\My Drive\PhD\CAPTUR3D_personal\00 Progetti\CellTypeRecognition_DeepLearning\input\numpy files\1391_alpha.npy
1392_alpha,20210716,P2H2,1 mM,alpha16,alpha,G:\My Drive\PhD\CAPTUR3D_personal\00 Progetti\CellTypeRecognition_DeepLearning\input\R64 files\20210716\P2H2\alpha\alpha16_1.R64,G:\My Drive\PhD\CAPTUR3D_personal\00 Progetti\CellTypeRecognition_DeepLearning\input\numpy files\1392_alpha.npy
1393_alpha,20210716,P2H2,1 mM,alpha16,alpha,G:\My Drive\PhD\CAPTUR3D_personal\00 Progetti\CellTypeRecognition_DeepLearning\input\R64 files\20210716\P2H2\alpha\alpha16_2.R64,G:\My Drive\PhD\CAPTUR3D_personal\00 Progetti\CellTypeRecognition_DeepLearning\input\numpy files\1393_alpha.npy
1394_alpha,20210716,P2H2,1 mM,alpha16,alpha,G:\My Drive\PhD\CAPTUR3D_personal\00 Progetti\CellTypeRecognition_DeepLearning\input\R64 files\20210716\P2H2\alpha\alpha16_3.R64,G:\My Drive\PhD\CAPTUR3D_personal\00 Progetti\CellTypeRecognition_DeepLearning\input\numpy files\1394_alpha.npy
1395_alpha,20210716,P2H2,1 mM,alpha16,alpha,G:\My Drive\PhD\CAPTUR3D_personal\00 Progetti\CellTypeRecognition_DeepLearning\input\R64 files\20210716\P2H2\alpha\alpha16_4.R64,G:\My Drive\PhD\CAPTUR3D_personal\00 Progetti\CellTypeRecognition_DeepLearning\input\numpy files\1395_alpha.npy
1396_alpha,20210716,P2H2,1 mM,alpha16,alpha,G:\My Drive\PhD\CAPTUR3D_personal\00 Progetti\CellTypeRecognition_DeepLearning\input\R64 files\20210716\P2H2\alpha\alpha16_5.R64,G:\My Drive\PhD\CAPTUR3D_personal\00 Progetti\CellTypeRecognition_DeepLearning\input\numpy files\1396_alpha.npy
1397_alpha,20210716,P2H2,1 mM,alpha16,alpha,G:\My Drive\PhD\CAPTUR3D_personal\00 Progetti\CellTypeRecognition_DeepLearning\input\R64 files\20210716\P2H2\alpha\alpha16_6.R64,G:\My Drive\PhD\CAPTUR3D_personal\00 Progetti\CellTypeRecognition_DeepLearning\input\numpy files\1397_alpha.npy
1398_alpha,20210716,P2H2,1 mM,alpha16,alpha,G:\My Drive\PhD\CAPTUR3D_personal\00 Progetti\CellTypeRecognition_DeepLearning\input\R64 files\20210716\P2H2\alpha\alpha16_7.R64,G:\My Drive\PhD\CAPTUR3D_personal\00 Progetti\CellTypeRecognition_DeepLearning\input\numpy files\1398_alpha.npy
1399_alpha,20210716,P2H2,1 mM,alpha16,alpha,G:\My Drive\PhD\CAPTUR3D_personal\00 Progetti\CellTypeRecognition_DeepLearning\input\R64 files\20210716\P2H2\alpha\alpha16_8.R64,G:\My Drive\PhD\CAPTUR3D_personal\00 Progetti\CellTypeRecognition_DeepLearning\input\numpy files\1399_alpha.npy
1400_alpha,20210716,P2H2,1 mM,alpha16,alpha,G:\My Drive\PhD\CAPTUR3D_personal\00 Progetti\CellTypeRecognition_DeepLearning\input\R64 files\20210716\P2H2\alpha\alpha16_9.R64,G:\My Drive\PhD\CAPTUR3D_personal\00 Progetti\CellTypeRecognition_DeepLearning\input\numpy files\1400_alpha.npy
1401_alpha,20210716,P2H2,1 mM,alpha16,alpha,G:\My Drive\PhD\CAPTUR3D_personal\00 Progetti\CellTypeRecognition_DeepLearning\input\R64 files\20210716\P2H2\alpha\alpha16_10.R64,G:\My Drive\PhD\CAPTUR3D_personal\00 Progetti\CellTypeRecognition_DeepLearning\input\numpy files\1401_alpha.npy
1402_alpha,20210716,P2H2,1 mM,alpha16,alpha,G:\My Drive\PhD\CAPTUR3D_personal\00 Progetti\CellTypeRecognition_DeepLearning\input\R64 files\20210716\P2H2\alpha\alpha16_11.R64,G:\My Drive\PhD\CAPTUR3D_personal\00 Progetti\CellTypeRecognition_DeepLearning\input\numpy files\1402_alpha.npy
1403_alpha,20210716,P2H2,1 mM,alpha16,alpha,G:\My Drive\PhD\CAPTUR3D_personal\00 Progetti\CellTypeRecognition_DeepLearning\input\R64 files\20210716\P2H2\alpha\alpha16_12.R64,G:\My Drive\PhD\CAPTUR3D_personal\00 Progetti\CellTypeRecognition_DeepLearning\input\numpy files\1403_alpha.npy
1404_alpha,20210716,P2H2,1 mM,alpha16,alpha,G:\My Drive\PhD\CAPTUR3D_personal\00 Progetti\CellTypeRecognition_DeepLearning\input\R64 files\20210716\P2H2\alpha\alpha16_13.R64,G:\My Drive\PhD\CAPTUR3D_personal\00 Progetti\CellTypeRecognition_DeepLearning\input\numpy files\1404_alpha.npy
1405_alpha,20210716,P2H2,1 mM,alpha16,alpha,G:\My Drive\PhD\CAPTUR3D_personal\00 Progetti\CellTypeRecognition_DeepLearning\input\R64 files\20210716\P2H2\alpha\alpha16_14.R64,G:\My Drive\PhD\CAPTUR3D_personal\00 Progetti\CellTypeRecognition_DeepLearning\input\numpy files\1405_alpha.npy
1406_alpha,20210716,P2H2,1 mM,alpha16,alpha,G:\My Drive\PhD\CAPTUR3D_personal\00 Progetti\CellTypeRecognition_DeepLearning\input\R64 files\20210716\P2H2\alpha\alpha16_15.R64,G:\My Drive\PhD\CAPTUR3D_personal\00 Progetti\CellTypeRecognition_DeepLearning\input\numpy files\1406_alpha.npy
1407_alpha,20210716,P2H2,1 mM,alpha16,alpha,G:\My Drive\PhD\CAPTUR3D_personal\00 Progetti\CellTypeRecognition_DeepLearning\input\R64 files\20210716\P2H2\alpha\alpha16_16.R64,G:\My Drive\PhD\CAPTUR3D_personal\00 Progetti\CellTypeRecognition_DeepLearning\input\numpy files\1407_alpha.npy
1408_beta,20210716,P2H3,2 mM,beta2,beta,G:\My Drive\PhD\CAPTUR3D_personal\00 Progetti\CellTypeRecognition_DeepLearning\input\R64 files\20210716\P2H3\beta\beta2_1.R64,G:\My Drive\PhD\CAPTUR3D_personal\00 Progetti\CellTypeRecognition_DeepLearning\input\numpy files\1408_beta.npy
1409_beta,20210716,P2H3,2 mM,beta2,beta,G:\My Drive\PhD\CAPTUR3D_personal\00 Progetti\CellTypeRecognition_DeepLearning\input\R64 files\20210716\P2H3\beta\beta2_2.R64,G:\My Drive\PhD\CAPTUR3D_personal\00 Progetti\CellTypeRecognition_DeepLearning\input\numpy files\1409_beta.npy
1410_beta,20210716,P2H3,2 mM,beta2,beta,G:\My Drive\PhD\CAPTUR3D_personal\00 Progetti\CellTypeRecognition_DeepLearning\input\R64 files\20210716\P2H3\beta\beta2_3.R64,G:\My Drive\PhD\CAPTUR3D_personal\00 Progetti\CellTypeRecognition_DeepLearning\input\numpy files\1410_beta.npy
1411_beta,20210716,P2H3,2 mM,beta2,beta,G:\My Drive\PhD\CAPTUR3D_personal\00 Progetti\CellTypeRecognition_DeepLearning\input\R64 files\20210716\P2H3\beta\beta2_4.R64,G:\My Drive\PhD\CAPTUR3D_personal\00 Progetti\CellTypeRecognition_DeepLearning\input\numpy files\1411_beta.npy
1412_beta,20210716,P2H3,2 mM,beta2,beta,G:\My Drive\PhD\CAPTUR3D_personal\00 Progetti\CellTypeRecognition_DeepLearning\input\R64 files\20210716\P2H3\beta\beta2_5.R64,G:\My Drive\PhD\CAPTUR3D_personal\00 Progetti\CellTypeRecognition_DeepLearning\input\numpy files\1412_beta.npy
1413_beta,20210716,P2H3,2 mM,beta2,beta,G:\My Drive\PhD\CAPTUR3D_personal\00 Progetti\CellTypeRecognition_DeepLearning\input\R64 files\20210716\P2H3\beta\beta2_6.R64,G:\My Drive\PhD\CAPTUR3D_personal\00 Progetti\CellTypeRecognition_DeepLearning\input\numpy files\1413_beta.npy
1414_beta,20210716,P2H3,2 mM,beta2,beta,G:\My Drive\PhD\CAPTUR3D_personal\00 Progetti\CellTypeRecognition_DeepLearning\input\R64 files\20210716\P2H3\beta\beta2_7.R64,G:\My Drive\PhD\CAPTUR3D_personal\00 Progetti\CellTypeRecognition_DeepLearning\input\numpy files\1414_beta.npy
1415_beta,20210716,P2H3,2 mM,beta2,beta,G:\My Drive\PhD\CAPTUR3D_personal\00 Progetti\CellTypeRecognition_DeepLearning\input\R64 files\20210716\P2H3\beta\beta2_8.R64,G:\My Drive\PhD\CAPTUR3D_personal\00 Progetti\CellTypeRecognition_DeepLearning\input\numpy files\1415_beta.npy
1416_beta,20210716,P2H3,2 mM,beta2,beta,G:\My Drive\PhD\CAPTUR3D_personal\00 Progetti\CellTypeRecognition_DeepLearning\input\R64 files\20210716\P2H3\beta\beta2_9.R64,G:\My Drive\PhD\CAPTUR3D_personal\00 Progetti\CellTypeRecognition_DeepLearning\input\numpy files\1416_beta.npy
1417_beta,20210716,P2H3,2 mM,beta2,beta,G:\My Drive\PhD\CAPTUR3D_personal\00 Progetti\CellTypeRecognition_DeepLearning\input\R64 files\20210716\P2H3\beta\beta2_10.R64,G:\My Drive\PhD\CAPTUR3D_personal\00 Progetti\CellTypeRecognition_DeepLearning\input\numpy files\1417_beta.npy
1418_beta,20210716,P2H3,2 mM,beta2,beta,G:\My Drive\PhD\CAPTUR3D_personal\00 Progetti\CellTypeRecognition_DeepLearning\input\R64 files\20210716\P2H3\beta\beta2_11.R64,G:\My Drive\PhD\CAPTUR3D_personal\00 Progetti\CellTypeRecognition_DeepLearning\input\numpy files\1418_beta.npy
1419_beta,20210716,P2H3,2 mM,beta2,beta,G:\My Drive\PhD\CAPTUR3D_personal\00 Progetti\CellTypeRecognition_DeepLearning\input\R64 files\20210716\P2H3\beta\beta2_12.R64,G:\My Drive\PhD\CAPTUR3D_personal\00 Progetti\CellTypeRecognition_DeepLearning\input\numpy files\1419_beta.npy
1420_beta,20210716,P2H3,2 mM,beta2,beta,G:\My Drive\PhD\CAPTUR3D_personal\00 Progetti\CellTypeRecognition_DeepLearning\input\R64 files\20210716\P2H3\beta\beta2_13.R64,G:\My Drive\PhD\CAPTUR3D_personal\00 Progetti\CellTypeRecognition_DeepLearning\input\numpy files\1420_beta.npy
1421_beta,20210716,P2H3,2 mM,beta2,beta,G:\My Drive\PhD\CAPTUR3D_personal\00 Progetti\CellTypeRecognition_DeepLearning\input\R64 files\20210716\P2H3\beta\beta2_14.R64,G:\My Drive\PhD\CAPTUR3D_personal\00 Progetti\CellTypeRecognition_DeepLearning\input\numpy files\1421_beta.npy
1422_beta,20210716,P2H3,2 mM,beta2,beta,G:\My Drive\PhD\CAPTUR3D_personal\00 Progetti\CellTypeRecognition_DeepLearning\input\R64 files\20210716\P2H3\beta\beta2_15.R64,G:\My Drive\PhD\CAPTUR3D_personal\00 Progetti\CellTypeRecognition_DeepLearning\input\numpy files\1422_beta.npy
1423_beta,20210716,P2H3,2 mM,beta2,beta,G:\My Drive\PhD\CAPTUR3D_personal\00 Progetti\CellTypeRecognition_DeepLearning\input\R64 files\20210716\P2H3\beta\beta2_16.R64,G:\My Drive\PhD\CAPTUR3D_personal\00 Progetti\CellTypeRecognition_DeepLearning\input\numpy files\1423_beta.npy
1424_beta,20210716,P2H3,2 mM,beta2,beta,G:\My Drive\PhD\CAPTUR3D_personal\00 Progetti\CellTypeRecognition_DeepLearning\input\R64 files\20210716\P2H3\beta\beta2_17.R64,G:\My Drive\PhD\CAPTUR3D_personal\00 Progetti\CellTypeRecognition_DeepLearning\input\numpy files\1424_beta.npy
1425_beta,20210716,P2H3,2 mM,beta2,beta,G:\My Drive\PhD\CAPTUR3D_personal\00 Progetti\CellTypeRecognition_DeepLearning\input\R64 files\20210716\P2H3\beta\beta2_18.R64,G:\My Drive\PhD\CAPTUR3D_personal\00 Progetti\CellTypeRecognition_DeepLearning\input\numpy files\1425_beta.npy
1426_beta,20210716,P2H3,2 mM,beta2,beta,G:\My Drive\PhD\CAPTUR3D_personal\00 Progetti\CellTypeRecognition_DeepLearning\input\R64 files\20210716\P2H3\beta\beta2_19.R64,G:\My Drive\PhD\CAPTUR3D_personal\00 Progetti\CellTypeRecognition_DeepLearning\input\numpy files\1426_beta.npy
1427_beta,20210716,P2H3,2 mM,beta2,beta,G:\My Drive\PhD\CAPTUR3D_personal\00 Progetti\CellTypeRecognition_DeepLearning\input\R64 files\20210716\P2H3\beta\beta2_20.R64,G:\My Drive\PhD\CAPTUR3D_personal\00 Progetti\CellTypeRecognition_DeepLearning\input\numpy files\1427_beta.npy
1428_beta,20210716,P2H3,2 mM,beta2,beta,G:\My Drive\PhD\CAPTUR3D_personal\00 Progetti\CellTypeRecognition_DeepLearning\input\R64 files\20210716\P2H3\beta\beta2_21.R64,G:\My Drive\PhD\CAPTUR3D_personal\00 Progetti\CellTypeRecognition_DeepLearning\input\numpy files\1428_beta.npy
1429_beta,20210716,P2H3,2 mM,beta2,beta,G:\My Drive\PhD\CAPTUR3D_personal\00 Progetti\CellTypeRecognition_DeepLearning\input\R64 files\20210716\P2H3\beta\beta2_22.R64,G:\My Drive\PhD\CAPTUR3D_personal\00 Progetti\CellTypeRecognition_DeepLearning\input\numpy files\1429_beta.npy
1430_beta,20210716,P2H3,2 mM,beta2,beta,G:\My Drive\PhD\CAPTUR3D_personal\00 Progetti\CellTypeRecognition_DeepLearning\input\R64 files\20210716\P2H3\beta\beta2_23.R64,G:\My Drive\PhD\CAPTUR3D_personal\00 Progetti\CellTypeRecognition_DeepLearning\input\numpy files\1430_beta.npy
1431_beta,20210716,P2H3,2 mM,beta2,beta,G:\My Drive\PhD\CAPTUR3D_personal\00 Progetti\CellTypeRecognition_DeepLearning\input\R64 files\20210716\P2H3\beta\beta2_24.R64,G:\My Drive\PhD\CAPTUR3D_personal\00 Progetti\CellTypeRecognition_DeepLearning\input\numpy files\1431_beta.npy
1432_beta,20210716,P2H3,2 mM,beta2,beta,G:\My Drive\PhD\CAPTUR3D_personal\00 Progetti\CellTypeRecognition_DeepLearning\input\R64 files\20210716\P2H3\beta\beta2_25.R64,G:\My Drive\PhD\CAPTUR3D_personal\00 Progetti\CellTypeRecognition_DeepLearning\input\numpy files\1432_beta.npy
1433_beta,20210716,P2H3,2 mM,beta2,beta,G:\My Drive\PhD\CAPTUR3D_personal\00 Progetti\CellTypeRecognition_DeepLearning\input\R64 files\20210716\P2H3\beta\beta2_26.R64,G:\My Drive\PhD\CAPTUR3D_personal\00 Progetti\CellTypeRecognition_DeepLearning\input\numpy files\1433_beta.npy
1434_beta,20210716,P2H3,2 mM,beta2,beta,G:\My Drive\PhD\CAPTUR3D_personal\00 Progetti\CellTypeRecognition_DeepLearning\input\R64 files\20210716\P2H3\beta\beta2_27.R64,G:\My Drive\PhD\CAPTUR3D_personal\00 Progetti\CellTypeRecognition_DeepLearning\input\numpy files\1434_beta.npy
1435_beta,20210716,P2H3,2 mM,beta2,beta,G:\My Drive\PhD\CAPTUR3D_personal\00 Progetti\CellTypeRecognition_DeepLearning\input\R64 files\20210716\P2H3\beta\beta2_28.R64,G:\My Drive\PhD\CAPTUR3D_personal\00 Progetti\CellTypeRecognition_DeepLearning\input\numpy files\1435_beta.npy
1436_beta,20210716,P2H3,2 mM,beta2,beta,G:\My Drive\PhD\CAPTUR3D_personal\00 Progetti\CellTypeRecognition_DeepLearning\input\R64 files\20210716\P2H3\beta\beta2_29.R64,G:\My Drive\PhD\CAPTUR3D_personal\00 Progetti\CellTypeRecognition_DeepLearning\input\numpy files\1436_beta.npy
1437_beta,20210716,P2H3,2 mM,beta2,beta,G:\My Drive\PhD\CAPTUR3D_personal\00 Progetti\CellTypeRecognition_DeepLearning\input\R64 files\20210716\P2H3\beta\beta2_30.R64,G:\My Drive\PhD\CAPTUR3D_personal\00 Progetti\CellTypeRecognition_DeepLearning\input\numpy files\1437_beta.npy
1438_beta,20210716,P2H3,1 mM,beta16,beta,G:\My Drive\PhD\CAPTUR3D_personal\00 Progetti\CellTypeRecognition_DeepLearning\input\R64 files\20210716\P2H3\beta\beta16_1.R64,G:\My Drive\PhD\CAPTUR3D_personal\00 Progetti\CellTypeRecognition_DeepLearning\input\numpy files\1438_beta.npy
1439_beta,20210716,P2H3,1 mM,beta16,beta,G:\My Drive\PhD\CAPTUR3D_personal\00 Progetti\CellTypeRecognition_DeepLearning\input\R64 files\20210716\P2H3\beta\beta16_2.R64,G:\My Drive\PhD\CAPTUR3D_personal\00 Progetti\CellTypeRecognition_DeepLearning\input\numpy files\1439_beta.npy
1440_beta,20210716,P2H3,1 mM,beta16,beta,G:\My Drive\PhD\CAPTUR3D_personal\00 Progetti\CellTypeRecognition_DeepLearning\input\R64 files\20210716\P2H3\beta\beta16_3.R64,G:\My Drive\PhD\CAPTUR3D_personal\00 Progetti\CellTypeRecognition_DeepLearning\input\numpy files\1440_beta.npy
1441_beta,20210716,P2H3,1 mM,beta16,beta,G:\My Drive\PhD\CAPTUR3D_personal\00 Progetti\CellTypeRecognition_DeepLearning\input\R64 files\20210716\P2H3\beta\beta16_4.R64,G:\My Drive\PhD\CAPTUR3D_personal\00 Progetti\CellTypeRecognition_DeepLearning\input\numpy files\1441_beta.npy
1442_beta,20210716,P2H3,1 mM,beta16,beta,G:\My Drive\PhD\CAPTUR3D_personal\00 Progetti\CellTypeRecognition_DeepLearning\input\R64 files\20210716\P2H3\beta\beta16_5.R64,G:\My Drive\PhD\CAPTUR3D_personal\00 Progetti\CellTypeRecognition_DeepLearning\input\numpy files\1442_beta.npy
1443_beta,20210716,P2H3,1 mM,beta16,beta,G:\My Drive\PhD\CAPTUR3D_personal\00 Progetti\CellTypeRecognition_DeepLearning\input\R64 files\20210716\P2H3\beta\beta16_6.R64,G:\My Drive\PhD\CAPTUR3D_personal\00 Progetti\CellTypeRecognition_DeepLearning\input\numpy files\1443_beta.npy
1444_beta,20210716,P2H3,1 mM,beta16,beta,G:\My Drive\PhD\CAPTUR3D_personal\00 Progetti\CellTypeRecognition_DeepLearning\input\R64 files\20210716\P2H3\beta\beta16_7.R64,G:\My Drive\PhD\CAPTUR3D_personal\00 Progetti\CellTypeRecognition_DeepLearning\input\numpy files\1444_beta.npy
1445_beta,20210716,P2H3,1 mM,beta16,beta,G:\My Drive\PhD\CAPTUR3D_personal\00 Progetti\CellTypeRecognition_DeepLearning\input\R64 files\20210716\P2H3\beta\beta16_8.R64,G:\My Drive\PhD\CAPTUR3D_personal\00 Progetti\CellTypeRecognition_DeepLearning\input\numpy files\1445_beta.npy
1446_beta,20210716,P2H3,1 mM,beta16,beta,G:\My Drive\PhD\CAPTUR3D_personal\00 Progetti\CellTypeRecognition_DeepLearning\input\R64 files\20210716\P2H3\beta\beta16_9.R64,G:\My Drive\PhD\CAPTUR3D_personal\00 Progetti\CellTypeRecognition_DeepLearning\input\numpy files\1446_beta.npy
1447_beta,20210716,P2H3,1 mM,beta16,beta,G:\My Drive\PhD\CAPTUR3D_personal\00 Progetti\CellTypeRecognition_DeepLearning\input\R64 files\20210716\P2H3\beta\beta16_10.R64,G:\My Drive\PhD\CAPTUR3D_personal\00 Progetti\CellTypeRecognition_DeepLearning\input\numpy files\1447_beta.npy
1448_beta,20210716,P2H3,1 mM,beta16,beta,G:\My Drive\PhD\CAPTUR3D_personal\00 Progetti\CellTypeRecognition_DeepLearning\input\R64 files\20210716\P2H3\beta\beta16_11.R64,G:\My Drive\PhD\CAPTUR3D_personal\00 Progetti\CellTypeRecognition_DeepLearning\input\numpy files\1448_beta.npy
1449_beta,20210716,P2H3,1 mM,beta16,beta,G:\My Drive\PhD\CAPTUR3D_personal\00 Progetti\CellTypeRecognition_DeepLearning\input\R64 files\20210716\P2H3\beta\beta16_12.R64,G:\My Drive\PhD\CAPTUR3D_personal\00 Progetti\CellTypeRecognition_DeepLearning\input\numpy files\1449_beta.npy
1450_beta,20210716,P2H3,1 mM,beta16,beta,G:\My Drive\PhD\CAPTUR3D_personal\00 Progetti\CellTypeRecognition_DeepLearning\input\R64 files\20210716\P2H3\beta\beta16_13.R64,G:\My Drive\PhD\CAPTUR3D_personal\00 Progetti\CellTypeRecognition_DeepLearning\input\numpy files\1450_beta.npy
1451_beta,20210716,P2H3,1 mM,beta16,beta,G:\My Drive\PhD\CAPTUR3D_personal\00 Progetti\CellTypeRecognition_DeepLearning\input\R64 files\20210716\P2H3\beta\beta16_14.R64,G:\My Drive\PhD\CAPTUR3D_personal\00 Progetti\CellTypeRecognition_DeepLearning\input\numpy files\1451_beta.npy
1452_beta,20210716,P2H3,1 mM,beta16,beta,G:\My Drive\PhD\CAPTUR3D_personal\00 Progetti\CellTypeRecognition_DeepLearning\input\R64 files\20210716\P2H3\beta\beta16_15.R64,G:\My Drive\PhD\CAPTUR3D_personal\00 Progetti\CellTypeRecognition_DeepLearning\input\numpy files\1452_beta.npy
1453_beta,20210716,P2H3,1 mM,beta16,beta,G:\My Drive\PhD\CAPTUR3D_personal\00 Progetti\CellTypeRecognition_DeepLearning\input\R64 files\20210716\P2H3\beta\beta16_16.R64,G:\My Drive\PhD\CAPTUR3D_personal\00 Progetti\CellTypeRecognition_DeepLearning\input\numpy files\1453_beta.npy
1454_beta,20210716,P2H3,1 mM,beta16,beta,G:\My Drive\PhD\CAPTUR3D_personal\00 Progetti\CellTypeRecognition_DeepLearning\input\R64 files\20210716\P2H3\beta\beta16_17.R64,G:\My Drive\PhD\CAPTUR3D_personal\00 Progetti\CellTypeRecognition_DeepLearning\input\numpy files\1454_beta.npy
1455_beta,20210716,P2H3,1 mM,beta16,beta,G:\My Drive\PhD\CAPTUR3D_personal\00 Progetti\CellTypeRecognition_DeepLearning\input\R64 files\20210716\P2H3\beta\beta16_18.R64,G:\My Drive\PhD\CAPTUR3D_personal\00 Progetti\CellTypeRecognition_DeepLearning\input\numpy files\1455_beta.npy
1456_beta,20210716,P2H3,1 mM,beta16,beta,G:\My Drive\PhD\CAPTUR3D_personal\00 Progetti\CellTypeRecognition_DeepLearning\input\R64 files\20210716\P2H3\beta\beta16_19.R64,G:\My Drive\PhD\CAPTUR3D_personal\00 Progetti\CellTypeRecognition_DeepLearning\input\numpy files\1456_beta.npy
1457_beta,20210716,P2H3,1 mM,beta16,beta,G:\My Drive\PhD\CAPTUR3D_personal\00 Progetti\CellTypeRecognition_DeepLearning\input\R64 files\20210716\P2H3\beta\beta16_20.R64,G:\My Drive\PhD\CAPTUR3D_personal\00 Progetti\CellTypeRecognition_DeepLearning\input\numpy files\1457_beta.npy
1458_beta,20210716,P2H3,1 mM,beta16,beta,G:\My Drive\PhD\CAPTUR3D_personal\00 Progetti\CellTypeRecognition_DeepLearning\input\R64 files\20210716\P2H3\beta\beta16_21.R64,G:\My Drive\PhD\CAPTUR3D_personal\00 Progetti\CellTypeRecognition_DeepLearning\input\numpy files\1458_beta.npy
1459_beta,20210716,P2H3,1 mM,beta16,beta,G:\My Drive\PhD\CAPTUR3D_personal\00 Progetti\CellTypeRecognition_DeepLearning\input\R64 files\20210716\P2H3\beta\beta16_22.R64,G:\My Drive\PhD\CAPTUR3D_personal\00 Progetti\CellTypeRecognition_DeepLearning\input\numpy files\1459_beta.npy
1460_beta,20210716,P2H3,1 mM,beta16,beta,G:\My Drive\PhD\CAPTUR3D_personal\00 Progetti\CellTypeRecognition_DeepLearning\input\R64 files\20210716\P2H3\beta\beta16_23.R64,G:\My Drive\PhD\CAPTUR3D_personal\00 Progetti\CellTypeRecognition_DeepLearning\input\numpy files\1460_beta.npy
1461_beta,20210716,P2H3,1 mM,beta16,beta,G:\My Drive\PhD\CAPTUR3D_personal\00 Progetti\CellTypeRecognition_DeepLearning\input\R64 files\20210716\P2H3\beta\beta16_24.R64,G:\My Drive\PhD\CAPTUR3D_personal\00 Progetti\CellTypeRecognition_DeepLearning\input\numpy files\1461_beta.npy
1462_beta,20210716,P2H3,1 mM,beta16,beta,G:\My Drive\PhD\CAPTUR3D_personal\00 Progetti\CellTypeRecognition_DeepLearning\input\R64 files\20210716\P2H3\beta\beta16_25.R64,G:\My Drive\PhD\CAPTUR3D_personal\00 Progetti\CellTypeRecognition_DeepLearning\input\numpy files\1462_beta.npy
1463_beta,20210716,P2H3,1 mM,beta16,beta,G:\My Drive\PhD\CAPTUR3D_personal\00 Progetti\CellTypeRecognition_DeepLearning\input\R64 files\20210716\P2H3\beta\beta16_26.R64,G:\My Drive\PhD\CAPTUR3D_personal\00 Progetti\CellTypeRecognition_DeepLearning\input\numpy files\1463_beta.npy
1464_beta,20210716,P2H3,1 mM,beta16,beta,G:\My Drive\PhD\CAPTUR3D_personal\00 Progetti\CellTypeRecognition_DeepLearning\input\R64 files\20210716\P2H3\beta\beta16_27.R64,G:\My Drive\PhD\CAPTUR3D_personal\00 Progetti\CellTypeRecognition_DeepLearning\input\numpy files\1464_beta.npy
1465_beta,20210716,P2H3,1 mM,beta16,beta,G:\My Drive\PhD\CAPTUR3D_personal\00 Progetti\CellTypeRecognition_DeepLearning\input\R64 files\20210716\P2H3\beta\beta16_28.R64,G:\My Drive\PhD\CAPTUR3D_personal\00 Progetti\CellTypeRecognition_DeepLearning\input\numpy files\1465_beta.npy
1466_beta,20210716,P2H3,1 mM,beta16,beta,G:\My Drive\PhD\CAPTUR3D_personal\00 Progetti\CellTypeRecognition_DeepLearning\input\R64 files\20210716\P2H3\beta\beta16_29.R64,G:\My Drive\PhD\CAPTUR3D_personal\00 Progetti\CellTypeRecognition_DeepLearning\input\numpy files\1466_beta.npy
1467_beta,20210716,P2H3,1 mM,beta16,beta,G:\My Drive\PhD\CAPTUR3D_personal\00 Progetti\CellTypeRecognition_DeepLearning\input\R64 files\20210716\P2H3\beta\beta16_30.R64,G:\My Drive\PhD\CAPTUR3D_personal\00 Progetti\CellTypeRecognition_DeepLearning\input\numpy files\1467_beta.npy
1468_alpha,20210716,P2H3,2 mM,alpha2,alpha,G:\My Drive\PhD\CAPTUR3D_personal\00 Progetti\CellTypeRecognition_DeepLearning\input\R64 files\20210716\P2H3\alpha\alpha2_1.R64,G:\My Drive\PhD\CAPTUR3D_personal\00 Progetti\CellTypeRecognition_DeepLearning\input\numpy files\1468_alpha.npy
1469_alpha,20210716,P2H3,2 mM,alpha2,alpha,G:\My Drive\PhD\CAPTUR3D_personal\00 Progetti\CellTypeRecognition_DeepLearning\input\R64 files\20210716\P2H3\alpha\alpha2_2.R64,G:\My Drive\PhD\CAPTUR3D_personal\00 Progetti\CellTypeRecognition_DeepLearning\input\numpy files\1469_alpha.npy
1470_alpha,20210716,P2H3,2 mM,alpha2,alpha,G:\My Drive\PhD\CAPTUR3D_personal\00 Progetti\CellTypeRecognition_DeepLearning\input\R64 files\20210716\P2H3\alpha\alpha2_3.R64,G:\My Drive\PhD\CAPTUR3D_personal\00 Progetti\CellTypeRecognition_DeepLearning\input\numpy files\1470_alpha.npy
1471_alpha,20210716,P2H3,2 mM,alpha2,alpha,G:\My Drive\PhD\CAPTUR3D_personal\00 Progetti\CellTypeRecognition_DeepLearning\input\R64 files\20210716\P2H3\alpha\alpha2_4.R64,G:\My Drive\PhD\CAPTUR3D_personal\00 Progetti\CellTypeRecognition_DeepLearning\input\numpy files\1471_alpha.npy
1472_alpha,20210716,P2H3,2 mM,alpha2,alpha,G:\My Drive\PhD\CAPTUR3D_personal\00 Progetti\CellTypeRecognition_DeepLearning\input\R64 files\20210716\P2H3\alpha\alpha2_5.R64,G:\My Drive\PhD\CAPTUR3D_personal\00 Progetti\CellTypeRecognition_DeepLearning\input\numpy files\1472_alpha.npy
1473_alpha,20210716,P2H3,2 mM,alpha2,alpha,G:\My Drive\PhD\CAPTUR3D_personal\00 Progetti\CellTypeRecognition_DeepLearning\input\R64 files\20210716\P2H3\alpha\alpha2_6.R64,G:\My Drive\PhD\CAPTUR3D_personal\00 Progetti\CellTypeRecognition_DeepLearning\input\numpy files\1473_alpha.npy
1474_alpha,20210716,P2H3,2 mM,alpha2,alpha,G:\My Drive\PhD\CAPTUR3D_personal\00 Progetti\CellTypeRecognition_DeepLearning\input\R64 files\20210716\P2H3\alpha\alpha2_7.R64,G:\My Drive\PhD\CAPTUR3D_personal\00 Progetti\CellTypeRecognition_DeepLearning\input\numpy files\1474_alpha.npy
1475_alpha,20210716,P2H3,2 mM,alpha2,alpha,G:\My Drive\PhD\CAPTUR3D_personal\00 Progetti\CellTypeRecognition_DeepLearning\input\R64 files\20210716\P2H3\alpha\alpha2_8.R64,G:\My Drive\PhD\CAPTUR3D_personal\00 Progetti\CellTypeRecognition_DeepLearning\input\numpy files\1475_alpha.npy
1476_alpha,20210716,P2H3,2 mM,alpha2,alpha,G:\My Drive\PhD\CAPTUR3D_personal\00 Progetti\CellTypeRecognition_DeepLearning\input\R64 files\20210716\P2H3\alpha\alpha2_9.R64,G:\My Drive\PhD\CAPTUR3D_personal\00 Progetti\CellTypeRecognition_DeepLearning\input\numpy files\1476_alpha.npy
1477_alpha,20210716,P2H3,2 mM,alpha2,alpha,G:\My Drive\PhD\CAPTUR3D_personal\00 Progetti\CellTypeRecognition_DeepLearning\input\R64 files\20210716\P2H3\alpha\alpha2_10.R64,G:\My Drive\PhD\CAPTUR3D_personal\00 Progetti\CellTypeRecognition_DeepLearning\input\numpy files\1477_alpha.npy
1478_alpha,20210716,P2H3,2 mM,alpha2,alpha,G:\My Drive\PhD\CAPTUR3D_personal\00 Progetti\CellTypeRecognition_DeepLearning\input\R64 files\20210716\P2H3\alpha\alpha2_11.R64,G:\My Drive\PhD\CAPTUR3D_personal\00 Progetti\CellTypeRecognition_DeepLearning\input\numpy files\1478_alpha.npy
1479_alpha,20210716,P2H3,2 mM,alpha2,alpha,G:\My Drive\PhD\CAPTUR3D_personal\00 Progetti\CellTypeRecognition_DeepLearning\input\R64 files\20210716\P2H3\alpha\alpha2_12.R64,G:\My Drive\PhD\CAPTUR3D_personal\00 Progetti\CellTypeRecognition_DeepLearning\input\numpy files\1479_alpha.npy
1480_alpha,20210716,P2H3,2 mM,alpha2,alpha,G:\My Drive\PhD\CAPTUR3D_personal\00 Progetti\CellTypeRecognition_DeepLearning\input\R64 files\20210716\P2H3\alpha\alpha2_13.R64,G:\My Drive\PhD\CAPTUR3D_personal\00 Progetti\CellTypeRecognition_DeepLearning\input\numpy files\1480_alpha.npy
1481_alpha,20210716,P2H3,2 mM,alpha2,alpha,G:\My Drive\PhD\CAPTUR3D_personal\00 Progetti\CellTypeRecognition_DeepLearning\input\R64 files\20210716\P2H3\alpha\alpha2_14.R64,G:\My Drive\PhD\CAPTUR3D_personal\00 Progetti\CellTypeRecognition_DeepLearning\input\numpy files\1481_alpha.npy
1482_alpha,20210716,P2H3,2 mM,alpha2,alpha,G:\My Drive\PhD\CAPTUR3D_personal\00 Progetti\CellTypeRecognition_DeepLearning\input\R64 files\20210716\P2H3\alpha\alpha2_15.R64,G:\My Drive\PhD\CAPTUR3D_personal\00 Progetti\CellTypeRecognition_DeepLearning\input\numpy files\1482_alpha.npy
1483_alpha,20210716,P2H3,2 mM,alpha2,alpha,G:\My Drive\PhD\CAPTUR3D_personal\00 Progetti\CellTypeRecognition_DeepLearning\input\R64 files\20210716\P2H3\alpha\alpha2_16.R64,G:\My Drive\PhD\CAPTUR3D_personal\00 Progetti\CellTypeRecognition_DeepLearning\input\numpy files\1483_alpha.npy
1484_alpha,20210716,P2H3,2 mM,alpha2,alpha,G:\My Drive\PhD\CAPTUR3D_personal\00 Progetti\CellTypeRecognition_DeepLearning\input\R64 files\20210716\P2H3\alpha\alpha2_17.R64,G:\My Drive\PhD\CAPTUR3D_personal\00 Progetti\CellTypeRecognition_DeepLearning\input\numpy files\1484_alpha.npy
1485_alpha,20210716,P2H3,2 mM,alpha2,alpha,G:\My Drive\PhD\CAPTUR3D_personal\00 Progetti\CellTypeRecognition_DeepLearning\input\R64 files\20210716\P2H3\alpha\alpha2_18.R64,G:\My Drive\PhD\CAPTUR3D_personal\00 Progetti\CellTypeRecognition_DeepLearning\input\numpy files\1485_alpha.npy
1486_alpha,20210716,P2H3,2 mM,alpha2,alpha,G:\My Drive\PhD\CAPTUR3D_personal\00 Progetti\CellTypeRecognition_DeepLearning\input\R64 files\20210716\P2H3\alpha\alpha2_19.R64,G:\My Drive\PhD\CAPTUR3D_personal\00 Progetti\CellTypeRecognition_DeepLearning\input\numpy files\1486_alpha.npy
1487_alpha,20210716,P2H3,2 mM,alpha2,alpha,G:\My Drive\PhD\CAPTUR3D_personal\00 Progetti\CellTypeRecognition_DeepLearning\input\R64 files\20210716\P2H3\alpha\alpha2_20.R64,G:\My Drive\PhD\CAPTUR3D_personal\00 Progetti\CellTypeRecognition_DeepLearning\input\numpy files\1487_alpha.npy
1488_alpha,20210716,P2H3,2 mM,alpha2,alpha,G:\My Drive\PhD\CAPTUR3D_personal\00 Progetti\CellTypeRecognition_DeepLearning\input\R64 files\20210716\P2H3\alpha\alpha2_21.R64,G:\My Drive\PhD\CAPTUR3D_personal\00 Progetti\CellTypeRecognition_DeepLearning\input\numpy files\1488_alpha.npy
1489_alpha,20210716,P2H3,2 mM,alpha2,alpha,G:\My Drive\PhD\CAPTUR3D_personal\00 Progetti\CellTypeRecognition_DeepLearning\input\R64 files\20210716\P2H3\alpha\alpha2_22.R64,G:\My Drive\PhD\CAPTUR3D_personal\00 Progetti\CellTypeRecognition_DeepLearning\input\numpy files\1489_alpha.npy
1490_alpha,20210716,P2H3,2 mM,alpha2,alpha,G:\My Drive\PhD\CAPTUR3D_personal\00 Progetti\CellTypeRecognition_DeepLearning\input\R64 files\20210716\P2H3\alpha\alpha2_23.R64,G:\My Drive\PhD\CAPTUR3D_personal\00 Progetti\CellTypeRecognition_DeepLearning\input\numpy files\1490_alpha.npy
1491_alpha,20210716,P2H3,2 mM,alpha2,alpha,G:\My Drive\PhD\CAPTUR3D_personal\00 Progetti\CellTypeRecognition_DeepLearning\input\R64 files\20210716\P2H3\alpha\alpha2_24.R64,G:\My Drive\PhD\CAPTUR3D_personal\00 Progetti\CellTypeRecognition_DeepLearning\input\numpy files\1491_alpha.npy
1492_alpha,20210716,P2H3,2 mM,alpha2,alpha,G:\My Drive\PhD\CAPTUR3D_personal\00 Progetti\CellTypeRecognition_DeepLearning\input\R64 files\20210716\P2H3\alpha\alpha2_25.R64,G:\My Drive\PhD\CAPTUR3D_personal\00 Progetti\CellTypeRecognition_DeepLearning\input\numpy files\1492_alpha.npy
1493_alpha,20210716,P2H3,2 mM,alpha2,alpha,G:\My Drive\PhD\CAPTUR3D_personal\00 Progetti\CellTypeRecognition_DeepLearning\input\R64 files\20210716\P2H3\alpha\alpha2_26.R64,G:\My Drive\PhD\CAPTUR3D_personal\00 Progetti\CellTypeRecognition_DeepLearning\input\numpy files\1493_alpha.npy
1494_alpha,20210716,P2H3,2 mM,alpha2,alpha,G:\My Drive\PhD\CAPTUR3D_personal\00 Progetti\CellTypeRecognition_DeepLearning\input\R64 files\20210716\P2H3\alpha\alpha2_27.R64,G:\My Drive\PhD\CAPTUR3D_personal\00 Progetti\CellTypeRecognition_DeepLearning\input\numpy files\1494_alpha.npy
1495_alpha,20210716,P2H3,1 mM,alpha16,alpha,G:\My Drive\PhD\CAPTUR3D_personal\00 Progetti\CellTypeRecognition_DeepLearning\input\R64 files\20210716\P2H3\alpha\alpha16_1.R64,G:\My Drive\PhD\CAPTUR3D_personal\00 Progetti\CellTypeRecognition_DeepLearning\input\numpy files\1495_alpha.npy
1496_alpha,20210716,P2H3,1 mM,alpha16,alpha,G:\My Drive\PhD\CAPTUR3D_personal\00 Progetti\CellTypeRecognition_DeepLearning\input\R64 files\20210716\P2H3\alpha\alpha16_2.R64,G:\My Drive\PhD\CAPTUR3D_personal\00 Progetti\CellTypeRecognition_DeepLearning\input\numpy files\1496_alpha.npy
1497_alpha,20210716,P2H3,1 mM,alpha16,alpha,G:\My Drive\PhD\CAPTUR3D_personal\00 Progetti\CellTypeRecognition_DeepLearning\input\R64 files\20210716\P2H3\alpha\alpha16_3.R64,G:\My Drive\PhD\CAPTUR3D_personal\00 Progetti\CellTypeRecognition_DeepLearning\input\numpy files\1497_alpha.npy
1498_alpha,20210716,P2H3,1 mM,alpha16,alpha,G:\My Drive\PhD\CAPTUR3D_personal\00 Progetti\CellTypeRecognition_DeepLearning\input\R64 files\20210716\P2H3\alpha\alpha16_4.R64,G:\My Drive\PhD\CAPTUR3D_personal\00 Progetti\CellTypeRecognition_DeepLearning\input\numpy files\1498_alpha.npy
1499_alpha,20210716,P2H3,1 mM,alpha16,alpha,G:\My Drive\PhD\CAPTUR3D_personal\00 Progetti\CellTypeRecognition_DeepLearning\input\R64 files\20210716\P2H3\alpha\alpha16_5.R64,G:\My Drive\PhD\CAPTUR3D_personal\00 Progetti\CellTypeRecognition_DeepLearning\input\numpy files\1499_alpha.npy
1500_alpha,20210716,P2H3,1 mM,alpha16,alpha,G:\My Drive\PhD\CAPTUR3D_personal\00 Progetti\CellTypeRecognition_DeepLearning\input\R64 files\20210716\P2H3\alpha\alpha16_6.R64,G:\My Drive\PhD\CAPTUR3D_personal\00 Progetti\CellTypeRecognition_DeepLearning\input\numpy files\1500_alpha.npy
1501_alpha,20210716,P2H3,1 mM,alpha16,alpha,G:\My Drive\PhD\CAPTUR3D_personal\00 Progetti\CellTypeRecognition_DeepLearning\input\R64 files\20210716\P2H3\alpha\alpha16_7.R64,G:\My Drive\PhD\CAPTUR3D_personal\00 Progetti\CellTypeRecognition_DeepLearning\input\numpy files\1501_alpha.npy
1502_alpha,20210716,P2H3,1 mM,alpha16,alpha,G:\My Drive\PhD\CAPTUR3D_personal\00 Progetti\CellTypeRecognition_DeepLearning\input\R64 files\20210716\P2H3\alpha\alpha16_8.R64,G:\My Drive\PhD\CAPTUR3D_personal\00 Progetti\CellTypeRecognition_DeepLearning\input\numpy files\1502_alpha.npy
1503_alpha,20210716,P2H3,1 mM,alpha16,alpha,G:\My Drive\PhD\CAPTUR3D_personal\00 Progetti\CellTypeRecognition_DeepLearning\input\R64 files\20210716\P2H3\alpha\alpha16_9.R64,G:\My Drive\PhD\CAPTUR3D_personal\00 Progetti\CellTypeRecognition_DeepLearning\input\numpy files\1503_alpha.npy
1504_alpha,20210716,P2H3,1 mM,alpha16,alpha,G:\My Drive\PhD\CAPTUR3D_personal\00 Progetti\CellTypeRecognition_DeepLearning\input\R64 files\20210716\P2H3\alpha\alpha16_10.R64,G:\My Drive\PhD\CAPTUR3D_personal\00 Progetti\CellTypeRecognition_DeepLearning\input\numpy files\1504_alpha.npy
1505_alpha,20210716,P2H3,1 mM,alpha16,alpha,G:\My Drive\PhD\CAPTUR3D_personal\00 Progetti\CellTypeRecognition_DeepLearning\input\R64 files\20210716\P2H3\alpha\alpha16_11.R64,G:\My Drive\PhD\CAPTUR3D_personal\00 Progetti\CellTypeRecognition_DeepLearning\input\numpy files\1505_alpha.npy
1506_alpha,20210716,P2H3,1 mM,alpha16,alpha,G:\My Drive\PhD\CAPTUR3D_personal\00 Progetti\CellTypeRecognition_DeepLearning\input\R64 files\20210716\P2H3\alpha\alpha16_12.R64,G:\My Drive\PhD\CAPTUR3D_personal\00 Progetti\CellTypeRecognition_DeepLearning\input\numpy files\1506_alpha.npy
1507_alpha,20210716,P2H3,1 mM,alpha16,alpha,G:\My Drive\PhD\CAPTUR3D_personal\00 Progetti\CellTypeRecognition_DeepLearning\input\R64 files\20210716\P2H3\alpha\alpha16_13.R64,G:\My Drive\PhD\CAPTUR3D_personal\00 Progetti\CellTypeRecognition_DeepLearning\input\numpy files\1507_alpha.npy
1508_alpha,20210716,P2H3,1 mM,alpha16,alpha,G:\My Drive\PhD\CAPTUR3D_personal\00 Progetti\CellTypeRecognition_DeepLearning\input\R64 files\20210716\P2H3\alpha\alpha16_14.R64,G:\My Drive\PhD\CAPTUR3D_personal\00 Progetti\CellTypeRecognition_DeepLearning\input\numpy files\1508_alpha.npy
1509_alpha,20210716,P2H3,1 mM,alpha16,alpha,G:\My Drive\PhD\CAPTUR3D_personal\00 Progetti\CellTypeRecognition_DeepLearning\input\R64 files\20210716\P2H3\alpha\alpha16_15.R64,G:\My Drive\PhD\CAPTUR3D_personal\00 Progetti\CellTypeRecognition_DeepLearning\input\numpy files\1509_alpha.npy
1510_alpha,20210716,P2H3,1 mM,alpha16,alpha,G:\My Drive\PhD\CAPTUR3D_personal\00 Progetti\CellTypeRecognition_DeepLearning\input\R64 files\20210716\P2H3\alpha\alpha16_16.R64,G:\My Drive\PhD\CAPTUR3D_personal\00 Progetti\CellTypeRecognition_DeepLearning\input\numpy files\1510_alpha.npy
1511_alpha,20210716,P2H3,1 mM,alpha16,alpha,G:\My Drive\PhD\CAPTUR3D_personal\00 Progetti\CellTypeRecognition_DeepLearning\input\R64 files\20210716\P2H3\alpha\alpha16_17.R64,G:\My Drive\PhD\CAPTUR3D_personal\00 Progetti\CellTypeRecognition_DeepLearning\input\numpy files\1511_alpha.npy
1512_alpha,20210716,P2H3,1 mM,alpha16,alpha,G:\My Drive\PhD\CAPTUR3D_personal\00 Progetti\CellTypeRecognition_DeepLearning\input\R64 files\20210716\P2H3\alpha\alpha16_18.R64,G:\My Drive\PhD\CAPTUR3D_personal\00 Progetti\CellTypeRecognition_DeepLearning\input\numpy files\1512_alpha.npy
1513_alpha,20210716,P2H3,1 mM,alpha16,alpha,G:\My Drive\PhD\CAPTUR3D_personal\00 Progetti\CellTypeRecognition_DeepLearning\input\R64 files\20210716\P2H3\alpha\alpha16_19.R64,G:\My Drive\PhD\CAPTUR3D_personal\00 Progetti\CellTypeRecognition_DeepLearning\input\numpy files\1513_alpha.npy
1514_alpha,20210716,P2H3,1 mM,alpha16,alpha,G:\My Drive\PhD\CAPTUR3D_personal\00 Progetti\CellTypeRecognition_DeepLearning\input\R64 files\20210716\P2H3\alpha\alpha16_20.R64,G:\My Drive\PhD\CAPTUR3D_personal\00 Progetti\CellTypeRecognition_DeepLearning\input\numpy files\1514_alpha.npy
1515_alpha,20210716,P2H3,1 mM,alpha16,alpha,G:\My Drive\PhD\CAPTUR3D_personal\00 Progetti\CellTypeRecognition_DeepLearning\input\R64 files\20210716\P2H3\alpha\alpha16_21.R64,G:\My Drive\PhD\CAPTUR3D_personal\00 Progetti\CellTypeRecognition_DeepLearning\input\numpy files\1515_alpha.npy
1516_alpha,20210716,P2H3,1 mM,alpha16,alpha,G:\My Drive\PhD\CAPTUR3D_personal\00 Progetti\CellTypeRecognition_DeepLearning\input\R64 files\20210716\P2H3\alpha\alpha16_22.R64,G:\My Drive\PhD\CAPTUR3D_personal\00 Progetti\CellTypeRecognition_DeepLearning\input\numpy files\1516_alpha.npy
1517_alpha,20210716,P2H3,1 mM,alpha16,alpha,G:\My Drive\PhD\CAPTUR3D_personal\00 Progetti\CellTypeRecognition_DeepLearning\input\R64 files\20210716\P2H3\alpha\alpha16_23.R64,G:\My Drive\PhD\CAPTUR3D_personal\00 Progetti\CellTypeRecognition_DeepLearning\input\numpy files\1517_alpha.npy
1518_alpha,20210716,P2H3,1 mM,alpha16,alpha,G:\My Drive\PhD\CAPTUR3D_personal\00 Progetti\CellTypeRecognition_DeepLearning\input\R64 files\20210716\P2H3\alpha\alpha16_24.R64,G:\My Drive\PhD\CAPTUR3D_personal\00 Progetti\CellTypeRecognition_DeepLearning\input\numpy files\1518_alpha.npy
1519_alpha,20210716,P2H3,1 mM,alpha16,alpha,G:\My Drive\PhD\CAPTUR3D_personal\00 Progetti\CellTypeRecognition_DeepLearning\input\R64 files\20210716\P2H3\alpha\alpha16_25.R64,G:\My Drive\PhD\CAPTUR3D_personal\00 Progetti\CellTypeRecognition_DeepLearning\input\numpy files\1519_alpha.npy
1520_alpha,20210716,P2H3,1 mM,alpha16,alpha,G:\My Drive\PhD\CAPTUR3D_personal\00 Progetti\CellTypeRecognition_DeepLearning\input\R64 files\20210716\P2H3\alpha\alpha16_26.R64,G:\My Drive\PhD\CAPTUR3D_personal\00 Progetti\CellTypeRecognition_DeepLearning\input\numpy files\1520_alpha.npy
1521_alpha,20210716,P2H3,1 mM,alpha16,alpha,G:\My Drive\PhD\CAPTUR3D_personal\00 Progetti\CellTypeRecognition_DeepLearning\input\R64 files\20210716\P2H3\alpha\alpha16_27.R64,G:\My Drive\PhD\CAPTUR3D_personal\00 Progetti\CellTypeRecognition_DeepLearning\input\numpy files\1521_alpha.npy
1522_beta,20210716,P3H1,2 mM,beta2,beta,G:\My Drive\PhD\CAPTUR3D_personal\00 Progetti\CellTypeRecognition_DeepLearning\input\R64 files\20210716\P3H1\beta\beta2_1.R64,G:\My Drive\PhD\CAPTUR3D_personal\00 Progetti\CellTypeRecognition_DeepLearning\input\numpy files\1522_beta.npy
1523_beta,20210716,P3H1,2 mM,beta2,beta,G:\My Drive\PhD\CAPTUR3D_personal\00 Progetti\CellTypeRecognition_DeepLearning\input\R64 files\20210716\P3H1\beta\beta2_2.R64,G:\My Drive\PhD\CAPTUR3D_personal\00 Progetti\CellTypeRecognition_DeepLearning\input\numpy files\1523_beta.npy
1524_beta,20210716,P3H1,2 mM,beta2,beta,G:\My Drive\PhD\CAPTUR3D_personal\00 Progetti\CellTypeRecognition_DeepLearning\input\R64 files\20210716\P3H1\beta\beta2_3.R64,G:\My Drive\PhD\CAPTUR3D_personal\00 Progetti\CellTypeRecognition_DeepLearning\input\numpy files\1524_beta.npy
1525_beta,20210716,P3H1,2 mM,beta2,beta,G:\My Drive\PhD\CAPTUR3D_personal\00 Progetti\CellTypeRecognition_DeepLearning\input\R64 files\20210716\P3H1\beta\beta2_4.R64,G:\My Drive\PhD\CAPTUR3D_personal\00 Progetti\CellTypeRecognition_DeepLearning\input\numpy files\1525_beta.npy
1526_beta,20210716,P3H1,2 mM,beta2,beta,G:\My Drive\PhD\CAPTUR3D_personal\00 Progetti\CellTypeRecognition_DeepLearning\input\R64 files\20210716\P3H1\beta\beta2_5.R64,G:\My Drive\PhD\CAPTUR3D_personal\00 Progetti\CellTypeRecognition_DeepLearning\input\numpy files\1526_beta.npy
1527_beta,20210716,P3H1,2 mM,beta2,beta,G:\My Drive\PhD\CAPTUR3D_personal\00 Progetti\CellTypeRecognition_DeepLearning\input\R64 files\20210716\P3H1\beta\beta2_6.R64,G:\My Drive\PhD\CAPTUR3D_personal\00 Progetti\CellTypeRecognition_DeepLearning\input\numpy files\1527_beta.npy
1528_beta,20210716,P3H1,2 mM,beta2,beta,G:\My Drive\PhD\CAPTUR3D_personal\00 Progetti\CellTypeRecognition_DeepLearning\input\R64 files\20210716\P3H1\beta\beta2_7.R64,G:\My Drive\PhD\CAPTUR3D_personal\00 Progetti\CellTypeRecognition_DeepLearning\input\numpy files\1528_beta.npy
1529_beta,20210716,P3H1,2 mM,beta2,beta,G:\My Drive\PhD\CAPTUR3D_personal\00 Progetti\CellTypeRecognition_DeepLearning\input\R64 files\20210716\P3H1\beta\beta2_8.R64,G:\My Drive\PhD\CAPTUR3D_personal\00 Progetti\CellTypeRecognition_DeepLearning\input\numpy files\1529_beta.npy
1530_beta,20210716,P3H1,2 mM,beta2,beta,G:\My Drive\PhD\CAPTUR3D_personal\00 Progetti\CellTypeRecognition_DeepLearning\input\R64 files\20210716\P3H1\beta\beta2_9.R64,G:\My Drive\PhD\CAPTUR3D_personal\00 Progetti\CellTypeRecognition_DeepLearning\input\numpy files\1530_beta.npy
1531_beta,20210716,P3H1,2 mM,beta2,beta,G:\My Drive\PhD\CAPTUR3D_personal\00 Progetti\CellTypeRecognition_DeepLearning\input\R64 files\20210716\P3H1\beta\beta2_10.R64,G:\My Drive\PhD\CAPTUR3D_personal\00 Progetti\CellTypeRecognition_DeepLearning\input\numpy files\1531_beta.npy
1532_beta,20210716,P3H1,2 mM,beta2,beta,G:\My Drive\PhD\CAPTUR3D_personal\00 Progetti\CellTypeRecognition_DeepLearning\input\R64 files\20210716\P3H1\beta\beta2_11.R64,G:\My Drive\PhD\CAPTUR3D_personal\00 Progetti\CellTypeRecognition_DeepLearning\input\numpy files\1532_beta.npy
1533_beta,20210716,P3H1,2 mM,beta2,beta,G:\My Drive\PhD\CAPTUR3D_personal\00 Progetti\CellTypeRecognition_DeepLearning\input\R64 files\20210716\P3H1\beta\beta2_12.R64,G:\My Drive\PhD\CAPTUR3D_personal\00 Progetti\CellTypeRecognition_DeepLearning\input\numpy files\1533_beta.npy
1534_beta,20210716,P3H1,2 mM,beta2,beta,G:\My Drive\PhD\CAPTUR3D_personal\00 Progetti\CellTypeRecognition_DeepLearning\input\R64 files\20210716\P3H1\beta\beta2_13.R64,G:\My Drive\PhD\CAPTUR3D_personal\00 Progetti\CellTypeRecognition_DeepLearning\input\numpy files\1534_beta.npy
1535_beta,20210716,P3H1,2 mM,beta2,beta,G:\My Drive\PhD\CAPTUR3D_personal\00 Progetti\CellTypeRecognition_DeepLearning\input\R64 files\20210716\P3H1\beta\beta2_14.R64,G:\My Drive\PhD\CAPTUR3D_personal\00 Progetti\CellTypeRecognition_DeepLearning\input\numpy files\1535_beta.npy
1536_beta,20210716,P3H1,2 mM,beta2,beta,G:\My Drive\PhD\CAPTUR3D_personal\00 Progetti\CellTypeRecognition_DeepLearning\input\R64 files\20210716\P3H1\beta\beta2_15.R64,G:\My Drive\PhD\CAPTUR3D_personal\00 Progetti\CellTypeRecognition_DeepLearning\input\numpy files\1536_beta.npy
1537_beta,20210716,P3H1,2 mM,beta2,beta,G:\My Drive\PhD\CAPTUR3D_personal\00 Progetti\CellTypeRecognition_DeepLearning\input\R64 files\20210716\P3H1\beta\beta2_16.R64,G:\My Drive\PhD\CAPTUR3D_personal\00 Progetti\CellTypeRecognition_DeepLearning\input\numpy files\1537_beta.npy
1538_beta,20210716,P3H1,2 mM,beta2,beta,G:\My Drive\PhD\CAPTUR3D_personal\00 Progetti\CellTypeRecognition_DeepLearning\input\R64 files\20210716\P3H1\beta\beta2_17.R64,G:\My Drive\PhD\CAPTUR3D_personal\00 Progetti\CellTypeRecognition_DeepLearning\input\numpy files\1538_beta.npy
1539_beta,20210716,P3H1,2 mM,beta2,beta,G:\My Drive\PhD\CAPTUR3D_personal\00 Progetti\CellTypeRecognition_DeepLearning\input\R64 files\20210716\P3H1\beta\beta2_18.R64,G:\My Drive\PhD\CAPTUR3D_personal\00 Progetti\CellTypeRecognition_DeepLearning\input\numpy files\1539_beta.npy
1540_beta,20210716,P3H1,2 mM,beta2,beta,G:\My Drive\PhD\CAPTUR3D_personal\00 Progetti\CellTypeRecognition_DeepLearning\input\R64 files\20210716\P3H1\beta\beta2_19.R64,G:\My Drive\PhD\CAPTUR3D_personal\00 Progetti\CellTypeRecognition_DeepLearning\input\numpy files\1540_beta.npy
1541_beta,20210716,P3H1,2 mM,beta2,beta,G:\My Drive\PhD\CAPTUR3D_personal\00 Progetti\CellTypeRecognition_DeepLearning\input\R64 files\20210716\P3H1\beta\beta2_20.R64,G:\My Drive\PhD\CAPTUR3D_personal\00 Progetti\CellTypeRecognition_DeepLearning\input\numpy files\1541_beta.npy
1542_beta,20210716,P3H1,2 mM,beta2,beta,G:\My Drive\PhD\CAPTUR3D_personal\00 Progetti\CellTypeRecognition_DeepLearning\input\R64 files\20210716\P3H1\beta\beta2_21.R64,G:\My Drive\PhD\CAPTUR3D_personal\00 Progetti\CellTypeRecognition_DeepLearning\input\numpy files\1542_beta.npy
1543_beta,20210716,P3H1,2 mM,beta2,beta,G:\My Drive\PhD\CAPTUR3D_personal\00 Progetti\CellTypeRecognition_DeepLearning\input\R64 files\20210716\P3H1\beta\beta2_22.R64,G:\My Drive\PhD\CAPTUR3D_personal\00 Progetti\CellTypeRecognition_DeepLearning\input\numpy files\1543_beta.npy
1544_beta,20210716,P3H1,2 mM,beta2,beta,G:\My Drive\PhD\CAPTUR3D_personal\00 Progetti\CellTypeRecognition_DeepLearning\input\R64 files\20210716\P3H1\beta\beta2_23.R64,G:\My Drive\PhD\CAPTUR3D_personal\00 Progetti\CellTypeRecognition_DeepLearning\input\numpy files\1544_beta.npy
1545_beta,20210716,P3H1,2 mM,beta2,beta,G:\My Drive\PhD\CAPTUR3D_personal\00 Progetti\CellTypeRecognition_DeepLearning\input\R64 files\20210716\P3H1\beta\beta2_24.R64,G:\My Drive\PhD\CAPTUR3D_personal\00 Progetti\CellTypeRecognition_DeepLearning\input\numpy files\1545_beta.npy
1546_beta,20210716,P3H1,2 mM,beta2,beta,G:\My Drive\PhD\CAPTUR3D_personal\00 Progetti\CellTypeRecognition_DeepLearning\input\R64 files\20210716\P3H1\beta\beta2_25.R64,G:\My Drive\PhD\CAPTUR3D_personal\00 Progetti\CellTypeRecognition_DeepLearning\input\numpy files\1546_beta.npy
1547_beta,20210716,P3H1,2 mM,beta2,beta,G:\My Drive\PhD\CAPTUR3D_personal\00 Progetti\CellTypeRecognition_DeepLearning\input\R64 files\20210716\P3H1\beta\beta2_26.R64,G:\My Drive\PhD\CAPTUR3D_personal\00 Progetti\CellTypeRecognition_DeepLearning\input\numpy files\1547_beta.npy
1548_beta,20210716,P3H1,2 mM,beta2,beta,G:\My Drive\PhD\CAPTUR3D_personal\00 Progetti\CellTypeRecognition_DeepLearning\input\R64 files\20210716\P3H1\beta\beta2_27.R64,G:\My Drive\PhD\CAPTUR3D_personal\00 Progetti\CellTypeRecognition_DeepLearning\input\numpy files\1548_beta.npy
1549_beta,20210716,P3H1,2 mM,beta2,beta,G:\My Drive\PhD\CAPTUR3D_personal\00 Progetti\CellTypeRecognition_DeepLearning\input\R64 files\20210716\P3H1\beta\beta2_28.R64,G:\My Drive\PhD\CAPTUR3D_personal\00 Progetti\CellTypeRecognition_DeepLearning\input\numpy files\1549_beta.npy
1550_beta,20210716,P3H1,2 mM,beta2,beta,G:\My Drive\PhD\CAPTUR3D_personal\00 Progetti\CellTypeRecognition_DeepLearning\input\R64 files\20210716\P3H1\beta\beta2_29.R64,G:\My Drive\PhD\CAPTUR3D_personal\00 Progetti\CellTypeRecognition_DeepLearning\input\numpy files\1550_beta.npy
1551_beta,20210716,P3H1,2 mM,beta2,beta,G:\My Drive\PhD\CAPTUR3D_personal\00 Progetti\CellTypeRecognition_DeepLearning\input\R64 files\20210716\P3H1\beta\beta2_30.R64,G:\My Drive\PhD\CAPTUR3D_personal\00 Progetti\CellTypeRecognition_DeepLearning\input\numpy files\1551_beta.npy
1552_beta,20210716,P3H1,2 mM,beta2,beta,G:\My Drive\PhD\CAPTUR3D_personal\00 Progetti\CellTypeRecognition_DeepLearning\input\R64 files\20210716\P3H1\beta\beta2_31.R64,G:\My Drive\PhD\CAPTUR3D_personal\00 Progetti\CellTypeRecognition_DeepLearning\input\numpy files\1552_beta.npy
1553_beta,20210716,P3H1,2 mM,beta2,beta,G:\My Drive\PhD\CAPTUR3D_personal\00 Progetti\CellTypeRecognition_DeepLearning\input\R64 files\20210716\P3H1\beta\beta2_32.R64,G:\My Drive\PhD\CAPTUR3D_personal\00 Progetti\CellTypeRecognition_DeepLearning\input\numpy files\1553_beta.npy
1554_beta,20210716,P3H1,2 mM,beta2,beta,G:\My Drive\PhD\CAPTUR3D_personal\00 Progetti\CellTypeRecognition_DeepLearning\input\R64 files\20210716\P3H1\beta\beta2_33.R64,G:\My Drive\PhD\CAPTUR3D_personal\00 Progetti\CellTypeRecognition_DeepLearning\input\numpy files\1554_beta.npy
1555_beta,20210716,P3H1,2 mM,beta2,beta,G:\My Drive\PhD\CAPTUR3D_personal\00 Progetti\CellTypeRecognition_DeepLearning\input\R64 files\20210716\P3H1\beta\beta2_34.R64,G:\My Drive\PhD\CAPTUR3D_personal\00 Progetti\CellTypeRecognition_DeepLearning\input\numpy files\1555_beta.npy
1556_beta,20210716,P3H1,2 mM,beta2,beta,G:\My Drive\PhD\CAPTUR3D_personal\00 Progetti\CellTypeRecognition_DeepLearning\input\R64 files\20210716\P3H1\beta\beta2_35.R64,G:\My Drive\PhD\CAPTUR3D_personal\00 Progetti\CellTypeRecognition_DeepLearning\input\numpy files\1556_beta.npy
1557_beta,20210716,P3H1,2 mM,beta2,beta,G:\My Drive\PhD\CAPTUR3D_personal\00 Progetti\CellTypeRecognition_DeepLearning\input\R64 files\20210716\P3H1\beta\beta2_36.R64,G:\My Drive\PhD\CAPTUR3D_personal\00 Progetti\CellTypeRecognition_DeepLearning\input\numpy files\1557_beta.npy
1558_beta,20210716,P3H1,2 mM,beta2,beta,G:\My Drive\PhD\CAPTUR3D_personal\00 Progetti\CellTypeRecognition_DeepLearning\input\R64 files\20210716\P3H1\beta\beta2_37.R64,G:\My Drive\PhD\CAPTUR3D_personal\00 Progetti\CellTypeRecognition_DeepLearning\input\numpy files\1558_beta.npy
1559_beta,20210716,P3H1,2 mM,beta2,beta,G:\My Drive\PhD\CAPTUR3D_personal\00 Progetti\CellTypeRecognition_DeepLearning\input\R64 files\20210716\P3H1\beta\beta2_38.R64,G:\My Drive\PhD\CAPTUR3D_personal\00 Progetti\CellTypeRecognition_DeepLearning\input\numpy files\1559_beta.npy
1560_beta,20210716,P3H1,2 mM,beta2,beta,G:\My Drive\PhD\CAPTUR3D_personal\00 Progetti\CellTypeRecognition_DeepLearning\input\R64 files\20210716\P3H1\beta\beta2_39.R64,G:\My Drive\PhD\CAPTUR3D_personal\00 Progetti\CellTypeRecognition_DeepLearning\input\numpy files\1560_beta.npy
1561_beta,20210716,P3H1,2 mM,beta2,beta,G:\My Drive\PhD\CAPTUR3D_personal\00 Progetti\CellTypeRecognition_DeepLearning\input\R64 files\20210716\P3H1\beta\beta2_40.R64,G:\My Drive\PhD\CAPTUR3D_personal\00 Progetti\CellTypeRecognition_DeepLearning\input\numpy files\1561_beta.npy
1562_beta,20210716,P3H1,1 mM,beta16,beta,G:\My Drive\PhD\CAPTUR3D_personal\00 Progetti\CellTypeRecognition_DeepLearning\input\R64 files\20210716\P3H1\beta\beta16_1.R64,G:\My Drive\PhD\CAPTUR3D_personal\00 Progetti\CellTypeRecognition_DeepLearning\input\numpy files\1562_beta.npy
1563_beta,20210716,P3H1,1 mM,beta16,beta,G:\My Drive\PhD\CAPTUR3D_personal\00 Progetti\CellTypeRecognition_DeepLearning\input\R64 files\20210716\P3H1\beta\beta16_2.R64,G:\My Drive\PhD\CAPTUR3D_personal\00 Progetti\CellTypeRecognition_DeepLearning\input\numpy files\1563_beta.npy
1564_beta,20210716,P3H1,1 mM,beta16,beta,G:\My Drive\PhD\CAPTUR3D_personal\00 Progetti\CellTypeRecognition_DeepLearning\input\R64 files\20210716\P3H1\beta\beta16_3.R64,G:\My Drive\PhD\CAPTUR3D_personal\00 Progetti\CellTypeRecognition_DeepLearning\input\numpy files\1564_beta.npy
1565_beta,20210716,P3H1,1 mM,beta16,beta,G:\My Drive\PhD\CAPTUR3D_personal\00 Progetti\CellTypeRecognition_DeepLearning\input\R64 files\20210716\P3H1\beta\beta16_4.R64,G:\My Drive\PhD\CAPTUR3D_personal\00 Progetti\CellTypeRecognition_DeepLearning\input\numpy files\1565_beta.npy
1566_beta,20210716,P3H1,1 mM,beta16,beta,G:\My Drive\PhD\CAPTUR3D_personal\00 Progetti\CellTypeRecognition_DeepLearning\input\R64 files\20210716\P3H1\beta\beta16_5.R64,G:\My Drive\PhD\CAPTUR3D_personal\00 Progetti\CellTypeRecognition_DeepLearning\input\numpy files\1566_beta.npy
1567_beta,20210716,P3H1,1 mM,beta16,beta,G:\My Drive\PhD\CAPTUR3D_personal\00 Progetti\CellTypeRecognition_DeepLearning\input\R64 files\20210716\P3H1\beta\beta16_6.R64,G:\My Drive\PhD\CAPTUR3D_personal\00 Progetti\CellTypeRecognition_DeepLearning\input\numpy files\1567_beta.npy
1568_beta,20210716,P3H1,1 mM,beta16,beta,G:\My Drive\PhD\CAPTUR3D_personal\00 Progetti\CellTypeRecognition_DeepLearning\input\R64 files\20210716\P3H1\beta\beta16_7.R64,G:\My Drive\PhD\CAPTUR3D_personal\00 Progetti\CellTypeRecognition_DeepLearning\input\numpy files\1568_beta.npy
1569_beta,20210716,P3H1,1 mM,beta16,beta,G:\My Drive\PhD\CAPTUR3D_personal\00 Progetti\CellTypeRecognition_DeepLearning\input\R64 files\20210716\P3H1\beta\beta16_8.R64,G:\My Drive\PhD\CAPTUR3D_personal\00 Progetti\CellTypeRecognition_DeepLearning\input\numpy files\1569_beta.npy
1570_beta,20210716,P3H1,1 mM,beta16,beta,G:\My Drive\PhD\CAPTUR3D_personal\00 Progetti\CellTypeRecognition_DeepLearning\input\R64 files\20210716\P3H1\beta\beta16_9.R64,G:\My Drive\PhD\CAPTUR3D_personal\00 Progetti\CellTypeRecognition_DeepLearning\input\numpy files\1570_beta.npy
1571_beta,20210716,P3H1,1 mM,beta16,beta,G:\My Drive\PhD\CAPTUR3D_personal\00 Progetti\CellTypeRecognition_DeepLearning\input\R64 files\20210716\P3H1\beta\beta16_10.R64,G:\My Drive\PhD\CAPTUR3D_personal\00 Progetti\CellTypeRecognition_DeepLearning\input\numpy files\1571_beta.npy
1572_beta,20210716,P3H1,1 mM,beta16,beta,G:\My Drive\PhD\CAPTUR3D_personal\00 Progetti\CellTypeRecognition_DeepLearning\input\R64 files\20210716\P3H1\beta\beta16_11.R64,G:\My Drive\PhD\CAPTUR3D_personal\00 Progetti\CellTypeRecognition_DeepLearning\input\numpy files\1572_beta.npy
1573_beta,20210716,P3H1,1 mM,beta16,beta,G:\My Drive\PhD\CAPTUR3D_personal\00 Progetti\CellTypeRecognition_DeepLearning\input\R64 files\20210716\P3H1\beta\beta16_12.R64,G:\My Drive\PhD\CAPTUR3D_personal\00 Progetti\CellTypeRecognition_DeepLearning\input\numpy files\1573_beta.npy
1574_beta,20210716,P3H1,1 mM,beta16,beta,G:\My Drive\PhD\CAPTUR3D_personal\00 Progetti\CellTypeRecognition_DeepLearning\input\R64 files\20210716\P3H1\beta\beta16_13.R64,G:\My Drive\PhD\CAPTUR3D_personal\00 Progetti\CellTypeRecognition_DeepLearning\input\numpy files\1574_beta.npy
1575_beta,20210716,P3H1,1 mM,beta16,beta,G:\My Drive\PhD\CAPTUR3D_personal\00 Progetti\CellTypeRecognition_DeepLearning\input\R64 files\20210716\P3H1\beta\beta16_14.R64,G:\My Drive\PhD\CAPTUR3D_personal\00 Progetti\CellTypeRecognition_DeepLearning\input\numpy files\1575_beta.npy
1576_beta,20210716,P3H1,1 mM,beta16,beta,G:\My Drive\PhD\CAPTUR3D_personal\00 Progetti\CellTypeRecognition_DeepLearning\input\R64 files\20210716\P3H1\beta\beta16_15.R64,G:\My Drive\PhD\CAPTUR3D_personal\00 Progetti\CellTypeRecognition_DeepLearning\input\numpy files\1576_beta.npy
1577_beta,20210716,P3H1,1 mM,beta16,beta,G:\My Drive\PhD\CAPTUR3D_personal\00 Progetti\CellTypeRecognition_DeepLearning\input\R64 files\20210716\P3H1\beta\beta16_16.R64,G:\My Drive\PhD\CAPTUR3D_personal\00 Progetti\CellTypeRecognition_DeepLearning\input\numpy files\1577_beta.npy
1578_beta,20210716,P3H1,1 mM,beta16,beta,G:\My Drive\PhD\CAPTUR3D_personal\00 Progetti\CellTypeRecognition_DeepLearning\input\R64 files\20210716\P3H1\beta\beta16_17.R64,G:\My Drive\PhD\CAPTUR3D_personal\00 Progetti\CellTypeRecognition_DeepLearning\input\numpy files\1578_beta.npy
1579_beta,20210716,P3H1,1 mM,beta16,beta,G:\My Drive\PhD\CAPTUR3D_personal\00 Progetti\CellTypeRecognition_DeepLearning\input\R64 files\20210716\P3H1\beta\beta16_18.R64,G:\My Drive\PhD\CAPTUR3D_personal\00 Progetti\CellTypeRecognition_DeepLearning\input\numpy files\1579_beta.npy
1580_beta,20210716,P3H1,1 mM,beta16,beta,G:\My Drive\PhD\CAPTUR3D_personal\00 Progetti\CellTypeRecognition_DeepLearning\input\R64 files\20210716\P3H1\beta\beta16_19.R64,G:\My Drive\PhD\CAPTUR3D_personal\00 Progetti\CellTypeRecognition_DeepLearning\input\numpy files\1580_beta.npy
1581_beta,20210716,P3H1,1 mM,beta16,beta,G:\My Drive\PhD\CAPTUR3D_personal\00 Progetti\CellTypeRecognition_DeepLearning\input\R64 files\20210716\P3H1\beta\beta16_20.R64,G:\My Drive\PhD\CAPTUR3D_personal\00 Progetti\CellTypeRecognition_DeepLearning\input\numpy files\1581_beta.npy
1582_beta,20210716,P3H1,1 mM,beta16,beta,G:\My Drive\PhD\CAPTUR3D_personal\00 Progetti\CellTypeRecognition_DeepLearning\input\R64 files\20210716\P3H1\beta\beta16_21.R64,G:\My Drive\PhD\CAPTUR3D_personal\00 Progetti\CellTypeRecognition_DeepLearning\input\numpy files\1582_beta.npy
1583_beta,20210716,P3H1,1 mM,beta16,beta,G:\My Drive\PhD\CAPTUR3D_personal\00 Progetti\CellTypeRecognition_DeepLearning\input\R64 files\20210716\P3H1\beta\beta16_22.R64,G:\My Drive\PhD\CAPTUR3D_personal\00 Progetti\CellTypeRecognition_DeepLearning\input\numpy files\1583_beta.npy
1584_beta,20210716,P3H1,1 mM,beta16,beta,G:\My Drive\PhD\CAPTUR3D_personal\00 Progetti\CellTypeRecognition_DeepLearning\input\R64 files\20210716\P3H1\beta\beta16_23.R64,G:\My Drive\PhD\CAPTUR3D_personal\00 Progetti\CellTypeRecognition_DeepLearning\input\numpy files\1584_beta.npy
1585_beta,20210716,P3H1,1 mM,beta16,beta,G:\My Drive\PhD\CAPTUR3D_personal\00 Progetti\CellTypeRecognition_DeepLearning\input\R64 files\20210716\P3H1\beta\beta16_24.R64,G:\My Drive\PhD\CAPTUR3D_personal\00 Progetti\CellTypeRecognition_DeepLearning\input\numpy files\1585_beta.npy
1586_beta,20210716,P3H1,1 mM,beta16,beta,G:\My Drive\PhD\CAPTUR3D_personal\00 Progetti\CellTypeRecognition_DeepLearning\input\R64 files\20210716\P3H1\beta\beta16_25.R64,G:\My Drive\PhD\CAPTUR3D_personal\00 Progetti\CellTypeRecognition_DeepLearning\input\numpy files\1586_beta.npy
1587_beta,20210716,P3H1,1 mM,beta16,beta,G:\My Drive\PhD\CAPTUR3D_personal\00 Progetti\CellTypeRecognition_DeepLearning\input\R64 files\20210716\P3H1\beta\beta16_26.R64,G:\My Drive\PhD\CAPTUR3D_personal\00 Progetti\CellTypeRecognition_DeepLearning\input\numpy files\1587_beta.npy
1588_beta,20210716,P3H1,1 mM,beta16,beta,G:\My Drive\PhD\CAPTUR3D_personal\00 Progetti\CellTypeRecognition_DeepLearning\input\R64 files\20210716\P3H1\beta\beta16_27.R64,G:\My Drive\PhD\CAPTUR3D_personal\00 Progetti\CellTypeRecognition_DeepLearning\input\numpy files\1588_beta.npy
1589_beta,20210716,P3H1,1 mM,beta16,beta,G:\My Drive\PhD\CAPTUR3D_personal\00 Progetti\CellTypeRecognition_DeepLearning\input\R64 files\20210716\P3H1\beta\beta16_28.R64,G:\My Drive\PhD\CAPTUR3D_personal\00 Progetti\CellTypeRecognition_DeepLearning\input\numpy files\1589_beta.npy
1590_beta,20210716,P3H1,1 mM,beta16,beta,G:\My Drive\PhD\CAPTUR3D_personal\00 Progetti\CellTypeRecognition_DeepLearning\input\R64 files\20210716\P3H1\beta\beta16_29.R64,G:\My Drive\PhD\CAPTUR3D_personal\00 Progetti\CellTypeRecognition_DeepLearning\input\numpy files\1590_beta.npy
1591_beta,20210716,P3H1,1 mM,beta16,beta,G:\My Drive\PhD\CAPTUR3D_personal\00 Progetti\CellTypeRecognition_DeepLearning\input\R64 files\20210716\P3H1\beta\beta16_30.R64,G:\My Drive\PhD\CAPTUR3D_personal\00 Progetti\CellTypeRecognition_DeepLearning\input\numpy files\1591_beta.npy
1592_beta,20210716,P3H1,1 mM,beta16,beta,G:\My Drive\PhD\CAPTUR3D_personal\00 Progetti\CellTypeRecognition_DeepLearning\input\R64 files\20210716\P3H1\beta\beta16_31.R64,G:\My Drive\PhD\CAPTUR3D_personal\00 Progetti\CellTypeRecognition_DeepLearning\input\numpy files\1592_beta.npy
1593_beta,20210716,P3H1,1 mM,beta16,beta,G:\My Drive\PhD\CAPTUR3D_personal\00 Progetti\CellTypeRecognition_DeepLearning\input\R64 files\20210716\P3H1\beta\beta16_32.R64,G:\My Drive\PhD\CAPTUR3D_personal\00 Progetti\CellTypeRecognition_DeepLearning\input\numpy files\1593_beta.npy
1594_beta,20210716,P3H1,1 mM,beta16,beta,G:\My Drive\PhD\CAPTUR3D_personal\00 Progetti\CellTypeRecognition_DeepLearning\input\R64 files\20210716\P3H1\beta\beta16_33.R64,G:\My Drive\PhD\CAPTUR3D_personal\00 Progetti\CellTypeRecognition_DeepLearning\input\numpy files\1594_beta.npy
1595_beta,20210716,P3H1,1 mM,beta16,beta,G:\My Drive\PhD\CAPTUR3D_personal\00 Progetti\CellTypeRecognition_DeepLearning\input\R64 files\20210716\P3H1\beta\beta16_34.R64,G:\My Drive\PhD\CAPTUR3D_personal\00 Progetti\CellTypeRecognition_DeepLearning\input\numpy files\1595_beta.npy
1596_beta,20210716,P3H1,1 mM,beta16,beta,G:\My Drive\PhD\CAPTUR3D_personal\00 Progetti\CellTypeRecognition_DeepLearning\input\R64 files\20210716\P3H1\beta\beta16_35.R64,G:\My Drive\PhD\CAPTUR3D_personal\00 Progetti\CellTypeRecognition_DeepLearning\input\numpy files\1596_beta.npy
1597_beta,20210716,P3H1,1 mM,beta16,beta,G:\My Drive\PhD\CAPTUR3D_personal\00 Progetti\CellTypeRecognition_DeepLearning\input\R64 files\20210716\P3H1\beta\beta16_36.R64,G:\My Drive\PhD\CAPTUR3D_personal\00 Progetti\CellTypeRecognition_DeepLearning\input\numpy files\1597_beta.npy
1598_beta,20210716,P3H1,1 mM,beta16,beta,G:\My Drive\PhD\CAPTUR3D_personal\00 Progetti\CellTypeRecognition_DeepLearning\input\R64 files\20210716\P3H1\beta\beta16_37.R64,G:\My Drive\PhD\CAPTUR3D_personal\00 Progetti\CellTypeRecognition_DeepLearning\input\numpy files\1598_beta.npy
1599_beta,20210716,P3H1,1 mM,beta16,beta,G:\My Drive\PhD\CAPTUR3D_personal\00 Progetti\CellTypeRecognition_DeepLearning\input\R64 files\20210716\P3H1\beta\beta16_38.R64,G:\My Drive\PhD\CAPTUR3D_personal\00 Progetti\CellTypeRecognition_DeepLearning\input\numpy files\1599_beta.npy
1600_beta,20210716,P3H1,1 mM,beta16,beta,G:\My Drive\PhD\CAPTUR3D_personal\00 Progetti\CellTypeRecognition_DeepLearning\input\R64 files\20210716\P3H1\beta\beta16_39.R64,G:\My Drive\PhD\CAPTUR3D_personal\00 Progetti\CellTypeRecognition_DeepLearning\input\numpy files\1600_beta.npy
1601_beta,20210716,P3H1,1 mM,beta16,beta,G:\My Drive\PhD\CAPTUR3D_personal\00 Progetti\CellTypeRecognition_DeepLearning\input\R64 files\20210716\P3H1\beta\beta16_40.R64,G:\My Drive\PhD\CAPTUR3D_personal\00 Progetti\CellTypeRecognition_DeepLearning\input\numpy files\1601_beta.npy
1602_alpha,20210716,P3H1,2 mM,alpha2,alpha,G:\My Drive\PhD\CAPTUR3D_personal\00 Progetti\CellTypeRecognition_DeepLearning\input\R64 files\20210716\P3H1\alpha\alpha2_1.R64,G:\My Drive\PhD\CAPTUR3D_personal\00 Progetti\CellTypeRecognition_DeepLearning\input\numpy files\1602_alpha.npy
1603_alpha,20210716,P3H1,2 mM,alpha2,alpha,G:\My Drive\PhD\CAPTUR3D_personal\00 Progetti\CellTypeRecognition_DeepLearning\input\R64 files\20210716\P3H1\alpha\alpha2_2.R64,G:\My Drive\PhD\CAPTUR3D_personal\00 Progetti\CellTypeRecognition_DeepLearning\input\numpy files\1603_alpha.npy
1604_alpha,20210716,P3H1,2 mM,alpha2,alpha,G:\My Drive\PhD\CAPTUR3D_personal\00 Progetti\CellTypeRecognition_DeepLearning\input\R64 files\20210716\P3H1\alpha\alpha2_3.R64,G:\My Drive\PhD\CAPTUR3D_personal\00 Progetti\CellTypeRecognition_DeepLearning\input\numpy files\1604_alpha.npy
1605_alpha,20210716,P3H1,2 mM,alpha2,alpha,G:\My Drive\PhD\CAPTUR3D_personal\00 Progetti\CellTypeRecognition_DeepLearning\input\R64 files\20210716\P3H1\alpha\alpha2_4.R64,G:\My Drive\PhD\CAPTUR3D_personal\00 Progetti\CellTypeRecognition_DeepLearning\input\numpy files\1605_alpha.npy
1606_alpha,20210716,P3H1,2 mM,alpha2,alpha,G:\My Drive\PhD\CAPTUR3D_personal\00 Progetti\CellTypeRecognition_DeepLearning\input\R64 files\20210716\P3H1\alpha\alpha2_5.R64,G:\My Drive\PhD\CAPTUR3D_personal\00 Progetti\CellTypeRecognition_DeepLearning\input\numpy files\1606_alpha.npy
1607_alpha,20210716,P3H1,2 mM,alpha2,alpha,G:\My Drive\PhD\CAPTUR3D_personal\00 Progetti\CellTypeRecognition_DeepLearning\input\R64 files\20210716\P3H1\alpha\alpha2_6.R64,G:\My Drive\PhD\CAPTUR3D_personal\00 Progetti\CellTypeRecognition_DeepLearning\input\numpy files\1607_alpha.npy
1608_alpha,20210716,P3H1,2 mM,alpha2,alpha,G:\My Drive\PhD\CAPTUR3D_personal\00 Progetti\CellTypeRecognition_DeepLearning\input\R64 files\20210716\P3H1\alpha\alpha2_7.R64,G:\My Drive\PhD\CAPTUR3D_personal\00 Progetti\CellTypeRecognition_DeepLearning\input\numpy files\1608_alpha.npy
1609_alpha,20210716,P3H1,2 mM,alpha2,alpha,G:\My Drive\PhD\CAPTUR3D_personal\00 Progetti\CellTypeRecognition_DeepLearning\input\R64 files\20210716\P3H1\alpha\alpha2_8.R64,G:\My Drive\PhD\CAPTUR3D_personal\00 Progetti\CellTypeRecognition_DeepLearning\input\numpy files\1609_alpha.npy
1610_alpha,20210716,P3H1,2 mM,alpha2,alpha,G:\My Drive\PhD\CAPTUR3D_personal\00 Progetti\CellTypeRecognition_DeepLearning\input\R64 files\20210716\P3H1\alpha\alpha2_9.R64,G:\My Drive\PhD\CAPTUR3D_personal\00 Progetti\CellTypeRecognition_DeepLearning\input\numpy files\1610_alpha.npy
1611_alpha,20210716,P3H1,2 mM,alpha2,alpha,G:\My Drive\PhD\CAPTUR3D_personal\00 Progetti\CellTypeRecognition_DeepLearning\input\R64 files\20210716\P3H1\alpha\alpha2_10.R64,G:\My Drive\PhD\CAPTUR3D_personal\00 Progetti\CellTypeRecognition_DeepLearning\input\numpy files\1611_alpha.npy
1612_alpha,20210716,P3H1,2 mM,alpha2,alpha,G:\My Drive\PhD\CAPTUR3D_personal\00 Progetti\CellTypeRecognition_DeepLearning\input\R64 files\20210716\P3H1\alpha\alpha2_11.R64,G:\My Drive\PhD\CAPTUR3D_personal\00 Progetti\CellTypeRecognition_DeepLearning\input\numpy files\1612_alpha.npy
1613_alpha,20210716,P3H1,2 mM,alpha2,alpha,G:\My Drive\PhD\CAPTUR3D_personal\00 Progetti\CellTypeRecognition_DeepLearning\input\R64 files\20210716\P3H1\alpha\alpha2_12.R64,G:\My Drive\PhD\CAPTUR3D_personal\00 Progetti\CellTypeRecognition_DeepLearning\input\numpy files\1613_alpha.npy
1614_alpha,20210716,P3H1,2 mM,alpha2,alpha,G:\My Drive\PhD\CAPTUR3D_personal\00 Progetti\CellTypeRecognition_DeepLearning\input\R64 files\20210716\P3H1\alpha\alpha2_13.R64,G:\My Drive\PhD\CAPTUR3D_personal\00 Progetti\CellTypeRecognition_DeepLearning\input\numpy files\1614_alpha.npy
1615_alpha,20210716,P3H1,2 mM,alpha2,alpha,G:\My Drive\PhD\CAPTUR3D_personal\00 Progetti\CellTypeRecognition_DeepLearning\input\R64 files\20210716\P3H1\alpha\alpha2_14.R64,G:\My Drive\PhD\CAPTUR3D_personal\00 Progetti\CellTypeRecognition_DeepLearning\input\numpy files\1615_alpha.npy
1616_alpha,20210716,P3H1,2 mM,alpha2,alpha,G:\My Drive\PhD\CAPTUR3D_personal\00 Progetti\CellTypeRecognition_DeepLearning\input\R64 files\20210716\P3H1\alpha\alpha2_15.R64,G:\My Drive\PhD\CAPTUR3D_personal\00 Progetti\CellTypeRecognition_DeepLearning\input\numpy files\1616_alpha.npy
1617_alpha,20210716,P3H1,2 mM,alpha2,alpha,G:\My Drive\PhD\CAPTUR3D_personal\00 Progetti\CellTypeRecognition_DeepLearning\input\R64 files\20210716\P3H1\alpha\alpha2_16.R64,G:\My Drive\PhD\CAPTUR3D_personal\00 Progetti\CellTypeRecognition_DeepLearning\input\numpy files\1617_alpha.npy
1618_alpha,20210716,P3H1,2 mM,alpha2,alpha,G:\My Drive\PhD\CAPTUR3D_personal\00 Progetti\CellTypeRecognition_DeepLearning\input\R64 files\20210716\P3H1\alpha\alpha2_17.R64,G:\My Drive\PhD\CAPTUR3D_personal\00 Progetti\CellTypeRecognition_DeepLearning\input\numpy files\1618_alpha.npy
1619_alpha,20210716,P3H1,2 mM,alpha2,alpha,G:\My Drive\PhD\CAPTUR3D_personal\00 Progetti\CellTypeRecognition_DeepLearning\input\R64 files\20210716\P3H1\alpha\alpha2_18.R64,G:\My Drive\PhD\CAPTUR3D_personal\00 Progetti\CellTypeRecognition_DeepLearning\input\numpy files\1619_alpha.npy
1620_alpha,20210716,P3H1,2 mM,alpha2,alpha,G:\My Drive\PhD\CAPTUR3D_personal\00 Progetti\CellTypeRecognition_DeepLearning\input\R64 files\20210716\P3H1\alpha\alpha2_19.R64,G:\My Drive\PhD\CAPTUR3D_personal\00 Progetti\CellTypeRecognition_DeepLearning\input\numpy files\1620_alpha.npy
1621_alpha,20210716,P3H1,2 mM,alpha2,alpha,G:\My Drive\PhD\CAPTUR3D_personal\00 Progetti\CellTypeRecognition_DeepLearning\input\R64 files\20210716\P3H1\alpha\alpha2_20.R64,G:\My Drive\PhD\CAPTUR3D_personal\00 Progetti\CellTypeRecognition_DeepLearning\input\numpy files\1621_alpha.npy
1622_alpha,20210716,P3H1,2 mM,alpha2,alpha,G:\My Drive\PhD\CAPTUR3D_personal\00 Progetti\CellTypeRecognition_DeepLearning\input\R64 files\20210716\P3H1\alpha\alpha2_21.R64,G:\My Drive\PhD\CAPTUR3D_personal\00 Progetti\CellTypeRecognition_DeepLearning\input\numpy files\1622_alpha.npy
1623_alpha,20210716,P3H1,2 mM,alpha2,alpha,G:\My Drive\PhD\CAPTUR3D_personal\00 Progetti\CellTypeRecognition_DeepLearning\input\R64 files\20210716\P3H1\alpha\alpha2_22.R64,G:\My Drive\PhD\CAPTUR3D_personal\00 Progetti\CellTypeRecognition_DeepLearning\input\numpy files\1623_alpha.npy
1624_alpha,20210716,P3H1,2 mM,alpha2,alpha,G:\My Drive\PhD\CAPTUR3D_personal\00 Progetti\CellTypeRecognition_DeepLearning\input\R64 files\20210716\P3H1\alpha\alpha2_23.R64,G:\My Drive\PhD\CAPTUR3D_personal\00 Progetti\CellTypeRecognition_DeepLearning\input\numpy files\1624_alpha.npy
1625_alpha,20210716,P3H1,1 mM,alpha16,alpha,G:\My Drive\PhD\CAPTUR3D_personal\00 Progetti\CellTypeRecognition_DeepLearning\input\R64 files\20210716\P3H1\alpha\alpha16_1.R64,G:\My Drive\PhD\CAPTUR3D_personal\00 Progetti\CellTypeRecognition_DeepLearning\input\numpy files\1625_alpha.npy
1626_alpha,20210716,P3H1,1 mM,alpha16,alpha,G:\My Drive\PhD\CAPTUR3D_personal\00 Progetti\CellTypeRecognition_DeepLearning\input\R64 files\20210716\P3H1\alpha\alpha16_2.R64,G:\My Drive\PhD\CAPTUR3D_personal\00 Progetti\CellTypeRecognition_DeepLearning\input\numpy files\1626_alpha.npy
1627_alpha,20210716,P3H1,1 mM,alpha16,alpha,G:\My Drive\PhD\CAPTUR3D_personal\00 Progetti\CellTypeRecognition_DeepLearning\input\R64 files\20210716\P3H1\alpha\alpha16_3.R64,G:\My Drive\PhD\CAPTUR3D_personal\00 Progetti\CellTypeRecognition_DeepLearning\input\numpy files\1627_alpha.npy
1628_alpha,20210716,P3H1,1 mM,alpha16,alpha,G:\My Drive\PhD\CAPTUR3D_personal\00 Progetti\CellTypeRecognition_DeepLearning\input\R64 files\20210716\P3H1\alpha\alpha16_4.R64,G:\My Drive\PhD\CAPTUR3D_personal\00 Progetti\CellTypeRecognition_DeepLearning\input\numpy files\1628_alpha.npy
1629_alpha,20210716,P3H1,1 mM,alpha16,alpha,G:\My Drive\PhD\CAPTUR3D_personal\00 Progetti\CellTypeRecognition_DeepLearning\input\R64 files\20210716\P3H1\alpha\alpha16_5.R64,G:\My Drive\PhD\CAPTUR3D_personal\00 Progetti\CellTypeRecognition_DeepLearning\input\numpy files\1629_alpha.npy
1630_alpha,20210716,P3H1,1 mM,alpha16,alpha,G:\My Drive\PhD\CAPTUR3D_personal\00 Progetti\CellTypeRecognition_DeepLearning\input\R64 files\20210716\P3H1\alpha\alpha16_6.R64,G:\My Drive\PhD\CAPTUR3D_personal\00 Progetti\CellTypeRecognition_DeepLearning\input\numpy files\1630_alpha.npy
1631_alpha,20210716,P3H1,1 mM,alpha16,alpha,G:\My Drive\PhD\CAPTUR3D_personal\00 Progetti\CellTypeRecognition_DeepLearning\input\R64 files\20210716\P3H1\alpha\alpha16_7.R64,G:\My Drive\PhD\CAPTUR3D_personal\00 Progetti\CellTypeRecognition_DeepLearning\input\numpy files\1631_alpha.npy
1632_alpha,20210716,P3H1,1 mM,alpha16,alpha,G:\My Drive\PhD\CAPTUR3D_personal\00 Progetti\CellTypeRecognition_DeepLearning\input\R64 files\20210716\P3H1\alpha\alpha16_8.R64,G:\My Drive\PhD\CAPTUR3D_personal\00 Progetti\CellTypeRecognition_DeepLearning\input\numpy files\1632_alpha.npy
1633_alpha,20210716,P3H1,1 mM,alpha16,alpha,G:\My Drive\PhD\CAPTUR3D_personal\00 Progetti\CellTypeRecognition_DeepLearning\input\R64 files\20210716\P3H1\alpha\alpha16_9.R64,G:\My Drive\PhD\CAPTUR3D_personal\00 Progetti\CellTypeRecognition_DeepLearning\input\numpy files\1633_alpha.npy
1634_alpha,20210716,P3H1,1 mM,alpha16,alpha,G:\My Drive\PhD\CAPTUR3D_personal\00 Progetti\CellTypeRecognition_DeepLearning\input\R64 files\20210716\P3H1\alpha\alpha16_10.R64,G:\My Drive\PhD\CAPTUR3D_personal\00 Progetti\CellTypeRecognition_DeepLearning\input\numpy files\1634_alpha.npy
1635_alpha,20210716,P3H1,1 mM,alpha16,alpha,G:\My Drive\PhD\CAPTUR3D_personal\00 Progetti\CellTypeRecognition_DeepLearning\input\R64 files\20210716\P3H1\alpha\alpha16_11.R64,G:\My Drive\PhD\CAPTUR3D_personal\00 Progetti\CellTypeRecognition_DeepLearning\input\numpy files\1635_alpha.npy
1636_alpha,20210716,P3H1,1 mM,alpha16,alpha,G:\My Drive\PhD\CAPTUR3D_personal\00 Progetti\CellTypeRecognition_DeepLearning\input\R64 files\20210716\P3H1\alpha\alpha16_12.R64,G:\My Drive\PhD\CAPTUR3D_personal\00 Progetti\CellTypeRecognition_DeepLearning\input\numpy files\1636_alpha.npy
1637_alpha,20210716,P3H1,1 mM,alpha16,alpha,G:\My Drive\PhD\CAPTUR3D_personal\00 Progetti\CellTypeRecognition_DeepLearning\input\R64 files\20210716\P3H1\alpha\alpha16_13.R64,G:\My Drive\PhD\CAPTUR3D_personal\00 Progetti\CellTypeRecognition_DeepLearning\input\numpy files\1637_alpha.npy
1638_alpha,20210716,P3H1,1 mM,alpha16,alpha,G:\My Drive\PhD\CAPTUR3D_personal\00 Progetti\CellTypeRecognition_DeepLearning\input\R64 files\20210716\P3H1\alpha\alpha16_14.R64,G:\My Drive\PhD\CAPTUR3D_personal\00 Progetti\CellTypeRecognition_DeepLearning\input\numpy files\1638_alpha.npy
1639_alpha,20210716,P3H1,1 mM,alpha16,alpha,G:\My Drive\PhD\CAPTUR3D_personal\00 Progetti\CellTypeRecognition_DeepLearning\input\R64 files\20210716\P3H1\alpha\alpha16_15.R64,G:\My Drive\PhD\CAPTUR3D_personal\00 Progetti\CellTypeRecognition_DeepLearning\input\numpy files\1639_alpha.npy
1640_alpha,20210716,P3H1,1 mM,alpha16,alpha,G:\My Drive\PhD\CAPTUR3D_personal\00 Progetti\CellTypeRecognition_DeepLearning\input\R64 files\20210716\P3H1\alpha\alpha16_16.R64,G:\My Drive\PhD\CAPTUR3D_personal\00 Progetti\CellTypeRecognition_DeepLearning\input\numpy files\1640_alpha.npy
1641_alpha,20210716,P3H1,1 mM,alpha16,alpha,G:\My Drive\PhD\CAPTUR3D_personal\00 Progetti\CellTypeRecognition_DeepLearning\input\R64 files\20210716\P3H1\alpha\alpha16_17.R64,G:\My Drive\PhD\CAPTUR3D_personal\00 Progetti\CellTypeRecognition_DeepLearning\input\numpy files\1641_alpha.npy
1642_alpha,20210716,P3H1,1 mM,alpha16,alpha,G:\My Drive\PhD\CAPTUR3D_personal\00 Progetti\CellTypeRecognition_DeepLearning\input\R64 files\20210716\P3H1\alpha\alpha16_18.R64,G:\My Drive\PhD\CAPTUR3D_personal\00 Progetti\CellTypeRecognition_DeepLearning\input\numpy files\1642_alpha.npy
1643_alpha,20210716,P3H1,1 mM,alpha16,alpha,G:\My Drive\PhD\CAPTUR3D_personal\00 Progetti\CellTypeRecognition_DeepLearning\input\R64 files\20210716\P3H1\alpha\alpha16_19.R64,G:\My Drive\PhD\CAPTUR3D_personal\00 Progetti\CellTypeRecognition_DeepLearning\input\numpy files\1643_alpha.npy
1644_alpha,20210716,P3H1,1 mM,alpha16,alpha,G:\My Drive\PhD\CAPTUR3D_personal\00 Progetti\CellTypeRecognition_DeepLearning\input\R64 files\20210716\P3H1\alpha\alpha16_20.R64,G:\My Drive\PhD\CAPTUR3D_personal\00 Progetti\CellTypeRecognition_DeepLearning\input\numpy files\1644_alpha.npy
1645_alpha,20210716,P3H1,1 mM,alpha16,alpha,G:\My Drive\PhD\CAPTUR3D_personal\00 Progetti\CellTypeRecognition_DeepLearning\input\R64 files\20210716\P3H1\alpha\alpha16_21.R64,G:\My Drive\PhD\CAPTUR3D_personal\00 Progetti\CellTypeRecognition_DeepLearning\input\numpy files\1645_alpha.npy
1646_alpha,20210716,P3H1,1 mM,alpha16,alpha,G:\My Drive\PhD\CAPTUR3D_personal\00 Progetti\CellTypeRecognition_DeepLearning\input\R64 files\20210716\P3H1\alpha\alpha16_22.R64,G:\My Drive\PhD\CAPTUR3D_personal\00 Progetti\CellTypeRecognition_DeepLearning\input\numpy files\1646_alpha.npy
1647_alpha,20210716,P3H1,1 mM,alpha16,alpha,G:\My Drive\PhD\CAPTUR3D_personal\00 Progetti\CellTypeRecognition_DeepLearning\input\R64 files\20210716\P3H1\alpha\alpha16_23.R64,G:\My Drive\PhD\CAPTUR3D_personal\00 Progetti\CellTypeRecognition_DeepLearning\input\numpy files\1647_alpha.npy
1648_beta,20210923,P2H1,2 mM,beta2,beta,G:\My Drive\PhD\CAPTUR3D_personal\00 Progetti\CellTypeRecognition_DeepLearning\input\R64 files\20210923\P2H1\beta\beta2_1.R64,G:\My Drive\PhD\CAPTUR3D_personal\00 Progetti\CellTypeRecognition_DeepLearning\input\numpy files\1648_beta.npy
1649_beta,20210923,P2H1,2 mM,beta2,beta,G:\My Drive\PhD\CAPTUR3D_personal\00 Progetti\CellTypeRecognition_DeepLearning\input\R64 files\20210923\P2H1\beta\beta2_2.R64,G:\My Drive\PhD\CAPTUR3D_personal\00 Progetti\CellTypeRecognition_DeepLearning\input\numpy files\1649_beta.npy
1650_beta,20210923,P2H1,2 mM,beta2,beta,G:\My Drive\PhD\CAPTUR3D_personal\00 Progetti\CellTypeRecognition_DeepLearning\input\R64 files\20210923\P2H1\beta\beta2_3.R64,G:\My Drive\PhD\CAPTUR3D_personal\00 Progetti\CellTypeRecognition_DeepLearning\input\numpy files\1650_beta.npy
1651_beta,20210923,P2H1,2 mM,beta2,beta,G:\My Drive\PhD\CAPTUR3D_personal\00 Progetti\CellTypeRecognition_DeepLearning\input\R64 files\20210923\P2H1\beta\beta2_4.R64,G:\My Drive\PhD\CAPTUR3D_personal\00 Progetti\CellTypeRecognition_DeepLearning\input\numpy files\1651_beta.npy
1652_beta,20210923,P2H1,2 mM,beta2,beta,G:\My Drive\PhD\CAPTUR3D_personal\00 Progetti\CellTypeRecognition_DeepLearning\input\R64 files\20210923\P2H1\beta\beta2_5.R64,G:\My Drive\PhD\CAPTUR3D_personal\00 Progetti\CellTypeRecognition_DeepLearning\input\numpy files\1652_beta.npy
1653_beta,20210923,P2H1,2 mM,beta2,beta,G:\My Drive\PhD\CAPTUR3D_personal\00 Progetti\CellTypeRecognition_DeepLearning\input\R64 files\20210923\P2H1\beta\beta2_6.R64,G:\My Drive\PhD\CAPTUR3D_personal\00 Progetti\CellTypeRecognition_DeepLearning\input\numpy files\1653_beta.npy
1654_beta,20210923,P2H1,2 mM,beta2,beta,G:\My Drive\PhD\CAPTUR3D_personal\00 Progetti\CellTypeRecognition_DeepLearning\input\R64 files\20210923\P2H1\beta\beta2_7.R64,G:\My Drive\PhD\CAPTUR3D_personal\00 Progetti\CellTypeRecognition_DeepLearning\input\numpy files\1654_beta.npy
1655_beta,20210923,P2H1,2 mM,beta2,beta,G:\My Drive\PhD\CAPTUR3D_personal\00 Progetti\CellTypeRecognition_DeepLearning\input\R64 files\20210923\P2H1\beta\beta2_8.R64,G:\My Drive\PhD\CAPTUR3D_personal\00 Progetti\CellTypeRecognition_DeepLearning\input\numpy files\1655_beta.npy
1656_beta,20210923,P2H1,2 mM,beta2,beta,G:\My Drive\PhD\CAPTUR3D_personal\00 Progetti\CellTypeRecognition_DeepLearning\input\R64 files\20210923\P2H1\beta\beta2_9.R64,G:\My Drive\PhD\CAPTUR3D_personal\00 Progetti\CellTypeRecognition_DeepLearning\input\numpy files\1656_beta.npy
1657_beta,20210923,P2H1,2 mM,beta2,beta,G:\My Drive\PhD\CAPTUR3D_personal\00 Progetti\CellTypeRecognition_DeepLearning\input\R64 files\20210923\P2H1\beta\beta2_10.R64,G:\My Drive\PhD\CAPTUR3D_personal\00 Progetti\CellTypeRecognition_DeepLearning\input\numpy files\1657_beta.npy
1658_beta,20210923,P2H1,2 mM,beta2,beta,G:\My Drive\PhD\CAPTUR3D_personal\00 Progetti\CellTypeRecognition_DeepLearning\input\R64 files\20210923\P2H1\beta\beta2_11.R64,G:\My Drive\PhD\CAPTUR3D_personal\00 Progetti\CellTypeRecognition_DeepLearning\input\numpy files\1658_beta.npy
1659_beta,20210923,P2H1,2 mM,beta2,beta,G:\My Drive\PhD\CAPTUR3D_personal\00 Progetti\CellTypeRecognition_DeepLearning\input\R64 files\20210923\P2H1\beta\beta2_12.R64,G:\My Drive\PhD\CAPTUR3D_personal\00 Progetti\CellTypeRecognition_DeepLearning\input\numpy files\1659_beta.npy
1660_beta,20210923,P2H1,2 mM,beta2,beta,G:\My Drive\PhD\CAPTUR3D_personal\00 Progetti\CellTypeRecognition_DeepLearning\input\R64 files\20210923\P2H1\beta\beta2_13.R64,G:\My Drive\PhD\CAPTUR3D_personal\00 Progetti\CellTypeRecognition_DeepLearning\input\numpy files\1660_beta.npy
1661_beta,20210923,P2H1,2 mM,beta2,beta,G:\My Drive\PhD\CAPTUR3D_personal\00 Progetti\CellTypeRecognition_DeepLearning\input\R64 files\20210923\P2H1\beta\beta2_14.R64,G:\My Drive\PhD\CAPTUR3D_personal\00 Progetti\CellTypeRecognition_DeepLearning\input\numpy files\1661_beta.npy
1662_beta,20210923,P2H1,2 mM,beta2,beta,G:\My Drive\PhD\CAPTUR3D_personal\00 Progetti\CellTypeRecognition_DeepLearning\input\R64 files\20210923\P2H1\beta\beta2_15.R64,G:\My Drive\PhD\CAPTUR3D_personal\00 Progetti\CellTypeRecognition_DeepLearning\input\numpy files\1662_beta.npy
1663_beta,20210923,P2H1,2 mM,beta2,beta,G:\My Drive\PhD\CAPTUR3D_personal\00 Progetti\CellTypeRecognition_DeepLearning\input\R64 files\20210923\P2H1\beta\beta2_16.R64,G:\My Drive\PhD\CAPTUR3D_personal\00 Progetti\CellTypeRecognition_DeepLearning\input\numpy files\1663_beta.npy
1664_beta,20210923,P2H1,2 mM,beta2,beta,G:\My Drive\PhD\CAPTUR3D_personal\00 Progetti\CellTypeRecognition_DeepLearning\input\R64 files\20210923\P2H1\beta\beta2_17.R64,G:\My Drive\PhD\CAPTUR3D_personal\00 Progetti\CellTypeRecognition_DeepLearning\input\numpy files\1664_beta.npy
1665_beta,20210923,P2H1,2 mM,beta2,beta,G:\My Drive\PhD\CAPTUR3D_personal\00 Progetti\CellTypeRecognition_DeepLearning\input\R64 files\20210923\P2H1\beta\beta2_18.R64,G:\My Drive\PhD\CAPTUR3D_personal\00 Progetti\CellTypeRecognition_DeepLearning\input\numpy files\1665_beta.npy
1666_beta,20210923,P2H1,2 mM,beta2,beta,G:\My Drive\PhD\CAPTUR3D_personal\00 Progetti\CellTypeRecognition_DeepLearning\input\R64 files\20210923\P2H1\beta\beta2_19.R64,G:\My Drive\PhD\CAPTUR3D_personal\00 Progetti\CellTypeRecognition_DeepLearning\input\numpy files\1666_beta.npy
1667_beta,20210923,P2H1,2 mM,beta2,beta,G:\My Drive\PhD\CAPTUR3D_personal\00 Progetti\CellTypeRecognition_DeepLearning\input\R64 files\20210923\P2H1\beta\beta2_20.R64,G:\My Drive\PhD\CAPTUR3D_personal\00 Progetti\CellTypeRecognition_DeepLearning\input\numpy files\1667_beta.npy
1668_beta,20210923,P2H1,2 mM,beta2,beta,G:\My Drive\PhD\CAPTUR3D_personal\00 Progetti\CellTypeRecognition_DeepLearning\input\R64 files\20210923\P2H1\beta\beta2_21.R64,G:\My Drive\PhD\CAPTUR3D_personal\00 Progetti\CellTypeRecognition_DeepLearning\input\numpy files\1668_beta.npy
1669_beta,20210923,P2H1,2 mM,beta2,beta,G:\My Drive\PhD\CAPTUR3D_personal\00 Progetti\CellTypeRecognition_DeepLearning\input\R64 files\20210923\P2H1\beta\beta2_22.R64,G:\My Drive\PhD\CAPTUR3D_personal\00 Progetti\CellTypeRecognition_DeepLearning\input\numpy files\1669_beta.npy
1670_beta,20210923,P2H1,2 mM,beta2,beta,G:\My Drive\PhD\CAPTUR3D_personal\00 Progetti\CellTypeRecognition_DeepLearning\input\R64 files\20210923\P2H1\beta\beta2_23.R64,G:\My Drive\PhD\CAPTUR3D_personal\00 Progetti\CellTypeRecognition_DeepLearning\input\numpy files\1670_beta.npy
1671_beta,20210923,P2H1,2 mM,beta2,beta,G:\My Drive\PhD\CAPTUR3D_personal\00 Progetti\CellTypeRecognition_DeepLearning\input\R64 files\20210923\P2H1\beta\beta2_24.R64,G:\My Drive\PhD\CAPTUR3D_personal\00 Progetti\CellTypeRecognition_DeepLearning\input\numpy files\1671_beta.npy
1672_beta,20210923,P2H1,2 mM,beta2,beta,G:\My Drive\PhD\CAPTUR3D_personal\00 Progetti\CellTypeRecognition_DeepLearning\input\R64 files\20210923\P2H1\beta\beta2_25.R64,G:\My Drive\PhD\CAPTUR3D_personal\00 Progetti\CellTypeRecognition_DeepLearning\input\numpy files\1672_beta.npy
1673_beta,20210923,P2H1,2 mM,beta2,beta,G:\My Drive\PhD\CAPTUR3D_personal\00 Progetti\CellTypeRecognition_DeepLearning\input\R64 files\20210923\P2H1\beta\beta2_26.R64,G:\My Drive\PhD\CAPTUR3D_personal\00 Progetti\CellTypeRecognition_DeepLearning\input\numpy files\1673_beta.npy
1674_beta,20210923,P2H1,2 mM,beta2,beta,G:\My Drive\PhD\CAPTUR3D_personal\00 Progetti\CellTypeRecognition_DeepLearning\input\R64 files\20210923\P2H1\beta\beta2_27.R64,G:\My Drive\PhD\CAPTUR3D_personal\00 Progetti\CellTypeRecognition_DeepLearning\input\numpy files\1674_beta.npy
1675_beta,20210923,P2H1,2 mM,beta2,beta,G:\My Drive\PhD\CAPTUR3D_personal\00 Progetti\CellTypeRecognition_DeepLearning\input\R64 files\20210923\P2H1\beta\beta2_28.R64,G:\My Drive\PhD\CAPTUR3D_personal\00 Progetti\CellTypeRecognition_DeepLearning\input\numpy files\1675_beta.npy
1676_beta,20210923,P2H1,2 mM,beta2,beta,G:\My Drive\PhD\CAPTUR3D_personal\00 Progetti\CellTypeRecognition_DeepLearning\input\R64 files\20210923\P2H1\beta\beta2_29.R64,G:\My Drive\PhD\CAPTUR3D_personal\00 Progetti\CellTypeRecognition_DeepLearning\input\numpy files\1676_beta.npy
1677_beta,20210923,P2H1,2 mM,beta2,beta,G:\My Drive\PhD\CAPTUR3D_personal\00 Progetti\CellTypeRecognition_DeepLearning\input\R64 files\20210923\P2H1\beta\beta2_30.R64,G:\My Drive\PhD\CAPTUR3D_personal\00 Progetti\CellTypeRecognition_DeepLearning\input\numpy files\1677_beta.npy
1678_beta,20210923,P2H1,2 mM,beta2,beta,G:\My Drive\PhD\CAPTUR3D_personal\00 Progetti\CellTypeRecognition_DeepLearning\input\R64 files\20210923\P2H1\beta\beta2_31.R64,G:\My Drive\PhD\CAPTUR3D_personal\00 Progetti\CellTypeRecognition_DeepLearning\input\numpy files\1678_beta.npy
1679_beta,20210923,P2H1,2 mM,beta2,beta,G:\My Drive\PhD\CAPTUR3D_personal\00 Progetti\CellTypeRecognition_DeepLearning\input\R64 files\20210923\P2H1\beta\beta2_32.R64,G:\My Drive\PhD\CAPTUR3D_personal\00 Progetti\CellTypeRecognition_DeepLearning\input\numpy files\1679_beta.npy
1680_beta,20210923,P2H1,2 mM,beta2,beta,G:\My Drive\PhD\CAPTUR3D_personal\00 Progetti\CellTypeRecognition_DeepLearning\input\R64 files\20210923\P2H1\beta\beta2_33.R64,G:\My Drive\PhD\CAPTUR3D_personal\00 Progetti\CellTypeRecognition_DeepLearning\input\numpy files\1680_beta.npy
1681_beta,20210923,P2H1,2 mM,beta2,beta,G:\My Drive\PhD\CAPTUR3D_personal\00 Progetti\CellTypeRecognition_DeepLearning\input\R64 files\20210923\P2H1\beta\beta2_34.R64,G:\My Drive\PhD\CAPTUR3D_personal\00 Progetti\CellTypeRecognition_DeepLearning\input\numpy files\1681_beta.npy
1682_beta,20210923,P2H1,2 mM,beta2,beta,G:\My Drive\PhD\CAPTUR3D_personal\00 Progetti\CellTypeRecognition_DeepLearning\input\R64 files\20210923\P2H1\beta\beta2_35.R64,G:\My Drive\PhD\CAPTUR3D_personal\00 Progetti\CellTypeRecognition_DeepLearning\input\numpy files\1682_beta.npy
1683_beta,20210923,P2H1,2 mM,beta2,beta,G:\My Drive\PhD\CAPTUR3D_personal\00 Progetti\CellTypeRecognition_DeepLearning\input\R64 files\20210923\P2H1\beta\beta2_36.R64,G:\My Drive\PhD\CAPTUR3D_personal\00 Progetti\CellTypeRecognition_DeepLearning\input\numpy files\1683_beta.npy
1684_beta,20210923,P2H1,2 mM,beta2,beta,G:\My Drive\PhD\CAPTUR3D_personal\00 Progetti\CellTypeRecognition_DeepLearning\input\R64 files\20210923\P2H1\beta\beta2_37.R64,G:\My Drive\PhD\CAPTUR3D_personal\00 Progetti\CellTypeRecognition_DeepLearning\input\numpy files\1684_beta.npy
1685_beta,20210923,P2H1,2 mM,beta2,beta,G:\My Drive\PhD\CAPTUR3D_personal\00 Progetti\CellTypeRecognition_DeepLearning\input\R64 files\20210923\P2H1\beta\beta2_38.R64,G:\My Drive\PhD\CAPTUR3D_personal\00 Progetti\CellTypeRecognition_DeepLearning\input\numpy files\1685_beta.npy
1686_beta,20210923,P2H1,2 mM,beta2,beta,G:\My Drive\PhD\CAPTUR3D_personal\00 Progetti\CellTypeRecognition_DeepLearning\input\R64 files\20210923\P2H1\beta\beta2_39.R64,G:\My Drive\PhD\CAPTUR3D_personal\00 Progetti\CellTypeRecognition_DeepLearning\input\numpy files\1686_beta.npy
1687_beta,20210923,P2H1,2 mM,beta2,beta,G:\My Drive\PhD\CAPTUR3D_personal\00 Progetti\CellTypeRecognition_DeepLearning\input\R64 files\20210923\P2H1\beta\beta2_40.R64,G:\My Drive\PhD\CAPTUR3D_personal\00 Progetti\CellTypeRecognition_DeepLearning\input\numpy files\1687_beta.npy
1688_beta,20210923,P2H1,2 mM,beta2,beta,G:\My Drive\PhD\CAPTUR3D_personal\00 Progetti\CellTypeRecognition_DeepLearning\input\R64 files\20210923\P2H1\beta\beta2_41.R64,G:\My Drive\PhD\CAPTUR3D_personal\00 Progetti\CellTypeRecognition_DeepLearning\input\numpy files\1688_beta.npy
1689_beta,20210923,P2H1,2 mM,beta2,beta,G:\My Drive\PhD\CAPTUR3D_personal\00 Progetti\CellTypeRecognition_DeepLearning\input\R64 files\20210923\P2H1\beta\beta2_42.R64,G:\My Drive\PhD\CAPTUR3D_personal\00 Progetti\CellTypeRecognition_DeepLearning\input\numpy files\1689_beta.npy
1690_beta,20210923,P2H1,2 mM,beta2,beta,G:\My Drive\PhD\CAPTUR3D_personal\00 Progetti\CellTypeRecognition_DeepLearning\input\R64 files\20210923\P2H1\beta\beta2_43.R64,G:\My Drive\PhD\CAPTUR3D_personal\00 Progetti\CellTypeRecognition_DeepLearning\input\numpy files\1690_beta.npy
1691_beta,20210923,P2H1,2 mM,beta2,beta,G:\My Drive\PhD\CAPTUR3D_personal\00 Progetti\CellTypeRecognition_DeepLearning\input\R64 files\20210923\P2H1\beta\beta2_44.R64,G:\My Drive\PhD\CAPTUR3D_personal\00 Progetti\CellTypeRecognition_DeepLearning\input\numpy files\1691_beta.npy
1692_beta,20210923,P2H1,1 mM,beta16,beta,G:\My Drive\PhD\CAPTUR3D_personal\00 Progetti\CellTypeRecognition_DeepLearning\input\R64 files\20210923\P2H1\beta\beta16_1.R64,G:\My Drive\PhD\CAPTUR3D_personal\00 Progetti\CellTypeRecognition_DeepLearning\input\numpy files\1692_beta.npy
1693_beta,20210923,P2H1,1 mM,beta16,beta,G:\My Drive\PhD\CAPTUR3D_personal\00 Progetti\CellTypeRecognition_DeepLearning\input\R64 files\20210923\P2H1\beta\beta16_2.R64,G:\My Drive\PhD\CAPTUR3D_personal\00 Progetti\CellTypeRecognition_DeepLearning\input\numpy files\1693_beta.npy
1694_beta,20210923,P2H1,1 mM,beta16,beta,G:\My Drive\PhD\CAPTUR3D_personal\00 Progetti\CellTypeRecognition_DeepLearning\input\R64 files\20210923\P2H1\beta\beta16_3.R64,G:\My Drive\PhD\CAPTUR3D_personal\00 Progetti\CellTypeRecognition_DeepLearning\input\numpy files\1694_beta.npy
1695_beta,20210923,P2H1,1 mM,beta16,beta,G:\My Drive\PhD\CAPTUR3D_personal\00 Progetti\CellTypeRecognition_DeepLearning\input\R64 files\20210923\P2H1\beta\beta16_4.R64,G:\My Drive\PhD\CAPTUR3D_personal\00 Progetti\CellTypeRecognition_DeepLearning\input\numpy files\1695_beta.npy
1696_beta,20210923,P2H1,1 mM,beta16,beta,G:\My Drive\PhD\CAPTUR3D_personal\00 Progetti\CellTypeRecognition_DeepLearning\input\R64 files\20210923\P2H1\beta\beta16_5.R64,G:\My Drive\PhD\CAPTUR3D_personal\00 Progetti\CellTypeRecognition_DeepLearning\input\numpy files\1696_beta.npy
1697_beta,20210923,P2H1,1 mM,beta16,beta,G:\My Drive\PhD\CAPTUR3D_personal\00 Progetti\CellTypeRecognition_DeepLearning\input\R64 files\20210923\P2H1\beta\beta16_6.R64,G:\My Drive\PhD\CAPTUR3D_personal\00 Progetti\CellTypeRecognition_DeepLearning\input\numpy files\1697_beta.npy
1698_beta,20210923,P2H1,1 mM,beta16,beta,G:\My Drive\PhD\CAPTUR3D_personal\00 Progetti\CellTypeRecognition_DeepLearning\input\R64 files\20210923\P2H1\beta\beta16_7.R64,G:\My Drive\PhD\CAPTUR3D_personal\00 Progetti\CellTypeRecognition_DeepLearning\input\numpy files\1698_beta.npy
1699_beta,20210923,P2H1,1 mM,beta16,beta,G:\My Drive\PhD\CAPTUR3D_personal\00 Progetti\CellTypeRecognition_DeepLearning\input\R64 files\20210923\P2H1\beta\beta16_8.R64,G:\My Drive\PhD\CAPTUR3D_personal\00 Progetti\CellTypeRecognition_DeepLearning\input\numpy files\1699_beta.npy
1700_beta,20210923,P2H1,1 mM,beta16,beta,G:\My Drive\PhD\CAPTUR3D_personal\00 Progetti\CellTypeRecognition_DeepLearning\input\R64 files\20210923\P2H1\beta\beta16_9.R64,G:\My Drive\PhD\CAPTUR3D_personal\00 Progetti\CellTypeRecognition_DeepLearning\input\numpy files\1700_beta.npy
1701_beta,20210923,P2H1,1 mM,beta16,beta,G:\My Drive\PhD\CAPTUR3D_personal\00 Progetti\CellTypeRecognition_DeepLearning\input\R64 files\20210923\P2H1\beta\beta16_10.R64,G:\My Drive\PhD\CAPTUR3D_personal\00 Progetti\CellTypeRecognition_DeepLearning\input\numpy files\1701_beta.npy
1702_beta,20210923,P2H1,1 mM,beta16,beta,G:\My Drive\PhD\CAPTUR3D_personal\00 Progetti\CellTypeRecognition_DeepLearning\input\R64 files\20210923\P2H1\beta\beta16_11.R64,G:\My Drive\PhD\CAPTUR3D_personal\00 Progetti\CellTypeRecognition_DeepLearning\input\numpy files\1702_beta.npy
1703_beta,20210923,P2H1,1 mM,beta16,beta,G:\My Drive\PhD\CAPTUR3D_personal\00 Progetti\CellTypeRecognition_DeepLearning\input\R64 files\20210923\P2H1\beta\beta16_12.R64,G:\My Drive\PhD\CAPTUR3D_personal\00 Progetti\CellTypeRecognition_DeepLearning\input\numpy files\1703_beta.npy
1704_beta,20210923,P2H1,1 mM,beta16,beta,G:\My Drive\PhD\CAPTUR3D_personal\00 Progetti\CellTypeRecognition_DeepLearning\input\R64 files\20210923\P2H1\beta\beta16_13.R64,G:\My Drive\PhD\CAPTUR3D_personal\00 Progetti\CellTypeRecognition_DeepLearning\input\numpy files\1704_beta.npy
1705_beta,20210923,P2H1,1 mM,beta16,beta,G:\My Drive\PhD\CAPTUR3D_personal\00 Progetti\CellTypeRecognition_DeepLearning\input\R64 files\20210923\P2H1\beta\beta16_14.R64,G:\My Drive\PhD\CAPTUR3D_personal\00 Progetti\CellTypeRecognition_DeepLearning\input\numpy files\1705_beta.npy
1706_beta,20210923,P2H1,1 mM,beta16,beta,G:\My Drive\PhD\CAPTUR3D_personal\00 Progetti\CellTypeRecognition_DeepLearning\input\R64 files\20210923\P2H1\beta\beta16_15.R64,G:\My Drive\PhD\CAPTUR3D_personal\00 Progetti\CellTypeRecognition_DeepLearning\input\numpy files\1706_beta.npy
1707_beta,20210923,P2H1,1 mM,beta16,beta,G:\My Drive\PhD\CAPTUR3D_personal\00 Progetti\CellTypeRecognition_DeepLearning\input\R64 files\20210923\P2H1\beta\beta16_16.R64,G:\My Drive\PhD\CAPTUR3D_personal\00 Progetti\CellTypeRecognition_DeepLearning\input\numpy files\1707_beta.npy
1708_beta,20210923,P2H1,1 mM,beta16,beta,G:\My Drive\PhD\CAPTUR3D_personal\00 Progetti\CellTypeRecognition_DeepLearning\input\R64 files\20210923\P2H1\beta\beta16_17.R64,G:\My Drive\PhD\CAPTUR3D_personal\00 Progetti\CellTypeRecognition_DeepLearning\input\numpy files\1708_beta.npy
1709_beta,20210923,P2H1,1 mM,beta16,beta,G:\My Drive\PhD\CAPTUR3D_personal\00 Progetti\CellTypeRecognition_DeepLearning\input\R64 files\20210923\P2H1\beta\beta16_18.R64,G:\My Drive\PhD\CAPTUR3D_personal\00 Progetti\CellTypeRecognition_DeepLearning\input\numpy files\1709_beta.npy
1710_beta,20210923,P2H1,1 mM,beta16,beta,G:\My Drive\PhD\CAPTUR3D_personal\00 Progetti\CellTypeRecognition_DeepLearning\input\R64 files\20210923\P2H1\beta\beta16_19.R64,G:\My Drive\PhD\CAPTUR3D_personal\00 Progetti\CellTypeRecognition_DeepLearning\input\numpy files\1710_beta.npy
1711_beta,20210923,P2H1,1 mM,beta16,beta,G:\My Drive\PhD\CAPTUR3D_personal\00 Progetti\CellTypeRecognition_DeepLearning\input\R64 files\20210923\P2H1\beta\beta16_20.R64,G:\My Drive\PhD\CAPTUR3D_personal\00 Progetti\CellTypeRecognition_DeepLearning\input\numpy files\1711_beta.npy
1712_beta,20210923,P2H1,1 mM,beta16,beta,G:\My Drive\PhD\CAPTUR3D_personal\00 Progetti\CellTypeRecognition_DeepLearning\input\R64 files\20210923\P2H1\beta\beta16_21.R64,G:\My Drive\PhD\CAPTUR3D_personal\00 Progetti\CellTypeRecognition_DeepLearning\input\numpy files\1712_beta.npy
1713_beta,20210923,P2H1,1 mM,beta16,beta,G:\My Drive\PhD\CAPTUR3D_personal\00 Progetti\CellTypeRecognition_DeepLearning\input\R64 files\20210923\P2H1\beta\beta16_22.R64,G:\My Drive\PhD\CAPTUR3D_personal\00 Progetti\CellTypeRecognition_DeepLearning\input\numpy files\1713_beta.npy
1714_beta,20210923,P2H1,1 mM,beta16,beta,G:\My Drive\PhD\CAPTUR3D_personal\00 Progetti\CellTypeRecognition_DeepLearning\input\R64 files\20210923\P2H1\beta\beta16_23.R64,G:\My Drive\PhD\CAPTUR3D_personal\00 Progetti\CellTypeRecognition_DeepLearning\input\numpy files\1714_beta.npy
1715_beta,20210923,P2H1,1 mM,beta16,beta,G:\My Drive\PhD\CAPTUR3D_personal\00 Progetti\CellTypeRecognition_DeepLearning\input\R64 files\20210923\P2H1\beta\beta16_24.R64,G:\My Drive\PhD\CAPTUR3D_personal\00 Progetti\CellTypeRecognition_DeepLearning\input\numpy files\1715_beta.npy
1716_beta,20210923,P2H1,1 mM,beta16,beta,G:\My Drive\PhD\CAPTUR3D_personal\00 Progetti\CellTypeRecognition_DeepLearning\input\R64 files\20210923\P2H1\beta\beta16_25.R64,G:\My Drive\PhD\CAPTUR3D_personal\00 Progetti\CellTypeRecognition_DeepLearning\input\numpy files\1716_beta.npy
1717_beta,20210923,P2H1,1 mM,beta16,beta,G:\My Drive\PhD\CAPTUR3D_personal\00 Progetti\CellTypeRecognition_DeepLearning\input\R64 files\20210923\P2H1\beta\beta16_26.R64,G:\My Drive\PhD\CAPTUR3D_personal\00 Progetti\CellTypeRecognition_DeepLearning\input\numpy files\1717_beta.npy
1718_beta,20210923,P2H1,1 mM,beta16,beta,G:\My Drive\PhD\CAPTUR3D_personal\00 Progetti\CellTypeRecognition_DeepLearning\input\R64 files\20210923\P2H1\beta\beta16_27.R64,G:\My Drive\PhD\CAPTUR3D_personal\00 Progetti\CellTypeRecognition_DeepLearning\input\numpy files\1718_beta.npy
1719_beta,20210923,P2H1,1 mM,beta16,beta,G:\My Drive\PhD\CAPTUR3D_personal\00 Progetti\CellTypeRecognition_DeepLearning\input\R64 files\20210923\P2H1\beta\beta16_28.R64,G:\My Drive\PhD\CAPTUR3D_personal\00 Progetti\CellTypeRecognition_DeepLearning\input\numpy files\1719_beta.npy
1720_beta,20210923,P2H1,1 mM,beta16,beta,G:\My Drive\PhD\CAPTUR3D_personal\00 Progetti\CellTypeRecognition_DeepLearning\input\R64 files\20210923\P2H1\beta\beta16_29.R64,G:\My Drive\PhD\CAPTUR3D_personal\00 Progetti\CellTypeRecognition_DeepLearning\input\numpy files\1720_beta.npy
1721_beta,20210923,P2H1,1 mM,beta16,beta,G:\My Drive\PhD\CAPTUR3D_personal\00 Progetti\CellTypeRecognition_DeepLearning\input\R64 files\20210923\P2H1\beta\beta16_30.R64,G:\My Drive\PhD\CAPTUR3D_personal\00 Progetti\CellTypeRecognition_DeepLearning\input\numpy files\1721_beta.npy
1722_beta,20210923,P2H1,1 mM,beta16,beta,G:\My Drive\PhD\CAPTUR3D_personal\00 Progetti\CellTypeRecognition_DeepLearning\input\R64 files\20210923\P2H1\beta\beta16_31.R64,G:\My Drive\PhD\CAPTUR3D_personal\00 Progetti\CellTypeRecognition_DeepLearning\input\numpy files\1722_beta.npy
1723_beta,20210923,P2H1,1 mM,beta16,beta,G:\My Drive\PhD\CAPTUR3D_personal\00 Progetti\CellTypeRecognition_DeepLearning\input\R64 files\20210923\P2H1\beta\beta16_32.R64,G:\My Drive\PhD\CAPTUR3D_personal\00 Progetti\CellTypeRecognition_DeepLearning\input\numpy files\1723_beta.npy
1724_beta,20210923,P2H1,1 mM,beta16,beta,G:\My Drive\PhD\CAPTUR3D_personal\00 Progetti\CellTypeRecognition_DeepLearning\input\R64 files\20210923\P2H1\beta\beta16_33.R64,G:\My Drive\PhD\CAPTUR3D_personal\00 Progetti\CellTypeRecognition_DeepLearning\input\numpy files\1724_beta.npy
1725_beta,20210923,P2H1,1 mM,beta16,beta,G:\My Drive\PhD\CAPTUR3D_personal\00 Progetti\CellTypeRecognition_DeepLearning\input\R64 files\20210923\P2H1\beta\beta16_34.R64,G:\My Drive\PhD\CAPTUR3D_personal\00 Progetti\CellTypeRecognition_DeepLearning\input\numpy files\1725_beta.npy
1726_beta,20210923,P2H1,1 mM,beta16,beta,G:\My Drive\PhD\CAPTUR3D_personal\00 Progetti\CellTypeRecognition_DeepLearning\input\R64 files\20210923\P2H1\beta\beta16_35.R64,G:\My Drive\PhD\CAPTUR3D_personal\00 Progetti\CellTypeRecognition_DeepLearning\input\numpy files\1726_beta.npy
1727_beta,20210923,P2H1,1 mM,beta16,beta,G:\My Drive\PhD\CAPTUR3D_personal\00 Progetti\CellTypeRecognition_DeepLearning\input\R64 files\20210923\P2H1\beta\beta16_36.R64,G:\My Drive\PhD\CAPTUR3D_personal\00 Progetti\CellTypeRecognition_DeepLearning\input\numpy files\1727_beta.npy
1728_beta,20210923,P2H1,1 mM,beta16,beta,G:\My Drive\PhD\CAPTUR3D_personal\00 Progetti\CellTypeRecognition_DeepLearning\input\R64 files\20210923\P2H1\beta\beta16_37.R64,G:\My Drive\PhD\CAPTUR3D_personal\00 Progetti\CellTypeRecognition_DeepLearning\input\numpy files\1728_beta.npy
1729_beta,20210923,P2H1,1 mM,beta16,beta,G:\My Drive\PhD\CAPTUR3D_personal\00 Progetti\CellTypeRecognition_DeepLearning\input\R64 files\20210923\P2H1\beta\beta16_38.R64,G:\My Drive\PhD\CAPTUR3D_personal\00 Progetti\CellTypeRecognition_DeepLearning\input\numpy files\1729_beta.npy
1730_beta,20210923,P2H1,1 mM,beta16,beta,G:\My Drive\PhD\CAPTUR3D_personal\00 Progetti\CellTypeRecognition_DeepLearning\input\R64 files\20210923\P2H1\beta\beta16_39.R64,G:\My Drive\PhD\CAPTUR3D_personal\00 Progetti\CellTypeRecognition_DeepLearning\input\numpy files\1730_beta.npy
1731_beta,20210923,P2H1,1 mM,beta16,beta,G:\My Drive\PhD\CAPTUR3D_personal\00 Progetti\CellTypeRecognition_DeepLearning\input\R64 files\20210923\P2H1\beta\beta16_40.R64,G:\My Drive\PhD\CAPTUR3D_personal\00 Progetti\CellTypeRecognition_DeepLearning\input\numpy files\1731_beta.npy
1732_beta,20210923,P2H1,1 mM,beta16,beta,G:\My Drive\PhD\CAPTUR3D_personal\00 Progetti\CellTypeRecognition_DeepLearning\input\R64 files\20210923\P2H1\beta\beta16_41.R64,G:\My Drive\PhD\CAPTUR3D_personal\00 Progetti\CellTypeRecognition_DeepLearning\input\numpy files\1732_beta.npy
1733_beta,20210923,P2H1,1 mM,beta16,beta,G:\My Drive\PhD\CAPTUR3D_personal\00 Progetti\CellTypeRecognition_DeepLearning\input\R64 files\20210923\P2H1\beta\beta16_42.R64,G:\My Drive\PhD\CAPTUR3D_personal\00 Progetti\CellTypeRecognition_DeepLearning\input\numpy files\1733_beta.npy
1734_beta,20210923,P2H1,1 mM,beta16,beta,G:\My Drive\PhD\CAPTUR3D_personal\00 Progetti\CellTypeRecognition_DeepLearning\input\R64 files\20210923\P2H1\beta\beta16_43.R64,G:\My Drive\PhD\CAPTUR3D_personal\00 Progetti\CellTypeRecognition_DeepLearning\input\numpy files\1734_beta.npy
1735_beta,20210923,P2H1,1 mM,beta16,beta,G:\My Drive\PhD\CAPTUR3D_personal\00 Progetti\CellTypeRecognition_DeepLearning\input\R64 files\20210923\P2H1\beta\beta16_44.R64,G:\My Drive\PhD\CAPTUR3D_personal\00 Progetti\CellTypeRecognition_DeepLearning\input\numpy files\1735_beta.npy
1736_alpha,20210923,P2H1,2 mM,alpha2,alpha,G:\My Drive\PhD\CAPTUR3D_personal\00 Progetti\CellTypeRecognition_DeepLearning\input\R64 files\20210923\P2H1\alpha\alpha2_1.R64,G:\My Drive\PhD\CAPTUR3D_personal\00 Progetti\CellTypeRecognition_DeepLearning\input\numpy files\1736_alpha.npy
1737_alpha,20210923,P2H1,2 mM,alpha2,alpha,G:\My Drive\PhD\CAPTUR3D_personal\00 Progetti\CellTypeRecognition_DeepLearning\input\R64 files\20210923\P2H1\alpha\alpha2_2.R64,G:\My Drive\PhD\CAPTUR3D_personal\00 Progetti\CellTypeRecognition_DeepLearning\input\numpy files\1737_alpha.npy
1738_alpha,20210923,P2H1,2 mM,alpha2,alpha,G:\My Drive\PhD\CAPTUR3D_personal\00 Progetti\CellTypeRecognition_DeepLearning\input\R64 files\20210923\P2H1\alpha\alpha2_3.R64,G:\My Drive\PhD\CAPTUR3D_personal\00 Progetti\CellTypeRecognition_DeepLearning\input\numpy files\1738_alpha.npy
1739_alpha,20210923,P2H1,2 mM,alpha2,alpha,G:\My Drive\PhD\CAPTUR3D_personal\00 Progetti\CellTypeRecognition_DeepLearning\input\R64 files\20210923\P2H1\alpha\alpha2_4.R64,G:\My Drive\PhD\CAPTUR3D_personal\00 Progetti\CellTypeRecognition_DeepLearning\input\numpy files\1739_alpha.npy
1740_alpha,20210923,P2H1,1 mM,alpha16,alpha,G:\My Drive\PhD\CAPTUR3D_personal\00 Progetti\CellTypeRecognition_DeepLearning\input\R64 files\20210923\P2H1\alpha\alpha16_1.R64,G:\My Drive\PhD\CAPTUR3D_personal\00 Progetti\CellTypeRecognition_DeepLearning\input\numpy files\1740_alpha.npy
1741_alpha,20210923,P2H1,1 mM,alpha16,alpha,G:\My Drive\PhD\CAPTUR3D_personal\00 Progetti\CellTypeRecognition_DeepLearning\input\R64 files\20210923\P2H1\alpha\alpha16_2.R64,G:\My Drive\PhD\CAPTUR3D_personal\00 Progetti\CellTypeRecognition_DeepLearning\input\numpy files\1741_alpha.npy
1742_alpha,20210923,P2H1,1 mM,alpha16,alpha,G:\My Drive\PhD\CAPTUR3D_personal\00 Progetti\CellTypeRecognition_DeepLearning\input\R64 files\20210923\P2H1\alpha\alpha16_3.R64,G:\My Drive\PhD\CAPTUR3D_personal\00 Progetti\CellTypeRecognition_DeepLearning\input\numpy files\1742_alpha.npy
1743_alpha,20210923,P2H1,1 mM,alpha16,alpha,G:\My Drive\PhD\CAPTUR3D_personal\00 Progetti\CellTypeRecognition_DeepLearning\input\R64 files\20210923\P2H1\alpha\alpha16_4.R64,G:\My Drive\PhD\CAPTUR3D_personal\00 Progetti\CellTypeRecognition_DeepLearning\input\numpy files\1743_alpha.npy
1744_beta,20210923,P2H2,2 mM,beta2,beta,G:\My Drive\PhD\CAPTUR3D_personal\00 Progetti\CellTypeRecognition_DeepLearning\input\R64 files\20210923\P2H2\beta\beta2_1.R64,G:\My Drive\PhD\CAPTUR3D_personal\00 Progetti\CellTypeRecognition_DeepLearning\input\numpy files\1744_beta.npy
1745_beta,20210923,P2H2,2 mM,beta2,beta,G:\My Drive\PhD\CAPTUR3D_personal\00 Progetti\CellTypeRecognition_DeepLearning\input\R64 files\20210923\P2H2\beta\beta2_2.R64,G:\My Drive\PhD\CAPTUR3D_personal\00 Progetti\CellTypeRecognition_DeepLearning\input\numpy files\1745_beta.npy
1746_beta,20210923,P2H2,2 mM,beta2,beta,G:\My Drive\PhD\CAPTUR3D_personal\00 Progetti\CellTypeRecognition_DeepLearning\input\R64 files\20210923\P2H2\beta\beta2_3.R64,G:\My Drive\PhD\CAPTUR3D_personal\00 Progetti\CellTypeRecognition_DeepLearning\input\numpy files\1746_beta.npy
1747_beta,20210923,P2H2,2 mM,beta2,beta,G:\My Drive\PhD\CAPTUR3D_personal\00 Progetti\CellTypeRecognition_DeepLearning\input\R64 files\20210923\P2H2\beta\beta2_4.R64,G:\My Drive\PhD\CAPTUR3D_personal\00 Progetti\CellTypeRecognition_DeepLearning\input\numpy files\1747_beta.npy
1748_beta,20210923,P2H2,2 mM,beta2,beta,G:\My Drive\PhD\CAPTUR3D_personal\00 Progetti\CellTypeRecognition_DeepLearning\input\R64 files\20210923\P2H2\beta\beta2_5.R64,G:\My Drive\PhD\CAPTUR3D_personal\00 Progetti\CellTypeRecognition_DeepLearning\input\numpy files\1748_beta.npy
1749_beta,20210923,P2H2,2 mM,beta2,beta,G:\My Drive\PhD\CAPTUR3D_personal\00 Progetti\CellTypeRecognition_DeepLearning\input\R64 files\20210923\P2H2\beta\beta2_6.R64,G:\My Drive\PhD\CAPTUR3D_personal\00 Progetti\CellTypeRecognition_DeepLearning\input\numpy files\1749_beta.npy
1750_beta,20210923,P2H2,2 mM,beta2,beta,G:\My Drive\PhD\CAPTUR3D_personal\00 Progetti\CellTypeRecognition_DeepLearning\input\R64 files\20210923\P2H2\beta\beta2_7.R64,G:\My Drive\PhD\CAPTUR3D_personal\00 Progetti\CellTypeRecognition_DeepLearning\input\numpy files\1750_beta.npy
1751_beta,20210923,P2H2,2 mM,beta2,beta,G:\My Drive\PhD\CAPTUR3D_personal\00 Progetti\CellTypeRecognition_DeepLearning\input\R64 files\20210923\P2H2\beta\beta2_8.R64,G:\My Drive\PhD\CAPTUR3D_personal\00 Progetti\CellTypeRecognition_DeepLearning\input\numpy files\1751_beta.npy
1752_beta,20210923,P2H2,2 mM,beta2,beta,G:\My Drive\PhD\CAPTUR3D_personal\00 Progetti\CellTypeRecognition_DeepLearning\input\R64 files\20210923\P2H2\beta\beta2_9.R64,G:\My Drive\PhD\CAPTUR3D_personal\00 Progetti\CellTypeRecognition_DeepLearning\input\numpy files\1752_beta.npy
1753_beta,20210923,P2H2,2 mM,beta2,beta,G:\My Drive\PhD\CAPTUR3D_personal\00 Progetti\CellTypeRecognition_DeepLearning\input\R64 files\20210923\P2H2\beta\beta2_10.R64,G:\My Drive\PhD\CAPTUR3D_personal\00 Progetti\CellTypeRecognition_DeepLearning\input\numpy files\1753_beta.npy
1754_beta,20210923,P2H2,2 mM,beta2,beta,G:\My Drive\PhD\CAPTUR3D_personal\00 Progetti\CellTypeRecognition_DeepLearning\input\R64 files\20210923\P2H2\beta\beta2_11.R64,G:\My Drive\PhD\CAPTUR3D_personal\00 Progetti\CellTypeRecognition_DeepLearning\input\numpy files\1754_beta.npy
1755_beta,20210923,P2H2,2 mM,beta2,beta,G:\My Drive\PhD\CAPTUR3D_personal\00 Progetti\CellTypeRecognition_DeepLearning\input\R64 files\20210923\P2H2\beta\beta2_12.R64,G:\My Drive\PhD\CAPTUR3D_personal\00 Progetti\CellTypeRecognition_DeepLearning\input\numpy files\1755_beta.npy
1756_beta,20210923,P2H2,2 mM,beta2,beta,G:\My Drive\PhD\CAPTUR3D_personal\00 Progetti\CellTypeRecognition_DeepLearning\input\R64 files\20210923\P2H2\beta\beta2_13.R64,G:\My Drive\PhD\CAPTUR3D_personal\00 Progetti\CellTypeRecognition_DeepLearning\input\numpy files\1756_beta.npy
1757_beta,20210923,P2H2,2 mM,beta2,beta,G:\My Drive\PhD\CAPTUR3D_personal\00 Progetti\CellTypeRecognition_DeepLearning\input\R64 files\20210923\P2H2\beta\beta2_14.R64,G:\My Drive\PhD\CAPTUR3D_personal\00 Progetti\CellTypeRecognition_DeepLearning\input\numpy files\1757_beta.npy
1758_beta,20210923,P2H2,2 mM,beta2,beta,G:\My Drive\PhD\CAPTUR3D_personal\00 Progetti\CellTypeRecognition_DeepLearning\input\R64 files\20210923\P2H2\beta\beta2_15.R64,G:\My Drive\PhD\CAPTUR3D_personal\00 Progetti\CellTypeRecognition_DeepLearning\input\numpy files\1758_beta.npy
1759_beta,20210923,P2H2,2 mM,beta2,beta,G:\My Drive\PhD\CAPTUR3D_personal\00 Progetti\CellTypeRecognition_DeepLearning\input\R64 files\20210923\P2H2\beta\beta2_16.R64,G:\My Drive\PhD\CAPTUR3D_personal\00 Progetti\CellTypeRecognition_DeepLearning\input\numpy files\1759_beta.npy
1760_beta,20210923,P2H2,2 mM,beta2,beta,G:\My Drive\PhD\CAPTUR3D_personal\00 Progetti\CellTypeRecognition_DeepLearning\input\R64 files\20210923\P2H2\beta\beta2_17.R64,G:\My Drive\PhD\CAPTUR3D_personal\00 Progetti\CellTypeRecognition_DeepLearning\input\numpy files\1760_beta.npy
1761_beta,20210923,P2H2,1 mM,beta16,beta,G:\My Drive\PhD\CAPTUR3D_personal\00 Progetti\CellTypeRecognition_DeepLearning\input\R64 files\20210923\P2H2\beta\beta16_1.R64,G:\My Drive\PhD\CAPTUR3D_personal\00 Progetti\CellTypeRecognition_DeepLearning\input\numpy files\1761_beta.npy
1762_beta,20210923,P2H2,1 mM,beta16,beta,G:\My Drive\PhD\CAPTUR3D_personal\00 Progetti\CellTypeRecognition_DeepLearning\input\R64 files\20210923\P2H2\beta\beta16_2.R64,G:\My Drive\PhD\CAPTUR3D_personal\00 Progetti\CellTypeRecognition_DeepLearning\input\numpy files\1762_beta.npy
1763_beta,20210923,P2H2,1 mM,beta16,beta,G:\My Drive\PhD\CAPTUR3D_personal\00 Progetti\CellTypeRecognition_DeepLearning\input\R64 files\20210923\P2H2\beta\beta16_3.R64,G:\My Drive\PhD\CAPTUR3D_personal\00 Progetti\CellTypeRecognition_DeepLearning\input\numpy files\1763_beta.npy
1764_beta,20210923,P2H2,1 mM,beta16,beta,G:\My Drive\PhD\CAPTUR3D_personal\00 Progetti\CellTypeRecognition_DeepLearning\input\R64 files\20210923\P2H2\beta\beta16_4.R64,G:\My Drive\PhD\CAPTUR3D_personal\00 Progetti\CellTypeRecognition_DeepLearning\input\numpy files\1764_beta.npy
1765_beta,20210923,P2H2,1 mM,beta16,beta,G:\My Drive\PhD\CAPTUR3D_personal\00 Progetti\CellTypeRecognition_DeepLearning\input\R64 files\20210923\P2H2\beta\beta16_5.R64,G:\My Drive\PhD\CAPTUR3D_personal\00 Progetti\CellTypeRecognition_DeepLearning\input\numpy files\1765_beta.npy
1766_beta,20210923,P2H2,1 mM,beta16,beta,G:\My Drive\PhD\CAPTUR3D_personal\00 Progetti\CellTypeRecognition_DeepLearning\input\R64 files\20210923\P2H2\beta\beta16_6.R64,G:\My Drive\PhD\CAPTUR3D_personal\00 Progetti\CellTypeRecognition_DeepLearning\input\numpy files\1766_beta.npy
1767_beta,20210923,P2H2,1 mM,beta16,beta,G:\My Drive\PhD\CAPTUR3D_personal\00 Progetti\CellTypeRecognition_DeepLearning\input\R64 files\20210923\P2H2\beta\beta16_7.R64,G:\My Drive\PhD\CAPTUR3D_personal\00 Progetti\CellTypeRecognition_DeepLearning\input\numpy files\1767_beta.npy
1768_beta,20210923,P2H2,1 mM,beta16,beta,G:\My Drive\PhD\CAPTUR3D_personal\00 Progetti\CellTypeRecognition_DeepLearning\input\R64 files\20210923\P2H2\beta\beta16_8.R64,G:\My Drive\PhD\CAPTUR3D_personal\00 Progetti\CellTypeRecognition_DeepLearning\input\numpy files\1768_beta.npy
1769_beta,20210923,P2H2,1 mM,beta16,beta,G:\My Drive\PhD\CAPTUR3D_personal\00 Progetti\CellTypeRecognition_DeepLearning\input\R64 files\20210923\P2H2\beta\beta16_9.R64,G:\My Drive\PhD\CAPTUR3D_personal\00 Progetti\CellTypeRecognition_DeepLearning\input\numpy files\1769_beta.npy
1770_beta,20210923,P2H2,1 mM,beta16,beta,G:\My Drive\PhD\CAPTUR3D_personal\00 Progetti\CellTypeRecognition_DeepLearning\input\R64 files\20210923\P2H2\beta\beta16_10.R64,G:\My Drive\PhD\CAPTUR3D_personal\00 Progetti\CellTypeRecognition_DeepLearning\input\numpy files\1770_beta.npy
1771_beta,20210923,P2H2,1 mM,beta16,beta,G:\My Drive\PhD\CAPTUR3D_personal\00 Progetti\CellTypeRecognition_DeepLearning\input\R64 files\20210923\P2H2\beta\beta16_11.R64,G:\My Drive\PhD\CAPTUR3D_personal\00 Progetti\CellTypeRecognition_DeepLearning\input\numpy files\1771_beta.npy
1772_beta,20210923,P2H2,1 mM,beta16,beta,G:\My Drive\PhD\CAPTUR3D_personal\00 Progetti\CellTypeRecognition_DeepLearning\input\R64 files\20210923\P2H2\beta\beta16_12.R64,G:\My Drive\PhD\CAPTUR3D_personal\00 Progetti\CellTypeRecognition_DeepLearning\input\numpy files\1772_beta.npy
1773_beta,20210923,P2H2,1 mM,beta16,beta,G:\My Drive\PhD\CAPTUR3D_personal\00 Progetti\CellTypeRecognition_DeepLearning\input\R64 files\20210923\P2H2\beta\beta16_13.R64,G:\My Drive\PhD\CAPTUR3D_personal\00 Progetti\CellTypeRecognition_DeepLearning\input\numpy files\1773_beta.npy
1774_beta,20210923,P2H2,1 mM,beta16,beta,G:\My Drive\PhD\CAPTUR3D_personal\00 Progetti\CellTypeRecognition_DeepLearning\input\R64 files\20210923\P2H2\beta\beta16_14.R64,G:\My Drive\PhD\CAPTUR3D_personal\00 Progetti\CellTypeRecognition_DeepLearning\input\numpy files\1774_beta.npy
1775_beta,20210923,P2H2,1 mM,beta16,beta,G:\My Drive\PhD\CAPTUR3D_personal\00 Progetti\CellTypeRecognition_DeepLearning\input\R64 files\20210923\P2H2\beta\beta16_15.R64,G:\My Drive\PhD\CAPTUR3D_personal\00 Progetti\CellTypeRecognition_DeepLearning\input\numpy files\1775_beta.npy
1776_beta,20210923,P2H2,1 mM,beta16,beta,G:\My Drive\PhD\CAPTUR3D_personal\00 Progetti\CellTypeRecognition_DeepLearning\input\R64 files\20210923\P2H2\beta\beta16_16.R64,G:\My Drive\PhD\CAPTUR3D_personal\00 Progetti\CellTypeRecognition_DeepLearning\input\numpy files\1776_beta.npy
1777_beta,20210923,P2H2,1 mM,beta16,beta,G:\My Drive\PhD\CAPTUR3D_personal\00 Progetti\CellTypeRecognition_DeepLearning\input\R64 files\20210923\P2H2\beta\beta16_17.R64,G:\My Drive\PhD\CAPTUR3D_personal\00 Progetti\CellTypeRecognition_DeepLearning\input\numpy files\1777_beta.npy
1778_beta,20210923,P2H2,2 mM,beta2,beta,G:\My Drive\PhD\CAPTUR3D_personal\00 Progetti\CellTypeRecognition_DeepLearning\input\R64 files\20210923\P2H2\beta\beta2_18.R64,G:\My Drive\PhD\CAPTUR3D_personal\00 Progetti\CellTypeRecognition_DeepLearning\input\numpy files\1778_beta.npy
1779_beta,20210923,P2H2,2 mM,beta2,beta,G:\My Drive\PhD\CAPTUR3D_personal\00 Progetti\CellTypeRecognition_DeepLearning\input\R64 files\20210923\P2H2\beta\beta2_19.R64,G:\My Drive\PhD\CAPTUR3D_personal\00 Progetti\CellTypeRecognition_DeepLearning\input\numpy files\1779_beta.npy
1780_beta,20210923,P2H2,2 mM,beta2,beta,G:\My Drive\PhD\CAPTUR3D_personal\00 Progetti\CellTypeRecognition_DeepLearning\input\R64 files\20210923\P2H2\beta\beta2_20.R64,G:\My Drive\PhD\CAPTUR3D_personal\00 Progetti\CellTypeRecognition_DeepLearning\input\numpy files\1780_beta.npy
1781_beta,20210923,P2H2,2 mM,beta2,beta,G:\My Drive\PhD\CAPTUR3D_personal\00 Progetti\CellTypeRecognition_DeepLearning\input\R64 files\20210923\P2H2\beta\beta2_21.R64,G:\My Drive\PhD\CAPTUR3D_personal\00 Progetti\CellTypeRecognition_DeepLearning\input\numpy files\1781_beta.npy
1782_beta,20210923,P2H2,2 mM,beta2,beta,G:\My Drive\PhD\CAPTUR3D_personal\00 Progetti\CellTypeRecognition_DeepLearning\input\R64 files\20210923\P2H2\beta\beta2_22.R64,G:\My Drive\PhD\CAPTUR3D_personal\00 Progetti\CellTypeRecognition_DeepLearning\input\numpy files\1782_beta.npy
1783_beta,20210923,P2H2,2 mM,beta2,beta,G:\My Drive\PhD\CAPTUR3D_personal\00 Progetti\CellTypeRecognition_DeepLearning\input\R64 files\20210923\P2H2\beta\beta2_23.R64,G:\My Drive\PhD\CAPTUR3D_personal\00 Progetti\CellTypeRecognition_DeepLearning\input\numpy files\1783_beta.npy
1784_beta,20210923,P2H2,2 mM,beta2,beta,G:\My Drive\PhD\CAPTUR3D_personal\00 Progetti\CellTypeRecognition_DeepLearning\input\R64 files\20210923\P2H2\beta\beta2_24.R64,G:\My Drive\PhD\CAPTUR3D_personal\00 Progetti\CellTypeRecognition_DeepLearning\input\numpy files\1784_beta.npy
1785_beta,20210923,P2H2,2 mM,beta2,beta,G:\My Drive\PhD\CAPTUR3D_personal\00 Progetti\CellTypeRecognition_DeepLearning\input\R64 files\20210923\P2H2\beta\beta2_25.R64,G:\My Drive\PhD\CAPTUR3D_personal\00 Progetti\CellTypeRecognition_DeepLearning\input\numpy files\1785_beta.npy
1786_beta,20210923,P2H2,2 mM,beta2,beta,G:\My Drive\PhD\CAPTUR3D_personal\00 Progetti\CellTypeRecognition_DeepLearning\input\R64 files\20210923\P2H2\beta\beta2_26.R64,G:\My Drive\PhD\CAPTUR3D_personal\00 Progetti\CellTypeRecognition_DeepLearning\input\numpy files\1786_beta.npy
1787_beta,20210923,P2H2,2 mM,beta2,beta,G:\My Drive\PhD\CAPTUR3D_personal\00 Progetti\CellTypeRecognition_DeepLearning\input\R64 files\20210923\P2H2\beta\beta2_27.R64,G:\My Drive\PhD\CAPTUR3D_personal\00 Progetti\CellTypeRecognition_DeepLearning\input\numpy files\1787_beta.npy
1788_beta,20210923,P2H2,2 mM,beta2,beta,G:\My Drive\PhD\CAPTUR3D_personal\00 Progetti\CellTypeRecognition_DeepLearning\input\R64 files\20210923\P2H2\beta\beta2_28.R64,G:\My Drive\PhD\CAPTUR3D_personal\00 Progetti\CellTypeRecognition_DeepLearning\input\numpy files\1788_beta.npy
1789_beta,20210923,P2H2,2 mM,beta2,beta,G:\My Drive\PhD\CAPTUR3D_personal\00 Progetti\CellTypeRecognition_DeepLearning\input\R64 files\20210923\P2H2\beta\beta2_29.R64,G:\My Drive\PhD\CAPTUR3D_personal\00 Progetti\CellTypeRecognition_DeepLearning\input\numpy files\1789_beta.npy
1790_beta,20210923,P2H2,2 mM,beta2,beta,G:\My Drive\PhD\CAPTUR3D_personal\00 Progetti\CellTypeRecognition_DeepLearning\input\R64 files\20210923\P2H2\beta\beta2_30.R64,G:\My Drive\PhD\CAPTUR3D_personal\00 Progetti\CellTypeRecognition_DeepLearning\input\numpy files\1790_beta.npy
1791_beta,20210923,P2H2,2 mM,beta2,beta,G:\My Drive\PhD\CAPTUR3D_personal\00 Progetti\CellTypeRecognition_DeepLearning\input\R64 files\20210923\P2H2\beta\beta2_31.R64,G:\My Drive\PhD\CAPTUR3D_personal\00 Progetti\CellTypeRecognition_DeepLearning\input\numpy files\1791_beta.npy
1792_beta,20210923,P2H2,2 mM,beta2,beta,G:\My Drive\PhD\CAPTUR3D_personal\00 Progetti\CellTypeRecognition_DeepLearning\input\R64 files\20210923\P2H2\beta\beta2_32.R64,G:\My Drive\PhD\CAPTUR3D_personal\00 Progetti\CellTypeRecognition_DeepLearning\input\numpy files\1792_beta.npy
1793_beta,20210923,P2H2,2 mM,beta2,beta,G:\My Drive\PhD\CAPTUR3D_personal\00 Progetti\CellTypeRecognition_DeepLearning\input\R64 files\20210923\P2H2\beta\beta2_33.R64,G:\My Drive\PhD\CAPTUR3D_personal\00 Progetti\CellTypeRecognition_DeepLearning\input\numpy files\1793_beta.npy
1794_beta,20210923,P2H2,2 mM,beta2,beta,G:\My Drive\PhD\CAPTUR3D_personal\00 Progetti\CellTypeRecognition_DeepLearning\input\R64 files\20210923\P2H2\beta\beta2_34.R64,G:\My Drive\PhD\CAPTUR3D_personal\00 Progetti\CellTypeRecognition_DeepLearning\input\numpy files\1794_beta.npy
1795_beta,20210923,P2H2,2 mM,beta2,beta,G:\My Drive\PhD\CAPTUR3D_personal\00 Progetti\CellTypeRecognition_DeepLearning\input\R64 files\20210923\P2H2\beta\beta2_35.R64,G:\My Drive\PhD\CAPTUR3D_personal\00 Progetti\CellTypeRecognition_DeepLearning\input\numpy files\1795_beta.npy
1796_beta,20210923,P2H2,2 mM,beta2,beta,G:\My Drive\PhD\CAPTUR3D_personal\00 Progetti\CellTypeRecognition_DeepLearning\input\R64 files\20210923\P2H2\beta\beta2_36.R64,G:\My Drive\PhD\CAPTUR3D_personal\00 Progetti\CellTypeRecognition_DeepLearning\input\numpy files\1796_beta.npy
1797_beta,20210923,P2H2,2 mM,beta2,beta,G:\My Drive\PhD\CAPTUR3D_personal\00 Progetti\CellTypeRecognition_DeepLearning\input\R64 files\20210923\P2H2\beta\beta2_37.R64,G:\My Drive\PhD\CAPTUR3D_personal\00 Progetti\CellTypeRecognition_DeepLearning\input\numpy files\1797_beta.npy
1798_beta,20210923,P2H2,2 mM,beta2,beta,G:\My Drive\PhD\CAPTUR3D_personal\00 Progetti\CellTypeRecognition_DeepLearning\input\R64 files\20210923\P2H2\beta\beta2_38.R64,G:\My Drive\PhD\CAPTUR3D_personal\00 Progetti\CellTypeRecognition_DeepLearning\input\numpy files\1798_beta.npy
1799_beta,20210923,P2H2,2 mM,beta2,beta,G:\My Drive\PhD\CAPTUR3D_personal\00 Progetti\CellTypeRecognition_DeepLearning\input\R64 files\20210923\P2H2\beta\beta2_39.R64,G:\My Drive\PhD\CAPTUR3D_personal\00 Progetti\CellTypeRecognition_DeepLearning\input\numpy files\1799_beta.npy
1800_beta,20210923,P2H2,2 mM,beta2,beta,G:\My Drive\PhD\CAPTUR3D_personal\00 Progetti\CellTypeRecognition_DeepLearning\input\R64 files\20210923\P2H2\beta\beta2_40.R64,G:\My Drive\PhD\CAPTUR3D_personal\00 Progetti\CellTypeRecognition_DeepLearning\input\numpy files\1800_beta.npy
1801_beta,20210923,P2H2,2 mM,beta2,beta,G:\My Drive\PhD\CAPTUR3D_personal\00 Progetti\CellTypeRecognition_DeepLearning\input\R64 files\20210923\P2H2\beta\beta2_41.R64,G:\My Drive\PhD\CAPTUR3D_personal\00 Progetti\CellTypeRecognition_DeepLearning\input\numpy files\1801_beta.npy
1802_beta,20210923,P2H2,2 mM,beta2,beta,G:\My Drive\PhD\CAPTUR3D_personal\00 Progetti\CellTypeRecognition_DeepLearning\input\R64 files\20210923\P2H2\beta\beta2_42.R64,G:\My Drive\PhD\CAPTUR3D_personal\00 Progetti\CellTypeRecognition_DeepLearning\input\numpy files\1802_beta.npy
1803_beta,20210923,P2H2,2 mM,beta2,beta,G:\My Drive\PhD\CAPTUR3D_personal\00 Progetti\CellTypeRecognition_DeepLearning\input\R64 files\20210923\P2H2\beta\beta2_43.R64,G:\My Drive\PhD\CAPTUR3D_personal\00 Progetti\CellTypeRecognition_DeepLearning\input\numpy files\1803_beta.npy
1804_beta,20210923,P2H2,2 mM,beta2,beta,G:\My Drive\PhD\CAPTUR3D_personal\00 Progetti\CellTypeRecognition_DeepLearning\input\R64 files\20210923\P2H2\beta\beta2_44.R64,G:\My Drive\PhD\CAPTUR3D_personal\00 Progetti\CellTypeRecognition_DeepLearning\input\numpy files\1804_beta.npy
1805_beta,20210923,P2H2,2 mM,beta2,beta,G:\My Drive\PhD\CAPTUR3D_personal\00 Progetti\CellTypeRecognition_DeepLearning\input\R64 files\20210923\P2H2\beta\beta2_45.R64,G:\My Drive\PhD\CAPTUR3D_personal\00 Progetti\CellTypeRecognition_DeepLearning\input\numpy files\1805_beta.npy
1806_beta,20210923,P2H2,2 mM,beta2,beta,G:\My Drive\PhD\CAPTUR3D_personal\00 Progetti\CellTypeRecognition_DeepLearning\input\R64 files\20210923\P2H2\beta\beta2_46.R64,G:\My Drive\PhD\CAPTUR3D_personal\00 Progetti\CellTypeRecognition_DeepLearning\input\numpy files\1806_beta.npy
1807_beta,20210923,P2H2,2 mM,beta2,beta,G:\My Drive\PhD\CAPTUR3D_personal\00 Progetti\CellTypeRecognition_DeepLearning\input\R64 files\20210923\P2H2\beta\beta2_47.R64,G:\My Drive\PhD\CAPTUR3D_personal\00 Progetti\CellTypeRecognition_DeepLearning\input\numpy files\1807_beta.npy
1808_beta,20210923,P2H2,2 mM,beta2,beta,G:\My Drive\PhD\CAPTUR3D_personal\00 Progetti\CellTypeRecognition_DeepLearning\input\R64 files\20210923\P2H2\beta\beta2_48.R64,G:\My Drive\PhD\CAPTUR3D_personal\00 Progetti\CellTypeRecognition_DeepLearning\input\numpy files\1808_beta.npy
1809_beta,20210923,P2H2,2 mM,beta2,beta,G:\My Drive\PhD\CAPTUR3D_personal\00 Progetti\CellTypeRecognition_DeepLearning\input\R64 files\20210923\P2H2\beta\beta2_49.R64,G:\My Drive\PhD\CAPTUR3D_personal\00 Progetti\CellTypeRecognition_DeepLearning\input\numpy files\1809_beta.npy
1810_beta,20210923,P2H2,1 mM,beta16,beta,G:\My Drive\PhD\CAPTUR3D_personal\00 Progetti\CellTypeRecognition_DeepLearning\input\R64 files\20210923\P2H2\beta\beta16_18.R64,G:\My Drive\PhD\CAPTUR3D_personal\00 Progetti\CellTypeRecognition_DeepLearning\input\numpy files\1810_beta.npy
1811_beta,20210923,P2H2,1 mM,beta16,beta,G:\My Drive\PhD\CAPTUR3D_personal\00 Progetti\CellTypeRecognition_DeepLearning\input\R64 files\20210923\P2H2\beta\beta16_19.R64,G:\My Drive\PhD\CAPTUR3D_personal\00 Progetti\CellTypeRecognition_DeepLearning\input\numpy files\1811_beta.npy
1812_beta,20210923,P2H2,1 mM,beta16,beta,G:\My Drive\PhD\CAPTUR3D_personal\00 Progetti\CellTypeRecognition_DeepLearning\input\R64 files\20210923\P2H2\beta\beta16_20.R64,G:\My Drive\PhD\CAPTUR3D_personal\00 Progetti\CellTypeRecognition_DeepLearning\input\numpy files\1812_beta.npy
1813_beta,20210923,P2H2,1 mM,beta16,beta,G:\My Drive\PhD\CAPTUR3D_personal\00 Progetti\CellTypeRecognition_DeepLearning\input\R64 files\20210923\P2H2\beta\beta16_21.R64,G:\My Drive\PhD\CAPTUR3D_personal\00 Progetti\CellTypeRecognition_DeepLearning\input\numpy files\1813_beta.npy
1814_beta,20210923,P2H2,1 mM,beta16,beta,G:\My Drive\PhD\CAPTUR3D_personal\00 Progetti\CellTypeRecognition_DeepLearning\input\R64 files\20210923\P2H2\beta\beta16_22.R64,G:\My Drive\PhD\CAPTUR3D_personal\00 Progetti\CellTypeRecognition_DeepLearning\input\numpy files\1814_beta.npy
1815_beta,20210923,P2H2,1 mM,beta16,beta,G:\My Drive\PhD\CAPTUR3D_personal\00 Progetti\CellTypeRecognition_DeepLearning\input\R64 files\20210923\P2H2\beta\beta16_23.R64,G:\My Drive\PhD\CAPTUR3D_personal\00 Progetti\CellTypeRecognition_DeepLearning\input\numpy files\1815_beta.npy
1816_beta,20210923,P2H2,1 mM,beta16,beta,G:\My Drive\PhD\CAPTUR3D_personal\00 Progetti\CellTypeRecognition_DeepLearning\input\R64 files\20210923\P2H2\beta\beta16_24.R64,G:\My Drive\PhD\CAPTUR3D_personal\00 Progetti\CellTypeRecognition_DeepLearning\input\numpy files\1816_beta.npy
1817_beta,20210923,P2H2,1 mM,beta16,beta,G:\My Drive\PhD\CAPTUR3D_personal\00 Progetti\CellTypeRecognition_DeepLearning\input\R64 files\20210923\P2H2\beta\beta16_25.R64,G:\My Drive\PhD\CAPTUR3D_personal\00 Progetti\CellTypeRecognition_DeepLearning\input\numpy files\1817_beta.npy
1818_beta,20210923,P2H2,1 mM,beta16,beta,G:\My Drive\PhD\CAPTUR3D_personal\00 Progetti\CellTypeRecognition_DeepLearning\input\R64 files\20210923\P2H2\beta\beta16_26.R64,G:\My Drive\PhD\CAPTUR3D_personal\00 Progetti\CellTypeRecognition_DeepLearning\input\numpy files\1818_beta.npy
1819_beta,20210923,P2H2,1 mM,beta16,beta,G:\My Drive\PhD\CAPTUR3D_personal\00 Progetti\CellTypeRecognition_DeepLearning\input\R64 files\20210923\P2H2\beta\beta16_27.R64,G:\My Drive\PhD\CAPTUR3D_personal\00 Progetti\CellTypeRecognition_DeepLearning\input\numpy files\1819_beta.npy
1820_beta,20210923,P2H2,1 mM,beta16,beta,G:\My Drive\PhD\CAPTUR3D_personal\00 Progetti\CellTypeRecognition_DeepLearning\input\R64 files\20210923\P2H2\beta\beta16_28.R64,G:\My Drive\PhD\CAPTUR3D_personal\00 Progetti\CellTypeRecognition_DeepLearning\input\numpy files\1820_beta.npy
1821_beta,20210923,P2H2,1 mM,beta16,beta,G:\My Drive\PhD\CAPTUR3D_personal\00 Progetti\CellTypeRecognition_DeepLearning\input\R64 files\20210923\P2H2\beta\beta16_29.R64,G:\My Drive\PhD\CAPTUR3D_personal\00 Progetti\CellTypeRecognition_DeepLearning\input\numpy files\1821_beta.npy
1822_beta,20210923,P2H2,1 mM,beta16,beta,G:\My Drive\PhD\CAPTUR3D_personal\00 Progetti\CellTypeRecognition_DeepLearning\input\R64 files\20210923\P2H2\beta\beta16_30.R64,G:\My Drive\PhD\CAPTUR3D_personal\00 Progetti\CellTypeRecognition_DeepLearning\input\numpy files\1822_beta.npy
1823_beta,20210923,P2H2,1 mM,beta16,beta,G:\My Drive\PhD\CAPTUR3D_personal\00 Progetti\CellTypeRecognition_DeepLearning\input\R64 files\20210923\P2H2\beta\beta16_31.R64,G:\My Drive\PhD\CAPTUR3D_personal\00 Progetti\CellTypeRecognition_DeepLearning\input\numpy files\1823_beta.npy
1824_beta,20210923,P2H2,1 mM,beta16,beta,G:\My Drive\PhD\CAPTUR3D_personal\00 Progetti\CellTypeRecognition_DeepLearning\input\R64 files\20210923\P2H2\beta\beta16_32.R64,G:\My Drive\PhD\CAPTUR3D_personal\00 Progetti\CellTypeRecognition_DeepLearning\input\numpy files\1824_beta.npy
1825_beta,20210923,P2H2,1 mM,beta16,beta,G:\My Drive\PhD\CAPTUR3D_personal\00 Progetti\CellTypeRecognition_DeepLearning\input\R64 files\20210923\P2H2\beta\beta16_33.R64,G:\My Drive\PhD\CAPTUR3D_personal\00 Progetti\CellTypeRecognition_DeepLearning\input\numpy files\1825_beta.npy
1826_beta,20210923,P2H2,1 mM,beta16,beta,G:\My Drive\PhD\CAPTUR3D_personal\00 Progetti\CellTypeRecognition_DeepLearning\input\R64 files\20210923\P2H2\beta\beta16_34.R64,G:\My Drive\PhD\CAPTUR3D_personal\00 Progetti\CellTypeRecognition_DeepLearning\input\numpy files\1826_beta.npy
1827_beta,20210923,P2H2,1 mM,beta16,beta,G:\My Drive\PhD\CAPTUR3D_personal\00 Progetti\CellTypeRecognition_DeepLearning\input\R64 files\20210923\P2H2\beta\beta16_35.R64,G:\My Drive\PhD\CAPTUR3D_personal\00 Progetti\CellTypeRecognition_DeepLearning\input\numpy files\1827_beta.npy
1828_beta,20210923,P2H2,1 mM,beta16,beta,G:\My Drive\PhD\CAPTUR3D_personal\00 Progetti\CellTypeRecognition_DeepLearning\input\R64 files\20210923\P2H2\beta\beta16_36.R64,G:\My Drive\PhD\CAPTUR3D_personal\00 Progetti\CellTypeRecognition_DeepLearning\input\numpy files\1828_beta.npy
1829_beta,20210923,P2H2,1 mM,beta16,beta,G:\My Drive\PhD\CAPTUR3D_personal\00 Progetti\CellTypeRecognition_DeepLearning\input\R64 files\20210923\P2H2\beta\beta16_37.R64,G:\My Drive\PhD\CAPTUR3D_personal\00 Progetti\CellTypeRecognition_DeepLearning\input\numpy files\1829_beta.npy
1830_beta,20210923,P2H2,1 mM,beta16,beta,G:\My Drive\PhD\CAPTUR3D_personal\00 Progetti\CellTypeRecognition_DeepLearning\input\R64 files\20210923\P2H2\beta\beta16_38.R64,G:\My Drive\PhD\CAPTUR3D_personal\00 Progetti\CellTypeRecognition_DeepLearning\input\numpy files\1830_beta.npy
1831_beta,20210923,P2H2,1 mM,beta16,beta,G:\My Drive\PhD\CAPTUR3D_personal\00 Progetti\CellTypeRecognition_DeepLearning\input\R64 files\20210923\P2H2\beta\beta16_39.R64,G:\My Drive\PhD\CAPTUR3D_personal\00 Progetti\CellTypeRecognition_DeepLearning\input\numpy files\1831_beta.npy
1832_beta,20210923,P2H2,1 mM,beta16,beta,G:\My Drive\PhD\CAPTUR3D_personal\00 Progetti\CellTypeRecognition_DeepLearning\input\R64 files\20210923\P2H2\beta\beta16_40.R64,G:\My Drive\PhD\CAPTUR3D_personal\00 Progetti\CellTypeRecognition_DeepLearning\input\numpy files\1832_beta.npy
1833_beta,20210923,P2H2,1 mM,beta16,beta,G:\My Drive\PhD\CAPTUR3D_personal\00 Progetti\CellTypeRecognition_DeepLearning\input\R64 files\20210923\P2H2\beta\beta16_41.R64,G:\My Drive\PhD\CAPTUR3D_personal\00 Progetti\CellTypeRecognition_DeepLearning\input\numpy files\1833_beta.npy
1834_beta,20210923,P2H2,1 mM,beta16,beta,G:\My Drive\PhD\CAPTUR3D_personal\00 Progetti\CellTypeRecognition_DeepLearning\input\R64 files\20210923\P2H2\beta\beta16_42.R64,G:\My Drive\PhD\CAPTUR3D_personal\00 Progetti\CellTypeRecognition_DeepLearning\input\numpy files\1834_beta.npy
1835_beta,20210923,P2H2,1 mM,beta16,beta,G:\My Drive\PhD\CAPTUR3D_personal\00 Progetti\CellTypeRecognition_DeepLearning\input\R64 files\20210923\P2H2\beta\beta16_43.R64,G:\My Drive\PhD\CAPTUR3D_personal\00 Progetti\CellTypeRecognition_DeepLearning\input\numpy files\1835_beta.npy
1836_beta,20210923,P2H2,1 mM,beta16,beta,G:\My Drive\PhD\CAPTUR3D_personal\00 Progetti\CellTypeRecognition_DeepLearning\input\R64 files\20210923\P2H2\beta\beta16_44.R64,G:\My Drive\PhD\CAPTUR3D_personal\00 Progetti\CellTypeRecognition_DeepLearning\input\numpy files\1836_beta.npy
1837_beta,20210923,P2H2,1 mM,beta16,beta,G:\My Drive\PhD\CAPTUR3D_personal\00 Progetti\CellTypeRecognition_DeepLearning\input\R64 files\20210923\P2H2\beta\beta16_45.R64,G:\My Drive\PhD\CAPTUR3D_personal\00 Progetti\CellTypeRecognition_DeepLearning\input\numpy files\1837_beta.npy
1838_beta,20210923,P2H2,1 mM,beta16,beta,G:\My Drive\PhD\CAPTUR3D_personal\00 Progetti\CellTypeRecognition_DeepLearning\input\R64 files\20210923\P2H2\beta\beta16_46.R64,G:\My Drive\PhD\CAPTUR3D_personal\00 Progetti\CellTypeRecognition_DeepLearning\input\numpy files\1838_beta.npy
1839_beta,20210923,P2H2,1 mM,beta16,beta,G:\My Drive\PhD\CAPTUR3D_personal\00 Progetti\CellTypeRecognition_DeepLearning\input\R64 files\20210923\P2H2\beta\beta16_47.R64,G:\My Drive\PhD\CAPTUR3D_personal\00 Progetti\CellTypeRecognition_DeepLearning\input\numpy files\1839_beta.npy
1840_beta,20210923,P2H2,1 mM,beta16,beta,G:\My Drive\PhD\CAPTUR3D_personal\00 Progetti\CellTypeRecognition_DeepLearning\input\R64 files\20210923\P2H2\beta\beta16_48.R64,G:\My Drive\PhD\CAPTUR3D_personal\00 Progetti\CellTypeRecognition_DeepLearning\input\numpy files\1840_beta.npy
1841_beta,20210923,P2H2,1 mM,beta16,beta,G:\My Drive\PhD\CAPTUR3D_personal\00 Progetti\CellTypeRecognition_DeepLearning\input\R64 files\20210923\P2H2\beta\beta16_49.R64,G:\My Drive\PhD\CAPTUR3D_personal\00 Progetti\CellTypeRecognition_DeepLearning\input\numpy files\1841_beta.npy
1842_alpha,20210923,P2H2,2 mM,alpha2,alpha,G:\My Drive\PhD\CAPTUR3D_personal\00 Progetti\CellTypeRecognition_DeepLearning\input\R64 files\20210923\P2H2\alpha\alpha2_1.R64,G:\My Drive\PhD\CAPTUR3D_personal\00 Progetti\CellTypeRecognition_DeepLearning\input\numpy files\1842_alpha.npy
1843_alpha,20210923,P2H2,2 mM,alpha2,alpha,G:\My Drive\PhD\CAPTUR3D_personal\00 Progetti\CellTypeRecognition_DeepLearning\input\R64 files\20210923\P2H2\alpha\alpha2_2.R64,G:\My Drive\PhD\CAPTUR3D_personal\00 Progetti\CellTypeRecognition_DeepLearning\input\numpy files\1843_alpha.npy
1844_alpha,20210923,P2H2,2 mM,alpha2,alpha,G:\My Drive\PhD\CAPTUR3D_personal\00 Progetti\CellTypeRecognition_DeepLearning\input\R64 files\20210923\P2H2\alpha\alpha2_3.R64,G:\My Drive\PhD\CAPTUR3D_personal\00 Progetti\CellTypeRecognition_DeepLearning\input\numpy files\1844_alpha.npy
1845_alpha,20210923,P2H2,2 mM,alpha2,alpha,G:\My Drive\PhD\CAPTUR3D_personal\00 Progetti\CellTypeRecognition_DeepLearning\input\R64 files\20210923\P2H2\alpha\alpha2_4.R64,G:\My Drive\PhD\CAPTUR3D_personal\00 Progetti\CellTypeRecognition_DeepLearning\input\numpy files\1845_alpha.npy
1846_alpha,20210923,P2H2,2 mM,alpha2,alpha,G:\My Drive\PhD\CAPTUR3D_personal\00 Progetti\CellTypeRecognition_DeepLearning\input\R64 files\20210923\P2H2\alpha\alpha2_5.R64,G:\My Drive\PhD\CAPTUR3D_personal\00 Progetti\CellTypeRecognition_DeepLearning\input\numpy files\1846_alpha.npy
1847_alpha,20210923,P2H2,2 mM,alpha2,alpha,G:\My Drive\PhD\CAPTUR3D_personal\00 Progetti\CellTypeRecognition_DeepLearning\input\R64 files\20210923\P2H2\alpha\alpha2_6.R64,G:\My Drive\PhD\CAPTUR3D_personal\00 Progetti\CellTypeRecognition_DeepLearning\input\numpy files\1847_alpha.npy
1848_alpha,20210923,P2H2,1 mM,alpha16,alpha,G:\My Drive\PhD\CAPTUR3D_personal\00 Progetti\CellTypeRecognition_DeepLearning\input\R64 files\20210923\P2H2\alpha\alpha16_1.R64,G:\My Drive\PhD\CAPTUR3D_personal\00 Progetti\CellTypeRecognition_DeepLearning\input\numpy files\1848_alpha.npy
1849_alpha,20210923,P2H2,1 mM,alpha16,alpha,G:\My Drive\PhD\CAPTUR3D_personal\00 Progetti\CellTypeRecognition_DeepLearning\input\R64 files\20210923\P2H2\alpha\alpha16_2.R64,G:\My Drive\PhD\CAPTUR3D_personal\00 Progetti\CellTypeRecognition_DeepLearning\input\numpy files\1849_alpha.npy
1850_alpha,20210923,P2H2,1 mM,alpha16,alpha,G:\My Drive\PhD\CAPTUR3D_personal\00 Progetti\CellTypeRecognition_DeepLearning\input\R64 files\20210923\P2H2\alpha\alpha16_3.R64,G:\My Drive\PhD\CAPTUR3D_personal\00 Progetti\CellTypeRecognition_DeepLearning\input\numpy files\1850_alpha.npy
1851_alpha,20210923,P2H2,1 mM,alpha16,alpha,G:\My Drive\PhD\CAPTUR3D_personal\00 Progetti\CellTypeRecognition_DeepLearning\input\R64 files\20210923\P2H2\alpha\alpha16_4.R64,G:\My Drive\PhD\CAPTUR3D_personal\00 Progetti\CellTypeRecognition_DeepLearning\input\numpy files\1851_alpha.npy
1852_alpha,20210923,P2H2,1 mM,alpha16,alpha,G:\My Drive\PhD\CAPTUR3D_personal\00 Progetti\CellTypeRecognition_DeepLearning\input\R64 files\20210923\P2H2\alpha\alpha16_5.R64,G:\My Drive\PhD\CAPTUR3D_personal\00 Progetti\CellTypeRecognition_DeepLearning\input\numpy files\1852_alpha.npy
1853_alpha,20210923,P2H2,1 mM,alpha16,alpha,G:\My Drive\PhD\CAPTUR3D_personal\00 Progetti\CellTypeRecognition_DeepLearning\input\R64 files\20210923\P2H2\alpha\alpha16_6.R64,G:\My Drive\PhD\CAPTUR3D_personal\00 Progetti\CellTypeRecognition_DeepLearning\input\numpy files\1853_alpha.npy
1854_alpha,20210923,P2H2,2 mM,alpha2,alpha,G:\My Drive\PhD\CAPTUR3D_personal\00 Progetti\CellTypeRecognition_DeepLearning\input\R64 files\20210923\P2H2\alpha\alpha2_7.R64,G:\My Drive\PhD\CAPTUR3D_personal\00 Progetti\CellTypeRecognition_DeepLearning\input\numpy files\1854_alpha.npy
1855_alpha,20210923,P2H2,2 mM,alpha2,alpha,G:\My Drive\PhD\CAPTUR3D_personal\00 Progetti\CellTypeRecognition_DeepLearning\input\R64 files\20210923\P2H2\alpha\alpha2_8.R64,G:\My Drive\PhD\CAPTUR3D_personal\00 Progetti\CellTypeRecognition_DeepLearning\input\numpy files\1855_alpha.npy
1856_alpha,20210923,P2H2,2 mM,alpha2,alpha,G:\My Drive\PhD\CAPTUR3D_personal\00 Progetti\CellTypeRecognition_DeepLearning\input\R64 files\20210923\P2H2\alpha\alpha2_9.R64,G:\My Drive\PhD\CAPTUR3D_personal\00 Progetti\CellTypeRecognition_DeepLearning\input\numpy files\1856_alpha.npy
1857_alpha,20210923,P2H2,2 mM,alpha2,alpha,G:\My Drive\PhD\CAPTUR3D_personal\00 Progetti\CellTypeRecognition_DeepLearning\input\R64 files\20210923\P2H2\alpha\alpha2_10.R64,G:\My Drive\PhD\CAPTUR3D_personal\00 Progetti\CellTypeRecognition_DeepLearning\input\numpy files\1857_alpha.npy
1858_alpha,20210923,P2H2,1 mM,alpha16,alpha,G:\My Drive\PhD\CAPTUR3D_personal\00 Progetti\CellTypeRecognition_DeepLearning\input\R64 files\20210923\P2H2\alpha\alpha16_7.R64,G:\My Drive\PhD\CAPTUR3D_personal\00 Progetti\CellTypeRecognition_DeepLearning\input\numpy files\1858_alpha.npy
1859_alpha,20210923,P2H2,1 mM,alpha16,alpha,G:\My Drive\PhD\CAPTUR3D_personal\00 Progetti\CellTypeRecognition_DeepLearning\input\R64 files\20210923\P2H2\alpha\alpha16_8.R64,G:\My Drive\PhD\CAPTUR3D_personal\00 Progetti\CellTypeRecognition_DeepLearning\input\numpy files\1859_alpha.npy
1860_alpha,20210923,P2H2,1 mM,alpha16,alpha,G:\My Drive\PhD\CAPTUR3D_personal\00 Progetti\CellTypeRecognition_DeepLearning\input\R64 files\20210923\P2H2\alpha\alpha16_9.R64,G:\My Drive\PhD\CAPTUR3D_personal\00 Progetti\CellTypeRecognition_DeepLearning\input\numpy files\1860_alpha.npy
1861_alpha,20210923,P2H2,1 mM,alpha16,alpha,G:\My Drive\PhD\CAPTUR3D_personal\00 Progetti\CellTypeRecognition_DeepLearning\input\R64 files\20210923\P2H2\alpha\alpha16_10.R64,G:\My Drive\PhD\CAPTUR3D_personal\00 Progetti\CellTypeRecognition_DeepLearning\input\numpy files\1861_alpha.npy
1862_beta,20210923,P2H3,2 mM,beta2,beta,G:\My Drive\PhD\CAPTUR3D_personal\00 Progetti\CellTypeRecognition_DeepLearning\input\R64 files\20210923\P2H3\beta\beta2_1.R64,G:\My Drive\PhD\CAPTUR3D_personal\00 Progetti\CellTypeRecognition_DeepLearning\input\numpy files\1862_beta.npy
1863_beta,20210923,P2H3,2 mM,beta2,beta,G:\My Drive\PhD\CAPTUR3D_personal\00 Progetti\CellTypeRecognition_DeepLearning\input\R64 files\20210923\P2H3\beta\beta2_2.R64,G:\My Drive\PhD\CAPTUR3D_personal\00 Progetti\CellTypeRecognition_DeepLearning\input\numpy files\1863_beta.npy
1864_beta,20210923,P2H3,2 mM,beta2,beta,G:\My Drive\PhD\CAPTUR3D_personal\00 Progetti\CellTypeRecognition_DeepLearning\input\R64 files\20210923\P2H3\beta\beta2_3.R64,G:\My Drive\PhD\CAPTUR3D_personal\00 Progetti\CellTypeRecognition_DeepLearning\input\numpy files\1864_beta.npy
1865_beta,20210923,P2H3,2 mM,beta2,beta,G:\My Drive\PhD\CAPTUR3D_personal\00 Progetti\CellTypeRecognition_DeepLearning\input\R64 files\20210923\P2H3\beta\beta2_4.R64,G:\My Drive\PhD\CAPTUR3D_personal\00 Progetti\CellTypeRecognition_DeepLearning\input\numpy files\1865_beta.npy
1866_beta,20210923,P2H3,2 mM,beta2,beta,G:\My Drive\PhD\CAPTUR3D_personal\00 Progetti\CellTypeRecognition_DeepLearning\input\R64 files\20210923\P2H3\beta\beta2_5.R64,G:\My Drive\PhD\CAPTUR3D_personal\00 Progetti\CellTypeRecognition_DeepLearning\input\numpy files\1866_beta.npy
1867_beta,20210923,P2H3,2 mM,beta2,beta,G:\My Drive\PhD\CAPTUR3D_personal\00 Progetti\CellTypeRecognition_DeepLearning\input\R64 files\20210923\P2H3\beta\beta2_6.R64,G:\My Drive\PhD\CAPTUR3D_personal\00 Progetti\CellTypeRecognition_DeepLearning\input\numpy files\1867_beta.npy
1868_beta,20210923,P2H3,2 mM,beta2,beta,G:\My Drive\PhD\CAPTUR3D_personal\00 Progetti\CellTypeRecognition_DeepLearning\input\R64 files\20210923\P2H3\beta\beta2_7.R64,G:\My Drive\PhD\CAPTUR3D_personal\00 Progetti\CellTypeRecognition_DeepLearning\input\numpy files\1868_beta.npy
1869_beta,20210923,P2H3,2 mM,beta2,beta,G:\My Drive\PhD\CAPTUR3D_personal\00 Progetti\CellTypeRecognition_DeepLearning\input\R64 files\20210923\P2H3\beta\beta2_8.R64,G:\My Drive\PhD\CAPTUR3D_personal\00 Progetti\CellTypeRecognition_DeepLearning\input\numpy files\1869_beta.npy
1870_beta,20210923,P2H3,2 mM,beta2,beta,G:\My Drive\PhD\CAPTUR3D_personal\00 Progetti\CellTypeRecognition_DeepLearning\input\R64 files\20210923\P2H3\beta\beta2_9.R64,G:\My Drive\PhD\CAPTUR3D_personal\00 Progetti\CellTypeRecognition_DeepLearning\input\numpy files\1870_beta.npy
1871_beta,20210923,P2H3,2 mM,beta2,beta,G:\My Drive\PhD\CAPTUR3D_personal\00 Progetti\CellTypeRecognition_DeepLearning\input\R64 files\20210923\P2H3\beta\beta2_10.R64,G:\My Drive\PhD\CAPTUR3D_personal\00 Progetti\CellTypeRecognition_DeepLearning\input\numpy files\1871_beta.npy
1872_beta,20210923,P2H3,2 mM,beta2,beta,G:\My Drive\PhD\CAPTUR3D_personal\00 Progetti\CellTypeRecognition_DeepLearning\input\R64 files\20210923\P2H3\beta\beta2_11.R64,G:\My Drive\PhD\CAPTUR3D_personal\00 Progetti\CellTypeRecognition_DeepLearning\input\numpy files\1872_beta.npy
1873_beta,20210923,P2H3,2 mM,beta2,beta,G:\My Drive\PhD\CAPTUR3D_personal\00 Progetti\CellTypeRecognition_DeepLearning\input\R64 files\20210923\P2H3\beta\beta2_12.R64,G:\My Drive\PhD\CAPTUR3D_personal\00 Progetti\CellTypeRecognition_DeepLearning\input\numpy files\1873_beta.npy
1874_beta,20210923,P2H3,2 mM,beta2,beta,G:\My Drive\PhD\CAPTUR3D_personal\00 Progetti\CellTypeRecognition_DeepLearning\input\R64 files\20210923\P2H3\beta\beta2_13.R64,G:\My Drive\PhD\CAPTUR3D_personal\00 Progetti\CellTypeRecognition_DeepLearning\input\numpy files\1874_beta.npy
1875_beta,20210923,P2H3,2 mM,beta2,beta,G:\My Drive\PhD\CAPTUR3D_personal\00 Progetti\CellTypeRecognition_DeepLearning\input\R64 files\20210923\P2H3\beta\beta2_14.R64,G:\My Drive\PhD\CAPTUR3D_personal\00 Progetti\CellTypeRecognition_DeepLearning\input\numpy files\1875_beta.npy
1876_beta,20210923,P2H3,2 mM,beta2,beta,G:\My Drive\PhD\CAPTUR3D_personal\00 Progetti\CellTypeRecognition_DeepLearning\input\R64 files\20210923\P2H3\beta\beta2_15.R64,G:\My Drive\PhD\CAPTUR3D_personal\00 Progetti\CellTypeRecognition_DeepLearning\input\numpy files\1876_beta.npy
1877_beta,20210923,P2H3,2 mM,beta2,beta,G:\My Drive\PhD\CAPTUR3D_personal\00 Progetti\CellTypeRecognition_DeepLearning\input\R64 files\20210923\P2H3\beta\beta2_16.R64,G:\My Drive\PhD\CAPTUR3D_personal\00 Progetti\CellTypeRecognition_DeepLearning\input\numpy files\1877_beta.npy
1878_beta,20210923,P2H3,2 mM,beta2,beta,G:\My Drive\PhD\CAPTUR3D_personal\00 Progetti\CellTypeRecognition_DeepLearning\input\R64 files\20210923\P2H3\beta\beta2_17.R64,G:\My Drive\PhD\CAPTUR3D_personal\00 Progetti\CellTypeRecognition_DeepLearning\input\numpy files\1878_beta.npy
1879_beta,20210923,P2H3,2 mM,beta2,beta,G:\My Drive\PhD\CAPTUR3D_personal\00 Progetti\CellTypeRecognition_DeepLearning\input\R64 files\20210923\P2H3\beta\beta2_18.R64,G:\My Drive\PhD\CAPTUR3D_personal\00 Progetti\CellTypeRecognition_DeepLearning\input\numpy files\1879_beta.npy
1880_beta,20210923,P2H3,2 mM,beta2,beta,G:\My Drive\PhD\CAPTUR3D_personal\00 Progetti\CellTypeRecognition_DeepLearning\input\R64 files\20210923\P2H3\beta\beta2_19.R64,G:\My Drive\PhD\CAPTUR3D_personal\00 Progetti\CellTypeRecognition_DeepLearning\input\numpy files\1880_beta.npy
1881_beta,20210923,P2H3,2 mM,beta2,beta,G:\My Drive\PhD\CAPTUR3D_personal\00 Progetti\CellTypeRecognition_DeepLearning\input\R64 files\20210923\P2H3\beta\beta2_20.R64,G:\My Drive\PhD\CAPTUR3D_personal\00 Progetti\CellTypeRecognition_DeepLearning\input\numpy files\1881_beta.npy
1882_beta,20210923,P2H3,2 mM,beta2,beta,G:\My Drive\PhD\CAPTUR3D_personal\00 Progetti\CellTypeRecognition_DeepLearning\input\R64 files\20210923\P2H3\beta\beta2_21.R64,G:\My Drive\PhD\CAPTUR3D_personal\00 Progetti\CellTypeRecognition_DeepLearning\input\numpy files\1882_beta.npy
1883_beta,20210923,P2H3,2 mM,beta2,beta,G:\My Drive\PhD\CAPTUR3D_personal\00 Progetti\CellTypeRecognition_DeepLearning\input\R64 files\20210923\P2H3\beta\beta2_22.R64,G:\My Drive\PhD\CAPTUR3D_personal\00 Progetti\CellTypeRecognition_DeepLearning\input\numpy files\1883_beta.npy
1884_beta,20210923,P2H3,2 mM,beta2,beta,G:\My Drive\PhD\CAPTUR3D_personal\00 Progetti\CellTypeRecognition_DeepLearning\input\R64 files\20210923\P2H3\beta\beta2_23.R64,G:\My Drive\PhD\CAPTUR3D_personal\00 Progetti\CellTypeRecognition_DeepLearning\input\numpy files\1884_beta.npy
1885_beta,20210923,P2H3,2 mM,beta2,beta,G:\My Drive\PhD\CAPTUR3D_personal\00 Progetti\CellTypeRecognition_DeepLearning\input\R64 files\20210923\P2H3\beta\beta2_24.R64,G:\My Drive\PhD\CAPTUR3D_personal\00 Progetti\CellTypeRecognition_DeepLearning\input\numpy files\1885_beta.npy
1886_beta,20210923,P2H3,2 mM,beta2,beta,G:\My Drive\PhD\CAPTUR3D_personal\00 Progetti\CellTypeRecognition_DeepLearning\input\R64 files\20210923\P2H3\beta\beta2_25.R64,G:\My Drive\PhD\CAPTUR3D_personal\00 Progetti\CellTypeRecognition_DeepLearning\input\numpy files\1886_beta.npy
1887_beta,20210923,P2H3,2 mM,beta2,beta,G:\My Drive\PhD\CAPTUR3D_personal\00 Progetti\CellTypeRecognition_DeepLearning\input\R64 files\20210923\P2H3\beta\beta2_26.R64,G:\My Drive\PhD\CAPTUR3D_personal\00 Progetti\CellTypeRecognition_DeepLearning\input\numpy files\1887_beta.npy
1888_beta,20210923,P2H3,2 mM,beta2,beta,G:\My Drive\PhD\CAPTUR3D_personal\00 Progetti\CellTypeRecognition_DeepLearning\input\R64 files\20210923\P2H3\beta\beta2_27.R64,G:\My Drive\PhD\CAPTUR3D_personal\00 Progetti\CellTypeRecognition_DeepLearning\input\numpy files\1888_beta.npy
1889_beta,20210923,P2H3,1 mM,beta16,beta,G:\My Drive\PhD\CAPTUR3D_personal\00 Progetti\CellTypeRecognition_DeepLearning\input\R64 files\20210923\P2H3\beta\beta16_1.R64,G:\My Drive\PhD\CAPTUR3D_personal\00 Progetti\CellTypeRecognition_DeepLearning\input\numpy files\1889_beta.npy
1890_beta,20210923,P2H3,1 mM,beta16,beta,G:\My Drive\PhD\CAPTUR3D_personal\00 Progetti\CellTypeRecognition_DeepLearning\input\R64 files\20210923\P2H3\beta\beta16_2.R64,G:\My Drive\PhD\CAPTUR3D_personal\00 Progetti\CellTypeRecognition_DeepLearning\input\numpy files\1890_beta.npy
1891_beta,20210923,P2H3,1 mM,beta16,beta,G:\My Drive\PhD\CAPTUR3D_personal\00 Progetti\CellTypeRecognition_DeepLearning\input\R64 files\20210923\P2H3\beta\beta16_3.R64,G:\My Drive\PhD\CAPTUR3D_personal\00 Progetti\CellTypeRecognition_DeepLearning\input\numpy files\1891_beta.npy
1892_beta,20210923,P2H3,1 mM,beta16,beta,G:\My Drive\PhD\CAPTUR3D_personal\00 Progetti\CellTypeRecognition_DeepLearning\input\R64 files\20210923\P2H3\beta\beta16_4.R64,G:\My Drive\PhD\CAPTUR3D_personal\00 Progetti\CellTypeRecognition_DeepLearning\input\numpy files\1892_beta.npy
1893_beta,20210923,P2H3,1 mM,beta16,beta,G:\My Drive\PhD\CAPTUR3D_personal\00 Progetti\CellTypeRecognition_DeepLearning\input\R64 files\20210923\P2H3\beta\beta16_5.R64,G:\My Drive\PhD\CAPTUR3D_personal\00 Progetti\CellTypeRecognition_DeepLearning\input\numpy files\1893_beta.npy
1894_beta,20210923,P2H3,1 mM,beta16,beta,G:\My Drive\PhD\CAPTUR3D_personal\00 Progetti\CellTypeRecognition_DeepLearning\input\R64 files\20210923\P2H3\beta\beta16_6.R64,G:\My Drive\PhD\CAPTUR3D_personal\00 Progetti\CellTypeRecognition_DeepLearning\input\numpy files\1894_beta.npy
1895_beta,20210923,P2H3,1 mM,beta16,beta,G:\My Drive\PhD\CAPTUR3D_personal\00 Progetti\CellTypeRecognition_DeepLearning\input\R64 files\20210923\P2H3\beta\beta16_7.R64,G:\My Drive\PhD\CAPTUR3D_personal\00 Progetti\CellTypeRecognition_DeepLearning\input\numpy files\1895_beta.npy
1896_beta,20210923,P2H3,1 mM,beta16,beta,G:\My Drive\PhD\CAPTUR3D_personal\00 Progetti\CellTypeRecognition_DeepLearning\input\R64 files\20210923\P2H3\beta\beta16_8.R64,G:\My Drive\PhD\CAPTUR3D_personal\00 Progetti\CellTypeRecognition_DeepLearning\input\numpy files\1896_beta.npy
1897_beta,20210923,P2H3,1 mM,beta16,beta,G:\My Drive\PhD\CAPTUR3D_personal\00 Progetti\CellTypeRecognition_DeepLearning\input\R64 files\20210923\P2H3\beta\beta16_9.R64,G:\My Drive\PhD\CAPTUR3D_personal\00 Progetti\CellTypeRecognition_DeepLearning\input\numpy files\1897_beta.npy
1898_beta,20210923,P2H3,1 mM,beta16,beta,G:\My Drive\PhD\CAPTUR3D_personal\00 Progetti\CellTypeRecognition_DeepLearning\input\R64 files\20210923\P2H3\beta\beta16_10.R64,G:\My Drive\PhD\CAPTUR3D_personal\00 Progetti\CellTypeRecognition_DeepLearning\input\numpy files\1898_beta.npy
1899_beta,20210923,P2H3,1 mM,beta16,beta,G:\My Drive\PhD\CAPTUR3D_personal\00 Progetti\CellTypeRecognition_DeepLearning\input\R64 files\20210923\P2H3\beta\beta16_11.R64,G:\My Drive\PhD\CAPTUR3D_personal\00 Progetti\CellTypeRecognition_DeepLearning\input\numpy files\1899_beta.npy
1900_beta,20210923,P2H3,1 mM,beta16,beta,G:\My Drive\PhD\CAPTUR3D_personal\00 Progetti\CellTypeRecognition_DeepLearning\input\R64 files\20210923\P2H3\beta\beta16_12.R64,G:\My Drive\PhD\CAPTUR3D_personal\00 Progetti\CellTypeRecognition_DeepLearning\input\numpy files\1900_beta.npy
1901_beta,20210923,P2H3,1 mM,beta16,beta,G:\My Drive\PhD\CAPTUR3D_personal\00 Progetti\CellTypeRecognition_DeepLearning\input\R64 files\20210923\P2H3\beta\beta16_13.R64,G:\My Drive\PhD\CAPTUR3D_personal\00 Progetti\CellTypeRecognition_DeepLearning\input\numpy files\1901_beta.npy
1902_beta,20210923,P2H3,1 mM,beta16,beta,G:\My Drive\PhD\CAPTUR3D_personal\00 Progetti\CellTypeRecognition_DeepLearning\input\R64 files\20210923\P2H3\beta\beta16_14.R64,G:\My Drive\PhD\CAPTUR3D_personal\00 Progetti\CellTypeRecognition_DeepLearning\input\numpy files\1902_beta.npy
1903_beta,20210923,P2H3,1 mM,beta16,beta,G:\My Drive\PhD\CAPTUR3D_personal\00 Progetti\CellTypeRecognition_DeepLearning\input\R64 files\20210923\P2H3\beta\beta16_15.R64,G:\My Drive\PhD\CAPTUR3D_personal\00 Progetti\CellTypeRecognition_DeepLearning\input\numpy files\1903_beta.npy
1904_beta,20210923,P2H3,1 mM,beta16,beta,G:\My Drive\PhD\CAPTUR3D_personal\00 Progetti\CellTypeRecognition_DeepLearning\input\R64 files\20210923\P2H3\beta\beta16_16.R64,G:\My Drive\PhD\CAPTUR3D_personal\00 Progetti\CellTypeRecognition_DeepLearning\input\numpy files\1904_beta.npy
1905_beta,20210923,P2H3,1 mM,beta16,beta,G:\My Drive\PhD\CAPTUR3D_personal\00 Progetti\CellTypeRecognition_DeepLearning\input\R64 files\20210923\P2H3\beta\beta16_17.R64,G:\My Drive\PhD\CAPTUR3D_personal\00 Progetti\CellTypeRecognition_DeepLearning\input\numpy files\1905_beta.npy
1906_beta,20210923,P2H3,1 mM,beta16,beta,G:\My Drive\PhD\CAPTUR3D_personal\00 Progetti\CellTypeRecognition_DeepLearning\input\R64 files\20210923\P2H3\beta\beta16_18.R64,G:\My Drive\PhD\CAPTUR3D_personal\00 Progetti\CellTypeRecognition_DeepLearning\input\numpy files\1906_beta.npy
1907_beta,20210923,P2H3,1 mM,beta16,beta,G:\My Drive\PhD\CAPTUR3D_personal\00 Progetti\CellTypeRecognition_DeepLearning\input\R64 files\20210923\P2H3\beta\beta16_19.R64,G:\My Drive\PhD\CAPTUR3D_personal\00 Progetti\CellTypeRecognition_DeepLearning\input\numpy files\1907_beta.npy
1908_beta,20210923,P2H3,1 mM,beta16,beta,G:\My Drive\PhD\CAPTUR3D_personal\00 Progetti\CellTypeRecognition_DeepLearning\input\R64 files\20210923\P2H3\beta\beta16_20.R64,G:\My Drive\PhD\CAPTUR3D_personal\00 Progetti\CellTypeRecognition_DeepLearning\input\numpy files\1908_beta.npy
1909_beta,20210923,P2H3,1 mM,beta16,beta,G:\My Drive\PhD\CAPTUR3D_personal\00 Progetti\CellTypeRecognition_DeepLearning\input\R64 files\20210923\P2H3\beta\beta16_21.R64,G:\My Drive\PhD\CAPTUR3D_personal\00 Progetti\CellTypeRecognition_DeepLearning\input\numpy files\1909_beta.npy
1910_beta,20210923,P2H3,1 mM,beta16,beta,G:\My Drive\PhD\CAPTUR3D_personal\00 Progetti\CellTypeRecognition_DeepLearning\input\R64 files\20210923\P2H3\beta\beta16_22.R64,G:\My Drive\PhD\CAPTUR3D_personal\00 Progetti\CellTypeRecognition_DeepLearning\input\numpy files\1910_beta.npy
1911_beta,20210923,P2H3,1 mM,beta16,beta,G:\My Drive\PhD\CAPTUR3D_personal\00 Progetti\CellTypeRecognition_DeepLearning\input\R64 files\20210923\P2H3\beta\beta16_23.R64,G:\My Drive\PhD\CAPTUR3D_personal\00 Progetti\CellTypeRecognition_DeepLearning\input\numpy files\1911_beta.npy
1912_beta,20210923,P2H3,1 mM,beta16,beta,G:\My Drive\PhD\CAPTUR3D_personal\00 Progetti\CellTypeRecognition_DeepLearning\input\R64 files\20210923\P2H3\beta\beta16_24.R64,G:\My Drive\PhD\CAPTUR3D_personal\00 Progetti\CellTypeRecognition_DeepLearning\input\numpy files\1912_beta.npy
1913_beta,20210923,P2H3,1 mM,beta16,beta,G:\My Drive\PhD\CAPTUR3D_personal\00 Progetti\CellTypeRecognition_DeepLearning\input\R64 files\20210923\P2H3\beta\beta16_25.R64,G:\My Drive\PhD\CAPTUR3D_personal\00 Progetti\CellTypeRecognition_DeepLearning\input\numpy files\1913_beta.npy
1914_beta,20210923,P2H3,1 mM,beta16,beta,G:\My Drive\PhD\CAPTUR3D_personal\00 Progetti\CellTypeRecognition_DeepLearning\input\R64 files\20210923\P2H3\beta\beta16_26.R64,G:\My Drive\PhD\CAPTUR3D_personal\00 Progetti\CellTypeRecognition_DeepLearning\input\numpy files\1914_beta.npy
1915_beta,20210923,P2H3,1 mM,beta16,beta,G:\My Drive\PhD\CAPTUR3D_personal\00 Progetti\CellTypeRecognition_DeepLearning\input\R64 files\20210923\P2H3\beta\beta16_27.R64,G:\My Drive\PhD\CAPTUR3D_personal\00 Progetti\CellTypeRecognition_DeepLearning\input\numpy files\1915_beta.npy
1916_alpha,20210923,P2H3,2 mM,alpha2,alpha,G:\My Drive\PhD\CAPTUR3D_personal\00 Progetti\CellTypeRecognition_DeepLearning\input\R64 files\20210923\P2H3\alpha\alpha2_1.R64,G:\My Drive\PhD\CAPTUR3D_personal\00 Progetti\CellTypeRecognition_DeepLearning\input\numpy files\1916_alpha.npy
1917_alpha,20210923,P2H3,2 mM,alpha2,alpha,G:\My Drive\PhD\CAPTUR3D_personal\00 Progetti\CellTypeRecognition_DeepLearning\input\R64 files\20210923\P2H3\alpha\alpha2_2.R64,G:\My Drive\PhD\CAPTUR3D_personal\00 Progetti\CellTypeRecognition_DeepLearning\input\numpy files\1917_alpha.npy
1918_alpha,20210923,P2H3,2 mM,alpha2,alpha,G:\My Drive\PhD\CAPTUR3D_personal\00 Progetti\CellTypeRecognition_DeepLearning\input\R64 files\20210923\P2H3\alpha\alpha2_3.R64,G:\My Drive\PhD\CAPTUR3D_personal\00 Progetti\CellTypeRecognition_DeepLearning\input\numpy files\1918_alpha.npy
1919_alpha,20210923,P2H3,2 mM,alpha2,alpha,G:\My Drive\PhD\CAPTUR3D_personal\00 Progetti\CellTypeRecognition_DeepLearning\input\R64 files\20210923\P2H3\alpha\alpha2_4.R64,G:\My Drive\PhD\CAPTUR3D_personal\00 Progetti\CellTypeRecognition_DeepLearning\input\numpy files\1919_alpha.npy
1920_alpha,20210923,P2H3,2 mM,alpha2,alpha,G:\My Drive\PhD\CAPTUR3D_personal\00 Progetti\CellTypeRecognition_DeepLearning\input\R64 files\20210923\P2H3\alpha\alpha2_5.R64,G:\My Drive\PhD\CAPTUR3D_personal\00 Progetti\CellTypeRecognition_DeepLearning\input\numpy files\1920_alpha.npy
1921_alpha,20210923,P2H3,2 mM,alpha2,alpha,G:\My Drive\PhD\CAPTUR3D_personal\00 Progetti\CellTypeRecognition_DeepLearning\input\R64 files\20210923\P2H3\alpha\alpha2_6.R64,G:\My Drive\PhD\CAPTUR3D_personal\00 Progetti\CellTypeRecognition_DeepLearning\input\numpy files\1921_alpha.npy
1922_alpha,20210923,P2H3,2 mM,alpha2,alpha,G:\My Drive\PhD\CAPTUR3D_personal\00 Progetti\CellTypeRecognition_DeepLearning\input\R64 files\20210923\P2H3\alpha\alpha2_7.R64,G:\My Drive\PhD\CAPTUR3D_personal\00 Progetti\CellTypeRecognition_DeepLearning\input\numpy files\1922_alpha.npy
1923_alpha,20210923,P2H3,2 mM,alpha2,alpha,G:\My Drive\PhD\CAPTUR3D_personal\00 Progetti\CellTypeRecognition_DeepLearning\input\R64 files\20210923\P2H3\alpha\alpha2_8.R64,G:\My Drive\PhD\CAPTUR3D_personal\00 Progetti\CellTypeRecognition_DeepLearning\input\numpy files\1923_alpha.npy
1924_alpha,20210923,P2H3,1 mM,alpha16,alpha,G:\My Drive\PhD\CAPTUR3D_personal\00 Progetti\CellTypeRecognition_DeepLearning\input\R64 files\20210923\P2H3\alpha\alpha16_1.R64,G:\My Drive\PhD\CAPTUR3D_personal\00 Progetti\CellTypeRecognition_DeepLearning\input\numpy files\1924_alpha.npy
1925_alpha,20210923,P2H3,1 mM,alpha16,alpha,G:\My Drive\PhD\CAPTUR3D_personal\00 Progetti\CellTypeRecognition_DeepLearning\input\R64 files\20210923\P2H3\alpha\alpha16_2.R64,G:\My Drive\PhD\CAPTUR3D_personal\00 Progetti\CellTypeRecognition_DeepLearning\input\numpy files\1925_alpha.npy
1926_alpha,20210923,P2H3,1 mM,alpha16,alpha,G:\My Drive\PhD\CAPTUR3D_personal\00 Progetti\CellTypeRecognition_DeepLearning\input\R64 files\20210923\P2H3\alpha\alpha16_3.R64,G:\My Drive\PhD\CAPTUR3D_personal\00 Progetti\CellTypeRecognition_DeepLearning\input\numpy files\1926_alpha.npy
1927_alpha,20210923,P2H3,1 mM,alpha16,alpha,G:\My Drive\PhD\CAPTUR3D_personal\00 Progetti\CellTypeRecognition_DeepLearning\input\R64 files\20210923\P2H3\alpha\alpha16_4.R64,G:\My Drive\PhD\CAPTUR3D_personal\00 Progetti\CellTypeRecognition_DeepLearning\input\numpy files\1927_alpha.npy
1928_alpha,20210923,P2H3,1 mM,alpha16,alpha,G:\My Drive\PhD\CAPTUR3D_personal\00 Progetti\CellTypeRecognition_DeepLearning\input\R64 files\20210923\P2H3\alpha\alpha16_5.R64,G:\My Drive\PhD\CAPTUR3D_personal\00 Progetti\CellTypeRecognition_DeepLearning\input\numpy files\1928_alpha.npy
1929_alpha,20210923,P2H3,1 mM,alpha16,alpha,G:\My Drive\PhD\CAPTUR3D_personal\00 Progetti\CellTypeRecognition_DeepLearning\input\R64 files\20210923\P2H3\alpha\alpha16_6.R64,G:\My Drive\PhD\CAPTUR3D_personal\00 Progetti\CellTypeRecognition_DeepLearning\input\numpy files\1929_alpha.npy
1930_alpha,20210923,P2H3,1 mM,alpha16,alpha,G:\My Drive\PhD\CAPTUR3D_personal\00 Progetti\CellTypeRecognition_DeepLearning\input\R64 files\20210923\P2H3\alpha\alpha16_7.R64,G:\My Drive\PhD\CAPTUR3D_personal\00 Progetti\CellTypeRecognition_DeepLearning\input\numpy files\1930_alpha.npy
1931_alpha,20210923,P2H3,1 mM,alpha16,alpha,G:\My Drive\PhD\CAPTUR3D_personal\00 Progetti\CellTypeRecognition_DeepLearning\input\R64 files\20210923\P2H3\alpha\alpha16_8.R64,G:\My Drive\PhD\CAPTUR3D_personal\00 Progetti\CellTypeRecognition_DeepLearning\input\numpy files\1931_alpha.npy
